id;idFigurant;idAnalyste;tpsDebutCourse;tpsReaction;tpsDecollagePieds;tpsFinal;methodeSynchroStart;tpsSynchroStart;tpsVol;tpsDepart;couloir;ordreRelais;analyseTerminee;dateAnalyse;HeureAnalyse;commentaire;importSwimwatch;horsNormes;dateDerniereRevision;idAnalysteRevision;rang;estunrelais
201;214;1;15,8;0,69;0,69;51,45;1;16,49;1,07;-1;2;-1;-1;20210709;-1;;;0;20210713;1;7;0
209;208;1;13,83;0,57;0,57;52,9;1;14,4;0,68;-1;2;-1;-1;20210709;-1;;;0;20210713;1;2;0
208;207;1;15,67;0,64;0,64;53,02;1;16,31;0,68;-1;1;-1;-1;20210709;-1;;;0;20210713;1;6;0
207;220;1;9,67;0,67;0,67;51,39;1;10,34;0,96;-1;8;-1;-1;20210709;-1;;;0;20210713;1;5;0
206;219;1;17,94;0,65;0,65;51,86;1;18,59;0,99;-1;7;-1;-1;20210709;-1;;;0;20210713;1;8;0
205;218;1;17,37;0,66;0,66;51,11;1;18,03;1,03;-1;6;-1;-1;20210709;-1;;;0;20210713;1;4;0
204;217;1;7,21;0,64;0,64;50,99;1;7,85;0,95;-1;5;-1;-1;20210709;-1;;;0;20210713;1;3;0
229;272;1;5,35;0,76;0,76;116,33;1;6,11;1,04;-1;8;-1;-1;20210709;-1;;;0;20210718;1;7;0
202;215;1;9,29;0,66;0,66;50,93;1;9,95;1,02;-1;3;-1;-1;20210709;-1;;;0;20210713;1;2;0
212;211;1;16,89;0,54;0,54;53,51;1;17,43;0,74;-1;7;-1;-1;20210709;-1;;;0;20210713;1;8;0
200;213;1;18,83;0,64;0,64;51,43;1;19,47;0,98;-1;1;-1;-1;20210709;-1;;;0;20210713;1;6;0
199;182;1;8,39;0,66;0,66;48,3;1;9,05;0,99;-1;8;-1;-1;20210707;-1;;;0;20210707;1;7;0
198;181;1;15,56;0,55;0,55;48,47;1;16,11;0,9;-1;7;-1;-1;20210707;-1;;;0;20210707;1;8;0
197;180;1;14,24;0,61;0,61;47,84;1;14,85;0,95;-1;6;-1;-1;20210707;-1;;;0;20210707;1;4;0
196;179;1;9,25;0,63;0,63;47,74;1;9,88;0,99;-1;5;-1;-1;20210707;-1;;;0;20210707;1;3;0
195;178;1;15,23;0,7;0,7;47,45;1;15,93;1,04;-1;4;-1;-1;20210707;-1;;;0;20210707;1;2;0
194;177;1;9,1;0,63;0,63;47,37;1;9,73;0,95;-1;3;-1;-1;20210707;-1;;;0;20210707;1;1;0
203;216;1;15,52;0,67;0,67;50,18;1;16,19;0,99;-1;4;-1;-1;20210709;-1;;;0;20210713;1;1;0
219;204;1;12,49;0,64;0,64;58,58;1;13,13;0,92;-1;6;-1;-1;20210709;-1;;;0;20210709;1;3;0
153;158;1;14,24;0,63;0,63;30,19;1;14,87;0,93;-1;6;-1;-1;20210603;-1;;;0;20210604;1;2;0
227;270;1;16,53;0,66;0,66;114,5;1;17,19;1,03;-1;6;-1;-1;20210709;-1;;;0;20210718;1;4;0
226;269;1;16,01;0,67;0,67;111,1;1;16,68;0,96;-1;5;-1;-1;20210709;-1;;;0;20210718;1;1;0
225;268;1;13,93;0,7;0,7;114,43;1;14,63;1,05;-1;4;-1;-1;20210709;-1;;;0;20210718;1;3;0
224;267;1;5,47;0,68;0,68;114,28;1;6,15;0,94;-1;3;-1;-1;20210709;-1;;;0;20210718;1;2;0
223;266;1;14,65;0,74;0,74;115,18;1;15,39;1,12;-1;2;-1;-1;20210709;-1;;;0;20210718;1;5;0
222;265;1;18,06;0,67;0,67;115,69;1;18,73;0,95;-1;1;-1;-1;20210709;-1;;;0;20210718;1;6;0
210;209;1;10,09;0,58;0,58;52,88;1;10,67;0,66;-1;3;-1;-1;20210709;-1;;;0;20210713;1;1;0
220;205;1;13,33;0,62;0,62;58,75;1;13,95;0,96;-1;7;-1;-1;20210709;-1;;;0;20210709;1;4;0
211;210;1;14,74;0,59;0,59;52,97;1;15,33;0,68;-1;4;-1;-1;20210709;-1;;;0;20210713;1;3;0
218;203;1;12,19;0,64;0,64;58,94;1;12,83;1;-1;5;-1;-1;20210709;-1;;;0;20210709;1;5;0
217;202;1;12,48;0,62;0,62;57,66;1;13,1;0,97;-1;4;-1;-1;20210709;-1;;;0;20210709;1;1;0
216;201;1;4,68;0,63;0,63;58,1;1;5,31;1,05;-1;3;-1;-1;20210709;-1;;;0;20210709;1;2;0
215;200;1;12,59;0,76;0,76;59,5;1;13,35;1,08;-1;2;-1;-1;20210709;-1;;;0;20210709;1;7;0
214;199;1;17,37;0,62;0,62;59,52;1;17,99;0,98;-1;1;-1;-1;20210709;-1;;;0;20210709;1;8;0
213;212;1;6,74;0,55;0,55;53,34;1;7,29;0,63;-1;8;-1;-1;20210709;-1;;;0;20210713;1;7;0
191;174;1;14,46;0,67;0,67;53,43;1;15,13;0,97;-1;7;-1;-1;20210707;-1;;;0;20210707;1;3;0
221;206;1;3,26;0,66;0,66;59,31;1;3,92;1,02;-1;8;-1;-1;20210709;-1;;;0;20210709;1;6;0
162;135;1;19,16;0,61;0,61;23;1;19,77;0,95;-1;6;-1;-1;20210603;-1;;;0;20210604;1;1;0
193;176;1;7,05;0,68;0,68;48,08;1;7,73;0,98;-1;1;-1;-1;20210707;-1;;;0;20210707;1;6;0
170;196;1;20,07;0,56;0,56;28,16;1;20,63;0,76;-1;7;-1;-1;20210706;-1;;;0;20210706;1;7;0
169;195;1;19,35;0,58;0,58;27,74;1;19,93;0,68;-1;6;-1;-1;20210706;-1;;;0;20210706;1;3;0
168;194;1;20,76;0,59;0,59;27,36;1;21,35;0,69;-1;5;-1;-1;20210706;-1;;;0;20210706;1;1;0
167;193;1;15,1;0,59;0,59;27,46;1;15,69;0,67;-1;4;-1;-1;20210706;-1;;;0;20210706;1;2;0
166;192;1;11,1;0,65;0,65;27,9;1;11,75;0,71;-1;3;-1;-1;20210706;-1;;;0;20210706;1;5;0
165;190;1;13,7;0,57;0,57;27,85;1;14,27;0,64;-1;1;-1;-1;20210706;-1;;;0;20210706;1;4;0
172;198;1;9,22;0,61;0,61;21,92;1;9,83;0,97;-1;1;-1;-1;20210706;-1;;;0;20210706;1;8;0
163;134;1;15,4;0,63;0,63;23,14;1;16,03;0,99;-1;7;-1;-1;20210603;-1;;;0;20210604;1;5;0
173;164;1;16,49;0,58;0,58;21,69;1;17,07;0,94;-1;2;-1;-1;20210706;-1;;;0;20210706;1;2;0
161;136;1;21,85;0,66;0,66;23,08;1;22,51;0,92;-1;5;-1;-1;20210603;-1;;;0;20210604;1;3;0
160;137;1;13,53;0,6;0,6;23,01;1;14,13;0,98;-1;4;-1;-1;20210603;-1;;;0;20210604;1;2;0
159;138;1;10,64;0,63;0,63;23,18;1;11,27;1,01;-1;3;-1;-1;20210603;-1;;;0;20210604;1;6;0
158;139;1;14,25;0,68;0,68;23,56;1;14,93;0,98;-1;2;-1;-1;20210603;-1;;;0;20210604;1;8;0
156;140;1;21,29;0,62;0,62;23,54;1;21,91;0,98;-1;1;-1;-1;20210603;-1;;;0;20210604;1;7;0
155;156;1;6,26;0,71;0,71;30,77;1;6,97;1,02;-1;8;-1;-1;20210603;-1;;;0;20210604;1;8;0
306;305;1;3,8;0,69;0,69;57,08;1;4,49;0,97;-1;3;-1;-1;20210724;-1;;;0;20210724;1;2;0
164;133;1;2,5;0,73;0,73;23,09;1;3,23;1,09;-1;8;-1;-1;20210603;-1;;;0;20210604;1;4;0
182;187;1;9,48;0,63;0,63;57,37;1;10,11;0,9;-1;6;-1;-1;20210706;-1;;;0;20210706;1;1;0
230;244;1;12,44;0,62;0,62;118,56;1;13,06;0,73;-1;1;-1;-1;20210709;-1;;;0;20210716;1;7;0
190;173;1;14,56;0,62;0,62;53,74;1;15,18;0,89;-1;6;-1;-1;20210707;-1;;;0;20210707;1;7;0
189;172;1;3,19;0,72;0,72;53,05;1;3,91;0,92;-1;5;-1;-1;20210707;-1;;;0;20210707;1;1;0
188;171;1;8,87;0,68;0,68;53,44;1;9,55;0,94;-1;3;-1;-1;20210707;-1;;;0;20210707;1;4;0
187;170;1;5,89;0,72;0,72;53,69;1;6,61;0,96;-1;2;-1;-1;20210707;-1;;;0;20210707;1;6;0
186;169;1;29,11;0,72;0,72;53,56;1;29,83;0,98;-1;1;-1;-1;20210707;-1;;;0;20210707;1;5;0
185;184;1;4,98;0,79;0,79;58,21;1;5,77;1,04;-1;2;-1;-1;20210706;-1;;;0;20210706;1;7;0
171;197;1;5,52;0,59;0,59;28,01;1;6,11;0,73;-1;8;-1;-1;20210706;-1;;;0;20210706;1;6;0
183;188;1;13,64;0,65;0,65;58,05;1;14,29;0,88;-1;7;-1;-1;20210706;-1;;;0;20210706;1;5;0
192;175;1;4,37;0,68;0,68;54,15;1;5,05;1,02;-1;8;-1;-1;20210707;-1;;;0;20210707;1;8;0
181;186;1;11,26;0,69;0,69;57,56;1;11,95;0,95;-1;4;-1;-1;20210706;-1;;;0;20210706;1;3;0
180;185;1;5,86;0,69;0,69;57,65;1;6,55;0,95;-1;3;-1;-1;20210706;-1;;;0;20210706;1;4;0
178;183;1;25,48;0,64;0,64;58,1;1;26,12;0,93;-1;1;-1;-1;20210706;-1;;;0;20210706;1;6;0
177;168;1;17,19;0,68;0,68;22,19;1;17,87;0,97;-1;7;-1;-1;20210706;-1;;;0;20210706;1;8;0
176;167;1;15,93;0,62;0,62;21,8;1;16,55;1,02;-1;6;-1;-1;20210706;-1;;;0;20210706;1;4;0
175;166;1;16,96;0,65;0,65;21,73;1;17,61;0,97;-1;4;-1;-1;20210706;-1;;;0;20210706;1;3;0
174;165;1;11,55;0,64;0,64;21,61;1;12,19;0,92;-1;3;-1;-1;20210706;-1;;;0;20210706;1;1;0
184;189;1;5,52;0,71;0,71;58,41;1;6,23;1,01;-1;8;-1;-1;20210706;-1;;;0;20210706;1;8;0
276;275;1;0;0,76;0,76;276,81;1;-1;-1;-1;3;-1;-1;20210718;-1;;;0;20210718;1;2;0
284;283;1;19,4;0,66;0,66;251,56;1;20,06;0,97;-1;3;-1;-1;20210718;-1;;;0;20210720;1;3;0
283;282;1;17,95;0,74;0,74;251,17;1;18,69;1,06;-1;2;-1;-1;20210718;-1;;;0;20210719;1;2;0
282;281;1;24,37;0,68;0,68;252,79;1;25,05;0,92;-1;1;-1;-1;20210718;-1;;;0;20210719;1;5;0
281;280;1;0;0,74;0,74;280,74;1;-1;-1;-1;8;-1;-1;20210718;-1;;;0;20210718;1;5;0
280;279;1;0;0,7;0,7;286,03;1;-1;-1;-1;7;-1;-1;20210718;-1;;;0;20210718;1;8;0
279;278;1;0;0,7;0,7;278,08;1;-1;-1;-1;6;-1;-1;20210718;-1;;;0;20210718;1;4;0
228;271;1;16,41;0,65;0,65;116,69;1;17,06;0,97;-1;7;-1;-1;20210709;-1;;;0;20210718;1;8;0
277;276;1;0;0,67;0,67;274,76;1;-1;-1;-1;4;-1;-1;20210718;-1;;;0;20210718;1;1;0
288;287;1;20,51;0,72;0,72;250,02;1;21,23;1;-1;7;-1;-1;20210718;-1;;;0;20210721;1;1;0
275;274;1;0;0,69;0,69;280,84;1;-1;-1;-1;2;-1;-1;20210718;-1;;;0;20210718;1;6;0
274;273;1;0;0,77;0,77;285,61;1;-1;-1;-1;1;-1;-1;20210718;-1;;;0;20210718;1;7;0
273;235;1;4,02;0,63;0,63;118,35;1;4,65;0,97;-1;8;-1;-1;20210718;-1;;;0;20210718;1;7;0
272;234;1;16,49;0,61;0,61;118,52;1;17,1;0,92;-1;7;-1;-1;20210718;-1;;;0;20210718;1;8;0
271;233;1;15,88;0,63;0,63;118,18;1;16,51;1,01;-1;6;-1;-1;20210718;-1;;;0;20210718;1;6;0
270;232;1;10,34;0,64;0,64;117,25;1;10,98;0,93;-1;5;-1;-1;20210718;-1;;;0;20210718;1;3;0
269;231;1;13,3;0,57;0,57;118,12;1;13,87;0,93;-1;4;-1;-1;20210718;-1;;;0;20210718;1;5;0
278;277;1;0;0,79;0,79;276,81;1;-1;-1;-1;5;-1;-1;20210718;-1;;;0;20210718;1;2;0
304;284;1;20,17;0,8;0,8;252,15;1;20,97;1,1;-1;4;-1;-1;20210720;-1;;;0;20210720;1;4;0
1;2;1;7,24;0,59;0,59;24,89;1;7,83;0,95;-1;3;-1;-1;20210517;-1;;;0;20210517;1;3;0
303;301;1;11,59;0,66;0,66;48,3;1;12,25;1;-1;5;-1;-1;20210720;-1;;;0;20210720;1;1;0
302;300;1;6,47;0,65;0,65;48,28;1;7,12;0,98;-1;3;-1;-1;20210720;-1;;;0;20210720;1;4;0
301;299;1;7,6;0,67;0,67;47,56;1;8,27;0,99;-1;4;1;-1;20210719;-1;;;0;20210719;1;2;1
300;298;1;6,69;0,74;0,74;48,32;1;7,43;1,12;-1;3;1;-1;20210719;-1;;;0;20210719;1;1;1
299;295;1;12,85;0,66;0,66;105,95;1;13,51;1;-1;4;-1;-1;20210719;-1;;;0;20210719;1;1;0
298;294;1;7,56;0,64;0,64;105,26;1;8,2;0,95;-1;5;-1;-1;20210719;-1;;;0;20210719;1;1;0
286;285;1;21,73;0,74;0,74;254,33;1;22,47;1,08;-1;5;-1;-1;20210718;-1;;;0;20210720;1;6;0
296;290;1;13,16;0,68;0,68;47,3;1;13,84;1,01;-1;4;-1;-1;20210719;-1;;;0;20210719;1;1;0
287;286;1;17,61;0,64;0,64;256,75;1;18,25;0,97;-1;6;-1;-1;20210718;-1;;;0;20210721;1;7;0
295;289;1;7,29;0,7;0,7;48,08;1;7,99;1,06;-1;4;-1;-1;20210719;-1;;;0;20210719;1;1;0
294;293;1;9,37;0,68;0,68;49,5;1;10,05;1,02;-1;4;-1;-1;20210719;-1;;;0;20210719;1;1;0
293;292;1;11,95;0,66;0,66;22,22;1;12,61;0,98;-1;4;-1;-1;20210719;-1;;;0;20210719;1;1;0
292;291;1;9,84;0,69;0,69;22,75;1;10,53;1,03;-1;4;-1;-1;20210719;-1;;;0;20210719;1;1;0
291;297;1;10,91;0,7;0,7;22,37;1;11,61;1,04;-1;4;-1;-1;20210719;-1;;;0;20210719;1;1;0
289;288;1;0;0,67;0,67;257,06;1;-1;-1;-1;8;-1;-1;20210718;-1;;;0;20210719;1;8;0
266;228;1;22,79;0,72;0,72;118,04;1;23,51;1,03;-1;1;-1;-1;20210718;-1;;;0;20210718;1;4;0
297;296;1;9,46;0,69;0,69;110,01;1;10,15;1,01;-1;4;-1;-1;20210719;-1;;;0;20210719;1;1;0
238;238;1;4,71;0,66;0,66;128,48;1;5,37;0,9;-1;3;-1;-1;20210709;-1;;;0;20210714;1;4;0
268;230;1;15,39;0,64;0,64;116,95;1;16,03;1;-1;3;-1;-1;20210718;-1;;;0;20210718;1;2;0
246;252;1;11,26;0,73;0,73;116,29;1;11,99;0,97;-1;3;-1;-1;20210709;-1;;;0;20210715;1;2;0
245;251;1;13,34;0,76;0,76;118,78;1;14,1;1,01;-1;2;-1;-1;20210709;-1;;;0;20210715;1;7;0
244;250;1;5,29;0,68;0,68;118,48;1;5,97;1,05;-1;1;-1;-1;20210709;-1;;;0;20210715;1;5;0
243;243;1;7,93;0,68;0,68;129,73;1;8,61;0,96;-1;8;-1;-1;20210709;-1;;;0;20210714;1;7;0
242;242;1;13,05;0,6;0,6;129,23;1;13,65;0,96;-1;7;-1;-1;20210709;-1;;;0;20210714;1;6;0
241;241;1;8,29;0,62;0,62;127,35;1;8,91;1,06;-1;6;-1;-1;20210709;-1;;;0;20210714;1;2;0
248;254;1;10,29;0,72;0,72;116,42;1;11,01;0,96;-1;6;-1;-1;20210709;-1;;;0;20210715;1;3;0
239;239;1;11,15;0,66;0,66;127,66;1;11,81;1;-1;4;-1;-1;20210709;-1;;;0;20210714;1;3;0
249;255;1;15,73;0,72;0,72;118,76;1;16,45;0,98;-1;7;-1;-1;20210709;-1;;;0;20210715;1;6;0
237;237;1;9,35;0,78;0,78;128,58;1;10,13;1,12;-1;2;-1;-1;20210709;-1;;;0;20210714;1;5;0
236;236;1;20,61;0,68;0,68;130,34;1;21,29;1;-1;1;-1;-1;20210709;-1;;;0;20210714;1;8;0
235;249;1;8,01;0,66;0,66;117,05;1;8,67;0,78;-1;8;-1;-1;20210709;-1;;;0;20210716;1;6;0
234;248;1;20,93;0,52;0,52;116,33;1;21,45;0,62;-1;6;-1;-1;20210709;-1;;;0;20210716;1;3;0
233;247;1;24,54;0,53;0,53;114,46;1;25,07;0,76;-1;5;-1;-1;20210709;-1;;;0;20210716;1;1;0
232;246;1;13,33;0,58;0,58;114,62;1;13,91;0,71;-1;4;-1;-1;20210709;-1;;;0;20210716;1;2;0
231;245;1;10,55;0,67;0,67;116,67;1;11,22;0,73;-1;3;-1;-1;20210709;-1;;;0;20210716;1;5;0
240;240;1;9,21;0,6;0,6;126,99;1;9,81;0,96;-1;5;-1;-1;20210709;-1;;;0;20210714;1;1;0
257;263;1;17,63;0,66;0,66;107,34;1;18,29;1,04;-1;7;-1;-1;20210709;-1;;;0;20210716;1;7;0
152;159;1;15,6;0,68;0,68;30,22;1;16,28;1,05;-1;5;-1;-1;20210603;-1;;;0;20210604;1;3;0
265;227;1;5,47;0,72;0,72;132,42;1;6,19;1;-1;8;-1;-1;20210718;-1;;;0;20210718;1;7;0
264;226;1;14,15;0,72;0,72;130,65;1;14,87;0,98;-1;7;-1;-1;20210718;-1;;;0;20210718;1;4;0
263;225;1;6,74;0,63;0,63;130,76;1;7,37;0,98;-1;6;-1;-1;20210718;-1;;;0;20210718;1;4;0
262;224;1;14,8;0,68;0,68;130,12;1;15,48;1,03;-1;5;-1;-1;20210718;-1;;;0;20210718;1;3;0
261;223;1;14,32;0,71;0,71;129,99;1;15,03;1,07;-1;4;-1;-1;20210718;-1;;;0;20210718;1;1;0
260;222;1;4,52;0,71;0,71;131,7;1;5,23;1,01;-1;3;-1;-1;20210718;-1;;;0;20210718;1;6;0
247;253;1;14,45;0,63;0,63;116,27;1;15,08;0,94;-1;4;-1;-1;20210709;-1;;;0;20210715;1;1;0
258;264;1;10,45;0,64;0,64;107,66;1;11,09;0,98;-1;8;-1;-1;20210709;-1;;;0;20210716;1;8;0
267;229;1;7,72;0,69;0,69;116,76;1;8,41;1,07;-1;2;-1;-1;20210718;-1;;;0;20210718;1;1;0
256;262;1;17,26;0,66;0,66;105,72;1;17,92;0,87;-1;6;-1;-1;20210709;-1;;;0;20210716;1;4;0
255;261;1;19,46;0,68;0,68;105,19;1;20,14;1,03;-1;5;-1;-1;20210709;-1;;;0;20210716;1;2;0
254;260;1;16,15;0,7;0,7;104,79;1;16,85;1,08;-1;4;-1;-1;20210709;-1;;;0;20210716;1;1;0
253;259;1;14,69;0,68;0,68;105,34;1;15,37;0,98;-1;3;-1;-1;20210709;-1;;;0;20210716;1;3;0
252;258;1;14,74;0,73;0,73;106,1;1;15,47;1,07;-1;2;-1;-1;20210709;-1;;;0;20210716;1;6;0
251;257;1;8,74;0,67;0,67;105,74;1;9,41;0,95;-1;1;-1;-1;20210709;-1;;;0;20210716;1;5;0
250;256;1;1,72;0,69;0,69;119,36;1;2,41;0,99;-1;8;-1;-1;20210709;-1;;;0;20210715;1;8;0
259;221;1;12,45;0,68;0,68;130,03;1;13,13;0,92;-1;2;-1;-1;20210718;-1;;;0;20210718;1;2;0
47;47;1;341,4;0,13;0,13;106,49;1;341,53;0,54;-1;6;4;-1;20210519;-1;;;0;20210519;1;4;1
56;59;1;176,56;0,27;0,27;54,95;1;176,83;0,59;-1;4;4;-1;20210520;-1;;;0;20210520;1;3;1
55;58;1;118,71;0,24;0,24;57,83;1;118,95;0,53;-1;4;3;-1;20210520;-1;;;0;20210520;1;3;1
54;57;1;58,74;0,09;0,09;59,97;1;58,83;0,43;-1;4;2;-1;20210520;-1;;;0;20210520;1;3;1
53;56;1;4,99;0,68;0,68;53,64;1;5,67;0,74;-1;4;1;-1;20210520;-1;;;0;20210520;1;3;1
52;55;1;18,13;0,68;0,68;23,54;1;18,81;1,12;-1;1;-1;-1;20210520;-1;;;0;20210520;1;5;0
50;53;1;13,36;0,63;0,63;23,41;1;13,99;0,97;-1;6;-1;-1;20210520;-1;;;0;20210520;1;2;0
76;77;1;11,21;0,68;0,68;473,07;1;11,89;1,08;-1;5;-1;-1;20210521;-1;;;0;20210521;1;1;0
48;50;1;0,15;0,65;0,65;107,44;1;0,8;0,96;-1;8;-1;-1;20210520;-1;;;0;20210520;1;3;0
59;60;1;19,31;0,68;0,68;52,97;1;19,99;0,74;-1;6;-1;-1;20210520;-1;;;0;20210520;1;3;0
46;46;1;234,39;0,32;0,32;106,96;1;234,71;0,63;-1;6;0;-1;20210519;-1;;;0;20210519;1;4;1
45;45;1;127,57;0,14;0,14;106,88;1;127,71;0,58;-1;6;2;-1;20210519;-1;;;0;20210519;1;4;1
44;44;1;20,65;0,64;0,64;106,91;1;21,29;0,96;-1;6;1;-1;20210519;-1;;;0;20210519;1;4;1
43;43;1;14,25;0,7;0,7;117,3;1;14,95;0,96;-1;4;-1;-1;20210519;-1;;;0;20210519;1;1;0
42;42;1;15,79;0,61;0,61;52,86;1;16,4;0,7;-1;6;-1;-1;20210519;-1;;;0;20210519;1;1;0
41;41;1;16,62;0,71;0,71;53,01;1;17,33;0,77;-1;4;-1;-1;20210519;-1;;;0;20210519;1;2;0
40;40;1;15,33;0,7;0,7;47,9;1;16,03;1,04;-1;2;-1;-1;20210519;-1;;;0;20210519;1;5;0
49;48;1;9,77;0,68;0,68;107,84;1;10,45;1;-1;0;-1;-1;20210520;-1;;;0;20210520;1;6;0
66;67;1;4,69;0,67;0,67;54,07;1;5,36;0,94;-1;5;-1;-1;20210521;-1;;;0;20210521;1;2;0
154;157;1;12,79;0,7;0,7;30,31;1;13,49;1,04;-1;7;-1;-1;20210603;-1;;;0;20210604;1;5;0
74;75;1;246,94;0,56;0,56;121,92;1;247,5;0,85;-1;5;3;-1;20210521;-1;;;0;20210521;1;3;1
73;74;1;126,83;0,56;0,56;120,04;1;127,39;0,78;-1;5;2;-1;20210521;-1;;;0;20210521;1;3;1
72;73;1;5,04;0,69;0,69;121,86;1;5,73;0,97;-1;5;1;-1;20210521;-1;;;0;20210521;1;3;1
71;72;1;16,08;0,65;0,65;120,63;1;16,73;0,73;-1;7;-1;-1;20210521;-1;;;0;20210521;1;8;0
70;71;1;8,52;0,65;0,65;117,7;1;9,17;0,72;-1;4;-1;-1;20210521;-1;;;0;20210521;1;3;0
69;70;1;11,16;0,59;0,59;116,42;1;11,75;0,71;-1;1;-1;-1;20210521;-1;;;0;20210521;1;1;0
57;51;1;3,43;0,7;0,7;108,47;1;4,13;1,06;-1;4;-1;-1;20210520;-1;;;0;20210520;1;3;0
67;68;1;17,37;0,67;0,67;27,95;1;18,04;1;-1;1;-1;-1;20210521;-1;;;0;20210521;1;6;0
58;49;1;13,28;0,65;0,65;110,41;1;13,93;1,03;-1;7;-1;-1;20210520;-1;;;0;20210520;1;9;0
65;66;1;14,51;0,7;0,7;116,55;1;15,21;0,95;-1;5;-1;-1;20210520;-1;;;0;20210520;1;4;0
64;62;1;17,75;0,68;0,68;108,07;1;18,43;1;-1;0;-1;-1;20210520;-1;;;0;20210520;1;8;0
63;63;1;9,01;0,64;0,64;107,6;1;9,65;1,01;-1;6;-1;-1;20210520;-1;;;0;20210520;1;7;0
62;64;1;4,45;0,66;0,66;23,39;1;5,11;1,01;-1;3;-1;-1;20210520;-1;;;0;20210520;1;5;0
61;65;1;18,74;0,65;0,65;23,41;1;19,39;1,08;-1;1;-1;-1;20210520;-1;;;0;20210520;1;5;0
60;61;1;21,35;0,6;0,6;53;1;21,95;0,68;-1;5;-1;-1;20210520;-1;;;0;20210520;1;5;0
37;38;1;3;0,64;0,64;120,99;1;3,64;0,91;-1;0;-1;-1;20210519;-1;;;0;20210519;1;7;0
68;69;1;9,6;0,69;0,69;132,35;1;10,29;0,97;-1;2;-1;-1;20210521;-1;;;0;20210521;1;1;0
9;5;1;14,24;0,69;0,69;61,4;1;14,93;1,08;-1;7;-1;-1;20210517;-1;;;0;20210517;1;10;0
39;39;1;7,24;0,66;0,66;132,82;1;7,9;0,99;-1;8;-1;-1;20210519;-1;;;0;20210519;1;8;0
17;17;1;64,82;0,21;0,21;53,36;1;65,03;0,53;-1;6;2;-1;20210517;-1;;;0;20210517;1;3;1
16;16;1;10,83;0,68;0,68;53,97;1;11,51;0,96;-1;6;1;-1;20210517;-1;;;0;20210517;1;3;1
15;15;1;10,39;0,7;0,7;57,48;1;11,09;0,96;-1;4;-1;-1;20210517;-1;;;0;20210517;1;1;0
14;14;1;9,09;0,62;0,62;25,11;1;9,71;0,69;-1;3;-1;-1;20210517;-1;;;0;20210517;1;3;0
13;13;1;19,99;0,58;0,58;25,08;1;20,57;0,94;-1;2;-1;-1;20210517;-1;;;0;20210517;1;7;0
12;12;1;0,8;0,69;0,69;24,23;1;1,49;0,77;-1;4;-1;-1;20210517;-1;;;0;20210517;1;1;0
19;18;1;172,45;0,19;0,19;54,34;1;172,64;0,52;-1;6;4;-1;20210517;-1;;;0;20210517;1;3;1
10;6;1;17,73;0,72;0,72;61,43;1;18,45;1,12;-1;2;-1;-1;20210517;-1;;;0;20210517;1;5;0
20;21;1;12,86;0,69;0,69;48,36;1;13,55;1,01;-1;2;-1;-1;20210518;-1;;;0;20210518;1;4;0
8;11;1;178,45;0,26;0,26;55,07;1;178,71;0,66;-1;2;4;-1;20210517;-1;;;0;20210517;1;2;0
7;8;1;123,73;0,28;0,28;54,74;1;124,01;0,66;-1;2;3;-1;20210517;-1;;;0;20210517;1;2;1
6;10;1;68,24;0,49;0,49;55,51;1;68,73;0,73;-1;2;2;-1;20210517;-1;;;0;20210517;1;2;1
5;9;1;14,28;0,77;0,77;53,93;1;15,05;1,03;-1;2;1;-1;20210517;-1;;;0;20210517;1;2;1
4;7;1;7,5;0,69;0,69;57,69;1;8,19;0,99;-1;4;-1;-1;20210517;-1;;;0;20210517;1;1;0
3;4;1;16,25;0,6;0,6;25,93;1;16,85;0,7;-1;0;-1;-1;20210517;-1;;;0;20210517;1;10;0
2;3;1;9,79;0,62;0,62;24,96;1;10,41;0,68;-1;3;-1;-1;20210517;-1;;;0;20210517;1;2;0
11;1;1;23,93;0,7;0,7;230,48;1;24,63;1,04;-1;1;-1;-1;20210517;-1;;;0;20210517;1;5;0
28;28;1;7,06;0,71;0,71;122,29;1;7,77;1,1;-1;8;-1;-1;20210519;-1;;;0;20210519;1;8;0
77;78;1;24,48;0,59;0,59;116,63;1;25,07;0,71;-1;5;-1;-1;20210521;-1;;;0;20210521;1;3;0
36;36;1;334;0,33;0,33;106,34;1;334,33;0,73;-1;5;4;-1;20210519;-1;;;0;20210519;1;2;1
35;35;1;225,03;0;0;108,97;1;225,03;0,42;-1;5;3;-1;20210519;-1;;;0;20210519;1;2;1
34;34;1;118,17;0,08;0,08;106,87;1;118,25;0,48;-1;5;2;-1;20210519;-1;;;0;20210519;1;2;1
33;33;1;9,91;0,66;0,66;108,26;1;10,57;1;-1;5;1;-1;20210519;-1;;;0;20210519;1;2;1
32;31;1;13,25;0,62;0,62;54,9;1;13,87;0,74;-1;0;-1;-1;20210519;-1;;;0;20210519;1;9;0
31;29;1;7,57;0,68;0,68;118,33;1;8,25;0,94;-1;4;-1;-1;20210519;-1;;;0;20210519;1;1;0
18;19;1;118,18;0,03;0,03;54,25;1;118,21;0,47;-1;6;3;-1;20210517;-1;;;0;20210517;1;3;1
29;30;1;12,61;0,72;0,72;53,24;1;13,33;0,78;-1;5;-1;-1;20210519;-1;;;0;20210519;1;2;0
38;37;1;5,47;0,68;0,68;133,4;1;6,15;1,02;-1;8;-1;-1;20210519;-1;;;0;20210519;1;7;0
27;27;1;7,1;0,65;0,65;117,77;1;7,75;0,97;-1;6;-1;-1;20210518;-1;;;0;20210518;1;7;0
26;26;1;11,83;0,7;0,7;57,37;1;12,53;1,01;-1;5;-1;-1;20210518;-1;;;0;20210518;1;1;0
25;25;1;3,32;0,64;0,64;48,09;1;3,96;0,99;-1;3;-1;-1;20210518;-1;;;0;20210518;1;2;0
24;24;1;12,92;0,69;0,69;896,09;1;13,61;1,01;-1;7;-1;-1;20210518;-1;;;0;20210518;1;2;0
23;23;1;10,95;0,65;0,65;116,33;1;11,6;0,96;-1;6;-1;-1;20210518;-1;;;0;20210518;1;2;0
22;22;1;18,56;0,73;0,73;49,04;1;19,29;1,05;-1;2;-1;-1;20210518;-1;;;0;20210518;1;3;0
21;20;1;13,81;0,59;0,59;49,35;1;14,4;1;-1;6;-1;-1;20210518;-1;;;0;20210518;1;5;0
30;32;1;9,5;0,57;0,57;53,46;1;10,07;0,67;-1;5;-1;-1;20210519;-1;;;0;20210519;1;2;0
124;125;1;25,24;0,67;0,67;24,51;1;25,91;0,97;-1;1;-1;-1;20210528;-1;;;0;20210603;1;6;0
132;121;1;11,09;0,57;0,57;24,59;1;11,66;0,62;-1;5;-1;-1;20210528;-1;;;0;20210528;1;4;0
131;132;1;5,79;0,62;0,62;24,67;1;6,41;1;-1;8;-1;-1;20210528;-1;;;0;20210603;1;8;0
130;131;1;13,59;0,68;0,68;24,65;1;14,27;1,02;-1;7;-1;-1;20210528;-1;;;0;20210603;1;7;0
129;130;1;9,9;0,65;0,65;24,29;1;10,55;0,95;-1;6;-1;-1;20210528;-1;;;0;20210706;1;4;0
128;129;1;12,49;0,64;0,64;23,97;1;13,13;0,88;-1;5;-1;-1;20210528;-1;;;0;20210603;1;1;0
127;128;1;12,97;0,64;0,64;24,17;1;13,61;1,02;-1;4;-1;-1;20210528;-1;;;0;20210603;1;2;0
75;76;1;368,84;0,21;0,21;119,54;1;369,05;0,49;-1;5;4;-1;20210521;-1;;;0;20210521;1;3;1
125;126;1;11,78;0,7;0,7;24,32;1;12,48;0,92;-1;2;-1;-1;20210528;-1;;;0;20210706;1;5;0
135;145;1;14,79;0,64;0,64;25,3;1;15,43;0,84;-1;3;-1;-1;20210603;-1;;;0;20210603;1;1;0
123;124;1;5,17;0,62;0,62;24,92;1;5,79;0,78;-1;8;-1;-1;20210528;-1;;;0;20210528;1;8;0
122;123;1;19,92;0,47;0,47;24,92;1;20,39;0,69;-1;7;-1;-1;20210528;-1;;;0;20210528;1;7;0
121;122;1;15,46;0,53;0,53;24,47;1;15,99;0,67;-1;6;-1;-1;20210528;-1;;;0;20210528;1;3;0
119;120;1;14,34;0,69;0,69;23,8;1;15,03;0,77;-1;4;-1;-1;20210528;-1;;;0;20210528;1;1;0
118;119;1;14,16;0,57;0,57;24,42;1;14,73;0,67;-1;3;-1;-1;20210528;-1;;;0;20210528;1;2;0
117;118;1;22,24;0,55;0,55;24,72;1;22,79;0,72;-1;2;-1;-1;20210528;-1;;;0;20210528;1;5;0
116;117;1;20,74;0,53;0,53;24,89;1;21,27;0,64;-1;1;-1;-1;20210528;-1;;;0;20210528;1;6;0
126;127;1;5,7;0,67;0,67;24,17;1;6,37;0,91;-1;3;-1;-1;20210528;-1;;;0;20210603;1;2;0
142;153;1;10,51;0,63;0,63;26,68;1;11,14;1,04;-1;3;-1;-1;20210603;-1;;;0;20210604;1;3;0
151;160;1;12,56;0,71;0,71;29,35;1;13,27;1,03;-1;4;-1;-1;20210603;-1;;;0;20210604;1;1;0
150;161;1;13,82;0,67;0,67;30,23;1;14,49;0,91;-1;3;-1;-1;20210603;-1;;;0;20210604;1;4;0
149;162;1;11,24;0,63;0,63;30,35;1;11,87;0,94;-1;2;-1;-1;20210603;-1;;;0;20210604;1;6;0
148;163;1;13,66;0,69;0,69;30,72;1;14,35;0,96;-1;1;-1;-1;20210603;-1;;;0;20210604;1;7;0
147;148;1;2,3;0,65;0,65;27,3;1;2,95;1,04;-1;8;-1;-1;20210603;-1;;;0;20210604;1;7;0
146;149;1;16,76;0,61;0,61;27,13;1;17,37;1,01;-1;7;-1;-1;20210603;-1;;;0;20210604;1;5;0
145;150;1;15,08;0,71;0,71;27,1;1;15,79;1,01;-1;6;-1;-1;20210603;-1;;;0;20210604;1;4;0
133;147;1;19,94;0,63;0,63;25,65;1;20,57;0,93;-1;1;-1;-1;20210603;-1;;;0;20210603;1;4;0
143;152;1;15,35;0,62;0,62;26,21;1;15,97;0,98;-1;4;-1;-1;20210603;-1;;;0;20210604;1;1;0
134;146;1;12,66;0,7;0,7;25,76;1;13,36;0,97;-1;2;-1;-1;20210603;-1;;;0;20210603;1;5;0
141;154;1;23,34;0,69;0,69;27,54;1;24,03;1,03;-1;2;-1;-1;20210603;-1;;;0;20210604;1;8;0
140;155;1;23,44;0,67;0,67;27,13;1;24,11;0,95;-1;1;-1;-1;20210603;-1;;;0;20210604;1;5;0
139;141;1;7,94;0,72;0,72;25,84;1;8,66;1,01;-1;8;-1;-1;20210603;-1;;;0;20210603;1;6;0
138;142;1;14,62;0,67;0,67;25,85;1;15,29;0,93;-1;7;-1;-1;20210603;-1;;;0;20210603;1;7;0
137;143;1;19,06;0,71;0,71;25,87;1;19,77;0,98;-1;6;-1;-1;20210603;-1;;;0;20210603;1;8;0
136;144;1;17,41;0,68;0,68;25,59;1;18,09;1,02;-1;5;-1;-1;20210603;-1;;;0;20210603;1;3;0
113;114;1;72,59;0,16;0,16;60,6;1;72,75;0,5;-1;5;2;-1;20210524;-1;;;0;20210524;1;5;1
144;151;1;20,94;0,63;0,63;26,55;1;21,57;0,96;-1;5;-1;-1;20210603;-1;;;0;20210604;1;2;0
85;86;1;8,84;0,67;0,67;21,86;1;9,51;1,04;-1;0;-1;-1;20210522;-1;;;0;20210522;1;1;0
115;116;1;184,64;0,06;0,06;47,82;1;184,7;0,49;-1;5;4;-1;20210524;-1;;;0;20210524;1;5;1
93;93;1;23,04;0,6;0,6;21,95;1;23,64;0,93;-1;1;-1;-1;20210522;-1;;;0;20210522;1;5;0
92;94;1;13,7;0,63;0,63;21,67;1;14,33;1,03;-1;4;-1;-1;20210522;-1;;;0;20210522;1;1;0
91;92;1;10,33;0,69;0,69;53,32;1;11,02;0,96;-1;4;-1;-1;20210522;-1;;;0;20210522;1;2;0
90;90;1;12,78;0,76;0,76;32,23;1;13,54;0,99;-1;1;-1;-1;20210522;-1;;;0;20210522;1;8;0
89;91;1;6,9;0,7;0,7;52,31;1;7,6;1,04;-1;4;-1;-1;20210522;-1;;;0;20210522;1;6;0
88;89;1;20,39;0,68;0,68;26,35;1;21,07;0,91;-1;5;-1;-1;20210522;-1;;;0;20210522;1;3;0
95;96;1;14,65;0,66;0,66;26,07;1;15,31;0,92;-1;7;-1;-1;20210522;-1;;;0;20210522;1;6;0
86;87;1;5,61;0,63;0,63;22,19;1;6,24;0,94;-1;3;-1;-1;20210522;-1;;;0;20210522;1;5;0
96;97;1;17,14;0,59;0,59;118,64;1;17,73;0,69;-1;8;-1;-1;20210522;-1;;;0;20210523;1;2;0
84;85;1;363,27;0,36;0,36;120,06;1;363,63;0,72;-1;8;4;-1;20210521;-1;;;0;20210521;1;4;1
83;83;1;242,65;0,4;0,4;120,61;1;243,05;0,7;-1;8;3;-1;20210521;-1;;;0;20210521;1;4;1
82;84;1;121,19;0,43;0,43;121,47;1;121,62;0,62;-1;8;2;-1;20210521;-1;;;0;20210521;1;4;1
81;82;1;3,88;0,68;0,68;117,31;1;4,56;0,94;-1;8;1;-1;20210521;-1;;;0;20210521;1;4;1
80;81;1;8,12;0,71;0,71;132,12;1;8,83;1;-1;3;-1;-1;20210521;-1;;;0;20210521;1;2;0
79;80;1;17,92;0,68;0,68;53,34;1;18,6;0,93;-1;5;-1;-1;20210521;-1;;;0;20210521;1;1;0
78;79;1;16,28;0,66;0,66;117,06;1;16,94;0,71;-1;6;-1;-1;20210521;-1;;;0;20210521;1;4;0
87;88;1;3,52;0,59;0,59;25,3;1;4,11;0,94;-1;4;-1;-1;20210522;-1;;;0;20210522;1;1;0
104;105;1;7,39;0,62;0,62;61,27;1;8,01;0,76;-1;8;1;-1;20210523;-1;;;0;20210523;1;5;1
307;310;1;4,66;0,67;0,67;60,75;1;5,33;1,02;-1;7;-1;-1;20210724;-1;;;0;20210724;1;5;0
112;113;1;19,28;0,65;0,65;53,22;1;19,93;0,71;-1;5;1;-1;20210524;-1;;;0;20210524;1;5;1
111;110;1;14,05;0,68;0,68;22,02;1;14,73;1,01;-1;8;-1;-1;20210523;-1;;;0;20210523;1;7;0
110;111;1;13,47;0,58;0,58;25,46;1;14,05;0,92;-1;4;-1;-1;20210523;-1;;;0;20210603;1;2;0
109;112;1;19,02;0,61;0,61;21,81;1;19,63;1,01;-1;5;-1;-1;20210523;-1;;;0;20210523;1;5;0
108;109;1;6,81;0,7;0,7;472,85;1;7,51;1,12;-1;8;-1;-1;20210523;-1;;;0;20210524;1;7;0
107;108;1;195,08;0,03;0,03;54,74;1;195,11;0,39;-1;8;4;-1;20210523;-1;;;0;20210523;1;5;1
94;95;1;14,06;0,61;0,61;25,53;1;14,67;0,96;-1;4;-1;-1;20210522;-1;;;0;20210522;1;1;0
105;106;1;68,63;0,22;0,22;68,22;1;68,85;0,47;-1;8;2;-1;20210523;-1;;;0;20210523;1;5;1
114;115;1;133,18;0,19;0,19;51,46;1;133,37;0,57;-1;5;3;-1;20210524;-1;;;0;20210524;1;5;1
103;104;1;184,71;0,22;0,22;47,98;1;184,93;0,67;-1;7;4;-1;20210523;-1;;;0;20210523;1;2;1
102;103;1;133,49;0,2;0,2;51,26;1;133,69;0,59;-1;7;3;-1;20210523;-1;;;0;20210523;1;2;1
101;102;1;73,17;0,18;0,18;60,3;1;73,35;0,52;-1;7;2;-1;20210523;-1;;;0;20210523;1;2;1
100;101;1;20,16;0,61;0,61;52,96;1;20,77;0,67;-1;7;1;-1;20210523;-1;;;0;20210523;1;2;1
99;100;1;10,2;0,74;0,74;262,07;1;10,94;0,99;-1;8;-1;-1;20210523;-1;;;0;20210604;1;7;0
98;99;1;17,91;0,68;0,68;133,22;1;18,59;0,94;-1;1;-1;-1;20210522;-1;;;0;20210522;1;8;0
97;98;1;20,98;0,61;0,61;116,37;1;21,59;0,69;-1;7;-1;-1;20210522;-1;;;0;20210522;1;4;0
106;107;1;136,84;0,27;0,27;58,2;1;137,11;0,55;-1;8;3;-1;20210523;-1;;;0;20210523;1;5;1
446;441;1;6,2;0,66;0,66;65,22;1;6,86;1,01;-1;4;-1;-1;20210902;-1;;;0;20210903;1;2;0
454;448;1;6,09;0,62;0,62;57,37;1;6,71;1;-1;4;-1;-1;20210902;-1;;;0;20210903;1;1;0
453;450;1;6,12;0,6;0,6;58,33;1;6,72;0,99;-1;3;-1;-1;20210902;-1;;;0;20210903;1;3;0
452;451;1;6,1;0,65;0,65;58,84;1;6,75;0,95;-1;2;-1;-1;20210902;-1;;;0;20210903;1;4;0
451;454;1;6,13;0,63;0,63;59,36;1;6,76;0,94;-1;1;-1;-1;20210902;-1;;;0;20210903;1;8;0
450;447;1;6,18;0,64;0,64;66,94;1;6,82;0,93;-1;8;-1;-1;20210902;-1;;;0;20210903;1;8;0
449;443;1;6,22;0,7;0,7;65,9;1;6,92;0,99;-1;7;-1;-1;20210902;-1;;;0;20210903;1;4;0
534;570;1;4,84;0,66;0,66;111,25;1;5,5;0,98;-1;4;-1;-1;20210907;-1;;;0;20210909;1;1;0
447;442;1;6,16;0,65;0,65;65,54;1;6,81;0,99;-1;5;-1;-1;20210902;-1;;;0;20210903;1;3;0
458;453;1;6,13;0,62;0,62;58,99;1;6,75;0,96;-1;8;-1;-1;20210902;-1;;;0;20210903;1;6;0
445;440;1;6,18;0,67;0,67;64,95;1;6,85;1,01;-1;3;-1;-1;20210902;-1;;;0;20210903;1;1;0
444;444;1;6,19;0,71;0,71;66,02;1;6,9;1,11;-1;2;-1;-1;20210902;-1;;;0;20210903;1;5;0
443;446;1;6,18;0,63;0,63;66,19;1;6,81;0,99;-1;1;-1;-1;20210902;-1;;;0;20210903;1;8;0
530;582;1;0;0,71;0,71;280,65;1;-1;-1;-1;8;-1;-1;20210907;-1;;;0;20210907;1;8;0
529;581;1;0;0,71;0,71;277,75;1;-1;-1;-1;7;-1;-1;20210907;-1;;;0;20210907;1;6;0
528;580;1;0;0,64;0,64;275,13;1;-1;-1;-1;6;-1;-1;20210907;-1;;;0;20210907;1;4;0
527;578;1;0;0,79;0,79;272,76;1;-1;-1;-1;4;-1;-1;20210907;-1;;;0;20210907;1;2;0
448;445;1;6,18;0,72;0,72;66,07;1;6,9;1,03;-1;6;-1;-1;20210902;-1;;;0;20210903;1;6;0
465;460;1;5,93;0,64;0,64;58,45;1;6,57;0,7;-1;7;-1;-1;20210902;-1;;;0;20210907;1;5;0
487;480;1;8,96;0,6;0,6;47,02;1;9,56;0,97;-1;5;-1;-1;20210902;-1;;;0;20210903;1;1;0
532;568;1;4,84;0,68;0,68;114,52;1;5,52;1;-1;2;-1;-1;20210907;-1;;;0;20210908;1;4;0
531;567;1;4,82;0,63;0,63;115,88;1;5,45;1,01;-1;1;-1;-1;20210907;-1;;;0;20210908;1;8;0
471;465;1;11,61;0,62;0,62;52;1;12,23;0,73;-1;5;-1;-1;20210902;-1;;;0;20210907;1;2;0
470;466;1;11,63;0,52;0,52;52,19;1;12,15;0,64;-1;4;-1;-1;20210902;-1;;;0;20210907;1;3;0
469;470;1;11,62;0,59;0,59;52,79;1;12,21;0,63;-1;3;-1;-1;20210902;-1;;;0;20210907;1;7;0
468;464;1;11,63;0,55;0,55;51,98;1;12,18;0,76;-1;2;-1;-1;20210902;-1;;;0;20210907;1;1;0
455;449;1;6,11;0,62;0,62;58;1;6,73;1,04;-1;5;-1;-1;20210902;-1;;;0;20210903;1;2;0
466;463;1;5,94;0,67;0,67;59,53;1;6,61;0,77;-1;8;-1;-1;20210902;-1;;;0;20210907;1;8;0
456;455;1;6,11;0,64;0,64;58,99;1;6,75;1;-1;6;-1;-1;20210902;-1;;;0;20210903;1;6;0
464;459;1;5,92;0,61;0,61;58,43;1;6,53;0,71;-1;6;-1;-1;20210902;-1;;;0;20210907;1;4;0
463;457;1;5,93;0,53;0,53;57,72;1;6,46;0,67;-1;5;-1;-1;20210902;-1;;;0;20210907;1;2;0
462;458;1;5,92;0,59;0,59;58,05;1;6,51;0,77;-1;4;-1;-1;20210902;-1;;;0;20210907;1;3;0
461;456;1;5,91;0,56;0,56;57,47;1;6,47;0,6;-1;3;-1;-1;20210902;-1;;;0;20210907;1;1;0
460;461;1;5,91;0,62;0,62;58,7;1;6,53;0,71;-1;2;-1;-1;20210902;-1;;;0;20210907;1;6;0
459;462;1;5,93;0,51;0,51;59,11;1;6,44;0,62;-1;1;-1;-1;20210902;-1;;;0;20210903;1;7;0
524;575;1;0;0,7;0,7;275,98;1;-1;-1;-1;1;-1;-1;20210907;-1;;;0;20210907;1;5;0
467;469;1;11,59;0,6;0,6;52,78;1;12,19;0,75;-1;1;-1;-1;20210902;-1;;;0;20210907;1;8;0
495;494;1;3,23;0,64;0,64;51,49;1;3,87;0,97;-1;6;-1;-1;20210902;-1;;;0;20210903;1;8;0
526;577;1;0;0,69;0,69;272,08;1;-1;-1;-1;3;-1;-1;20210907;-1;;;0;20210907;1;1;0
504;452;1;6,12;0,65;0,65;58,96;1;6,77;0,97;-1;7;-1;-1;20210902;-1;;;0;20210903;1;5;0
503;499;1;6,06;0,68;0,68;129,57;1;6,74;0,98;-1;6;-1;-1;20210902;-1;;;0;20210907;1;5;0
502;498;1;6,05;0,66;0,66;129,15;1;6,71;0,94;-1;5;-1;-1;20210902;-1;;;0;20210907;1;4;0
500;496;1;6,04;0,72;0,72;128,65;1;6,76;0,95;-1;3;-1;-1;20210902;-1;;;0;20210907;1;2;0
499;495;1;6,08;0,66;0,66;128,52;1;6,74;0,93;-1;2;-1;-1;20210902;-1;;;0;20210907;1;1;0
498;501;1;6,05;0,7;0,7;132,38;1;6,75;1,04;-1;1;-1;-1;20210902;-1;;;0;20210907;1;7;0
506;502;1;6,06;0,65;0,65;132,86;1;6,71;1,02;-1;8;-1;-1;20210902;-1;;;0;20210907;1;8;0
496;492;1;3,25;0,61;0,61;50,92;1;3,86;0,89;-1;7;-1;-1;20210902;-1;;;0;20210903;1;5;0
507;503;1;6,15;0,67;0,67;117,7;1;6,82;1;-1;1;-1;-1;20210902;-1;;;0;20210907;1;8;0
494;488;1;3,23;0,67;0,67;49,68;1;3,9;0,95;-1;5;-1;-1;20210902;-1;;;0;20210903;1;2;0
493;487;1;3,25;0,6;0,6;49,45;1;3,85;0,98;-1;4;-1;-1;20210902;-1;;;0;20210903;1;1;0
492;489;1;3,23;0,68;0,68;50,74;1;3,91;1,01;-1;3;-1;-1;20210902;-1;;;0;20210903;1;3;0
491;490;1;3,24;0,61;0,61;50,88;1;3,85;0,95;-1;2;-1;-1;20210902;-1;;;0;20210903;1;4;0
490;491;1;3,22;0,65;0,65;50,92;1;3,87;0,97;-1;1;-1;-1;20210902;-1;;;0;20210903;1;5;0
489;481;1;8,93;0,66;0,66;47,08;1;9,59;0,96;-1;7;-1;-1;20210902;-1;;;0;20210903;1;2;0
305;304;1;6,99;0,66;0,66;250,09;1;7,65;0,98;-1;3;-1;-1;20210724;-1;;;0;20210724;1;4;0
497;493;1;3,25;0,6;0,6;51,09;1;3,85;1;-1;8;-1;-1;20210902;-1;;;0;20210903;1;7;0
515;497;1;6,07;0,69;0,69;129,04;1;6,76;1,04;-1;4;-1;-1;20210907;-1;;;0;20210907;1;3;0
535;571;1;4,85;0,66;0,66;115,19;1;5,51;0,93;-1;5;-1;-1;20210907;-1;;;0;20210909;1;6;0
523;590;1;0;0,73;0,73;223,36;1;-1;-1;-1;8;-1;-1;20210907;-1;;;0;20210907;1;1;0
522;589;1;0;0,69;0,69;223,94;1;-1;-1;-1;7;-1;-1;20210907;-1;;;0;20210907;1;3;0
521;588;1;0;-1;-1;-1;1;-1;-1;-1;-1;-1;-1;20210907;-1;;;0;-1;1;-1;0
520;587;1;0;0,76;0,76;224,07;1;-1;-1;-1;5;-1;-1;20210907;-1;;;0;20210907;1;4;0
519;586;1;2,08;0,71;0,71;224,07;1;2,79;-3,08;-1;4;-1;-1;20210907;-1;;;0;20210907;1;4;0
518;585;1;0;0,73;0,73;224,88;1;-1;-1;-1;3;-1;-1;20210907;-1;;;0;20210907;1;6;0
505;500;1;6,14;0,59;0,59;130,05;1;6,73;0,95;-1;7;-1;-1;20210902;-1;;;0;20210907;1;6;0
516;583;1;0;0,69;0,69;225,39;1;-1;-1;-1;1;-1;-1;20210907;-1;;;0;20210907;1;8;0
525;576;1;0;0,71;0,71;274,9;1;-1;-1;-1;2;-1;-1;20210907;-1;;;0;20210907;1;3;0
514;510;1;6,16;0,67;0,67;117,68;1;6,83;1,01;-1;8;-1;-1;20210902;-1;;;0;20210907;1;7;0
513;509;1;6,15;0,6;0,6;117,49;1;6,75;0,98;-1;7;-1;-1;20210902;-1;;;0;20210910;1;6;0
512;508;1;6,15;0,66;0,66;117,31;1;6,81;0,94;-1;6;-1;-1;20210902;-1;;;0;20210910;1;5;0
511;507;1;6,13;0,66;0,66;115,28;1;6,79;1;-1;5;-1;-1;20210902;-1;;;0;20210907;1;2;0
510;506;1;6,13;0,6;0,6;115;1;6,73;0,95;-1;4;-1;-1;20210902;-1;;;0;20210910;1;1;0
509;505;1;6,17;0,59;0,59;116,22;1;6,76;0,96;-1;3;-1;-1;20210902;-1;;;0;20210907;1;4;0
508;504;1;6,14;0,61;0,61;116,17;1;6,75;0,93;-1;2;-1;-1;20210902;-1;;;0;20210907;1;3;0
517;584;1;0;0,67;0,67;223,52;1;-1;-1;-1;2;-1;-1;20210907;-1;;;0;20210907;1;2;0
581;521;1;7,84;0,65;0,65;127,01;1;8,49;1,01;-1;3;-1;-1;20210907;-1;;;0;20210909;1;2;0
590;513;1;16,14;0,73;0,73;140,84;1;16,87;1,02;-1;3;-1;-1;20210907;-1;;;0;20210914;1;3;0
588;512;1;16,16;0,65;0,65;139,92;1;16,81;0,97;-1;2;-1;-1;20210907;-1;;;0;20210914;1;2;0
587;511;1;16,16;0,67;0,67;142,65;1;16,83;0,96;-1;1;-1;-1;20210907;-1;;;0;20210914;1;6;0
586;526;1;7,85;0,66;0,66;128,88;1;8,51;0,97;-1;8;-1;-1;20210907;-1;;;0;20210910;1;8;0
585;525;1;7,86;0,59;0,59;128,42;1;8,45;0,96;-1;7;-1;-1;20210907;-1;;;0;20210910;1;7;0
584;524;1;7,84;0,71;0,71;127,93;1;8,55;1,03;-1;6;-1;-1;20210907;-1;;;0;20210910;1;5;0
533;569;1;4,85;0,59;0,59;114,93;1;5,44;0,92;-1;3;-1;-1;20210907;-1;;;0;20210909;1;5;0
582;522;1;7,82;0,65;0,65;126,38;1;8,47;0,9;-1;4;-1;-1;20210907;-1;;;0;20210909;1;1;0
593;516;1;16,18;0,71;0,71;142,06;1;16,89;1,06;-1;6;-1;-1;20210907;-1;;;0;20210914;1;5;0
580;520;1;7,84;0,68;0,68;127,13;1;8,52;0,93;-1;2;-1;-1;20210907;-1;;;0;20210909;1;3;0
579;519;1;7,83;0,62;0,62;127,24;1;8,45;0,97;-1;1;-1;-1;20210907;-1;;;0;20210909;1;4;0
578;534;1;6,39;0,6;0,6;128,26;1;6,99;0,68;-1;8;-1;-1;20210907;-1;;;0;20210914;1;7;0
577;533;1;6,39;0,6;0,6;128,48;1;6,99;0,75;-1;7;-1;-1;20210907;-1;;;0;20210916;1;8;0
576;532;1;6,39;0,54;0,54;125,42;1;6,93;0,68;-1;6;-1;-1;20210907;-1;;;0;20210914;1;2;0
575;531;1;6,38;0,59;0,59;126,4;1;6,97;0,77;-1;5;-1;-1;20210907;-1;;;0;20210914;1;5;0
574;530;1;6,38;0,65;0,65;126,17;1;7,03;0,71;-1;4;-1;-1;20210907;-1;;;0;20210914;1;3;0
583;523;1;7,85;0,65;0,65;128,19;1;8,5;0,96;-1;5;-1;-1;20210907;-1;;;0;20210910;1;6;0
600;595;1;43,23;0,64;0,64;55,64;1;43,87;0,93;-1;4;-1;-1;20211004;-1;;;0;20211005;1;2;0
609;604;1;0;0,71;0,71;250,28;1;-1;-1;-1;7;-1;-1;20211004;-1;;;0;20211004;1;2;0
608;603;1;0;0,79;0,79;250,59;1;-1;-1;-1;6;-1;-1;20211004;-1;;;0;20211004;1;4;0
607;602;1;0;0,68;0,68;251,22;1;-1;-1;-1;5;-1;-1;20211004;-1;;;0;20211004;1;7;0
606;601;1;0;0,66;0,66;250,38;1;-1;-1;-1;4;-1;-1;20211004;-1;;;0;20211004;1;3;0
605;600;1;0;0,73;0,73;249,42;1;-1;-1;-1;3;-1;-1;20211004;-1;;;0;20211004;1;1;0
604;599;1;0;0,68;0,68;251,32;1;-1;-1;-1;2;-1;-1;20211004;-1;;;0;20211004;1;8;0
603;598;1;43,22;0,64;0,64;57,05;1;43,86;0,95;-1;8;-1;-1;20211004;-1;;;0;20211005;1;8;0
591;514;1;16,19;0,66;0,66;138,95;1;16,85;1,04;-1;4;-1;-1;20210907;-1;;;0;20210914;1;1;0
601;596;1;43,22;0,67;0,67;56,91;1;43,89;0,94;-1;6;-1;-1;20211004;-1;;;0;20211005;1;7;0
592;515;1;16,18;0,71;0,71;140,88;1;16,89;1,04;-1;5;-1;-1;20210907;-1;;;0;20210914;1;4;0
599;594;1;43,21;0,73;0,73;55,72;1;43,94;1,04;-1;3;-1;-1;20211004;-1;;;0;20211005;1;3;0
598;593;1;43,22;0,64;0,64;55,73;1;43,86;0,94;-1;2;-1;-1;20211004;-1;;;0;20211005;1;4;0
597;592;1;43,24;0,69;0,69;56,22;1;43,93;0,95;-1;1;-1;-1;20211004;-1;;;0;20211005;1;5;0
596;591;1;7,24;0,73;0,73;480,16;1;7,97;0,99;-1;5;-1;-1;20210924;-1;;;0;20210924;1;8;0
595;518;1;16,17;0,69;0,69;144,57;1;16,86;1;-1;8;-1;-1;20210907;-1;;;0;20210914;1;8;0
594;517;1;16,17;0,68;0,68;143,72;1;16,85;0,97;-1;7;-1;-1;20210907;-1;;;0;20210914;1;7;0
571;527;1;6,36;0,63;0,63;128,24;1;6,99;0,71;-1;1;-1;-1;20210907;-1;;;0;20210914;1;6;0
602;597;1;43,26;0,63;0,63;55,59;1;43,89;0,97;-1;7;-1;-1;20211004;-1;;;0;20211005;1;1;0
543;563;1;3,59;0,7;0,7;125,65;1;4,29;0,94;-1;5;-1;-1;20210907;-1;;;0;20210914;1;3;0
573;529;1;6,38;0,61;0,61;126,39;1;6,99;0,78;-1;3;-1;-1;20210907;-1;;;0;20210914;1;4;0
551;555;1;7,96;0,69;0,69;105,12;1;8,65;0,95;-1;5;-1;-1;20210907;-1;;;0;20210913;1;6;0
550;554;1;7,96;0,66;0,66;104,26;1;8,62;1,01;-1;4;-1;-1;20210907;-1;;;0;20210913;1;2;0
549;553;1;7,96;0,65;0,65;105,78;1;8,61;0,87;-1;3;-1;-1;20210907;-1;;;0;20210913;1;8;0
548;552;1;7,97;0,7;0,7;105,01;1;8,67;1,09;-1;2;-1;-1;20210907;-1;;;0;20210913;1;5;0
547;551;1;7,95;0,68;0,68;104,68;1;8,63;0,99;-1;1;-1;-1;20210907;-1;;;0;20210913;1;4;0
546;566;1;3,57;0,72;0,72;127,9;1;4,29;0,99;-1;8;-1;-1;20210907;-1;;;0;20210914;1;7;0
553;557;1;7,97;0,58;0,58;105,26;1;8,55;0,94;-1;7;-1;-1;20210907;-1;;;0;20210913;1;7;0
544;564;1;3,55;0,7;0,7;125,3;1;4,25;0,98;-1;6;-1;-1;20210907;-1;;;0;20210914;1;2;0
554;558;1;7,97;0,66;0,66;104,66;1;8,63;0,96;-1;8;-1;-1;20210907;-1;;;0;20210913;1;3;0
542;562;1;3,62;0,6;0,6;123,86;1;4,22;0,87;-1;4;-1;-1;20210907;-1;;;0;20210914;1;1;0
541;561;1;3,57;0,68;0,68;126,53;1;4,25;1,04;-1;3;-1;-1;20210907;-1;;;0;20210914;1;4;0
540;560;1;3,59;0,61;0,61;127,85;1;4,2;0,9;-1;2;-1;-1;20210907;-1;;;0;20210914;1;6;0
539;559;1;3,55;0,72;0,72;127,7;1;4,27;0,97;-1;1;-1;-1;20210907;-1;;;0;20210914;1;5;0
538;574;1;4,85;0,62;0,62;113,73;1;5,47;0,9;-1;8;-1;-1;20210907;-1;;;0;20210909;1;2;0
537;573;1;4,9;0,7;0,7;115,46;1;5,6;0,83;-1;7;-1;-1;20210907;-1;;;0;20210909;1;7;0
536;572;1;4,83;0,66;0,66;114,45;1;5,49;0,96;-1;6;-1;-1;20210907;-1;;;0;20210909;1;3;0
545;565;1;3,55;0,72;0,72;129,48;1;4,27;0,99;-1;7;-1;-1;20210907;-1;;;0;20210914;1;8;0
562;550;1;5,96;0,75;0,75;116,39;1;6,71;1,03;-1;8;-1;-1;20210907;-1;;;0;20210915;1;8;0
486;482;1;8,96;0,65;0,65;47,44;1;9,61;0,97;-1;4;-1;-1;20210902;-1;;;0;20210903;1;3;0
570;542;1;8,29;0,54;0,54;117,32;1;8,83;0,65;-1;8;-1;-1;20210907;-1;;;0;20210909;1;7;0
569;541;1;8,27;0,57;0,57;115,49;1;8,84;0,76;-1;7;-1;-1;20210907;-1;;;0;20210909;1;4;0
568;540;1;8,26;0,65;0,65;116,15;1;8,91;0,73;-1;6;-1;-1;20210907;-1;;;0;20210909;1;5;0
567;539;1;8,28;0,61;0,61;114,72;1;8,89;0,73;-1;5;-1;-1;20210907;-1;;;0;20210909;1;3;0
566;538;1;8,27;0,54;0,54;113,27;1;8,81;0,72;-1;4;-1;-1;20210907;-1;;;0;20210909;1;1;0
565;537;1;8,26;0,54;0,54;114,15;1;8,8;0,69;-1;3;-1;-1;20210907;-1;;;0;20210909;1;2;0
552;556;1;7,97;0,64;0,64;104,22;1;8,61;0,94;-1;6;-1;-1;20210907;-1;;;0;20210913;1;1;0
563;535;1;8,26;0,61;0,61;116,39;1;8,87;0,72;-1;1;-1;-1;20210907;-1;;;0;20210909;1;6;0
572;528;1;6,38;0,59;0,59;124,68;1;6,97;0,62;-1;2;-1;-1;20210907;-1;;;0;20210914;1;1;0
561;549;1;5,95;0,69;0,69;114,7;1;6,64;0,93;-1;7;-1;-1;20210907;-1;;;0;20210913;1;3;0
560;548;1;5,98;0,66;0,66;115,01;1;6,64;0,93;-1;6;-1;-1;20210907;-1;;;0;20210913;1;4;0
559;547;1;5,95;0,72;0,72;113,92;1;6,67;1,02;-1;5;-1;-1;20210907;-1;;;0;20210913;1;2;0
558;546;1;5,94;0,71;0,71;113,5;1;6,65;0,98;-1;4;-1;-1;20210907;-1;;;0;20210913;1;1;0
557;545;1;5,98;0,62;0,62;115,21;1;6,6;0,95;-1;3;-1;-1;20210907;-1;;;0;20210913;1;5;0
556;544;1;5,95;0,63;0,63;115,45;1;6,58;0,96;-1;2;-1;-1;20210907;-1;;;0;20210915;1;6;0
555;543;1;5,94;0,71;0,71;115,91;1;6,65;0,95;-1;1;-1;-1;20210907;-1;;;0;20210913;1;7;0
564;536;1;8,27;0,63;0,63;119,06;1;8,9;0,76;-1;2;-1;-1;20210907;-1;;;0;20210910;1;8;0
353;350;1;8,56;0,71;0,71;116,88;1;9,27;0,95;-1;3;-1;-1;20210726;-1;;;0;20210726;1;4;0
361;358;1;2,66;0,61;0,61;48,25;1;3,27;0,97;-1;3;-1;-1;20210727;-1;;;0;20210727;1;4;0
360;357;1;7,92;0,65;0,65;130,84;1;8,57;0,93;-1;7;-1;-1;20210727;-1; ;;0;20210727;1;6;0
359;356;1;10,66;0,68;0,68;115,68;1;11,34;1,02;-1;8;-1;-1;20210727;-1;;;0;20210727;1;8;0
358;355;1;3,94;0,71;0,71;117,35;1;4,65;0,95;-1;2;-1;-1;20210727;-1;;;0;20210727;1;6;0
357;354;1;4,51;0,6;0,6;54,91;1;5,11;0,74;-1;3;-1;-1;20210726;-1;;;0;20210726;1;8;0
356;352;1;4,79;0,64;0,64;131,11;1;5,43;0,92;-1;7;-1;-1;20210726;-1;;;0;20210726;1;3;0
381;379;1;5,87;0,7;0,7;117,61;1;6,57;0,92;-1;2;1;-1;20210728;-1;;;0;20210728;1;4;1
354;351;1;4,59;0,67;0,67;115,85;1;5,26;0,98;-1;7;-1;-1;20210726;-1;;;0;20210726;1;5;0
364;361;1;8,77;0,62;0,62;107,3;1;9,39;0,97;-1;6;1;-1;20210727;-1;;;0;20210924;1;6;1
352;349;1;149,54;0,11;0,11;47,94;1;149,65;0,52;-1;6;4;-1;20210726;-1;;;0;20210726;1;6;1
351;348;1;101,53;0,17;0,17;48,01;1;101,7;0,58;-1;6;3;-1;20210726;-1;;;0;20210726;1;6;1
350;347;1;53,91;0,07;0,07;47,62;1;53,98;0,46;-1;6;2;-1;20210726;-1;;;0;20210726;1;6;1
349;346;1;6,37;0,62;0,62;47,52;1;6,99;0,99;-1;6;1;-1;20210726;-1;;;0;20210726;1;6;1
348;345;1;4,59;0,62;0,62;53,62;1;5,21;0,71;-1;2;-1;-1;20210726;-1;;;0;20210726;1;7;0
347;344;1;4,62;0,69;0,69;56,27;1;5,31;0,97;-1;5;-1;-1;20210726;-1;;;0;20210726;1;6;0
346;337;1;7,76;0,6;0,6;106,75;1;8,36;0,99;-1;8;-1;-1;20210725;-1;;;0;20210725;1;5;0
355;353;1;5,18;0,73;0,73;134,2;1;5,91;1,01;-1;7;-1;-1;20210726;-1;;;0;20210727;1;7;0
371;367;1;7,71;0,67;0,67;47,72;1;8,38;0,98;-1;6;-1;-1;20210728;-1;;;0;20210728;1;4;0
488;483;1;8,95;0,58;0,58;47,82;1;9,53;0,94;-1;6;-1;-1;20210902;-1;;;0;20210903;1;5;0
379;376;1;9,66;0,53;0,53;117,96;1;10,19;0,65;-1;3;-1;-1;20210728;-1;;;0;20210728;1;4;0
378;375;1;6,62;0,69;0,69;53,71;1;7,31;0,96;-1;2;-1;-1;20210728;-1;;;0;20210728;1;4;0
377;374;1;7,58;0,68;0,68;53,67;1;8,26;0,92;-1;6;-1;-1;20210728;-1;;;0;20210728;1;6;0
376;372;1;3,21;0,65;0,65;129,97;1;3,86;0,98;-1;7;-1;-1;20210728;-1;;;0;20210728;1;5;0
375;373;1;16,24;0,58;0,58;47,56;1;16,82;0,95;-1;3;-1;-1;20210728;-1;;;0;20210728;1;3;0
374;371;1;8,01;0,62;0,62;47,81;1;8,63;0,92;-1;2;-1;-1;20210728;-1;;;0;20210728;1;3;0
362;359;1;4,91;0,63;0,63;48,68;1;5,54;1;-1;7;-1;-1;20210727;-1;;;0;20210727;1;8;0
372;369;1;8,03;0,64;0,64;47,11;1;8,67;0,98;-1;3;-1;-1;20210728;-1;;;0;20210728;1;1;0
363;360;1;3,16;0,67;0,67;129,54;1;3,83;1,03;-1;8;-1;-1;20210727;-1;;;0;20210727;1;3;0
370;368;1;7,68;0,7;0,7;47,52;1;8,38;1,03;-1;5;-1;-1;20210728;-1;;;0;20210728;1;2;0
369;366;1;7,7;0,61;0,61;47,23;1;8,31;0,97;-1;4;-1;-1;20210728;-1;;;0;20210728;1;1;0
368;365;1;7,69;0,62;0,62;47,82;1;8,31;0,98;-1;7;-1;-1;20210728;-1;;;0;20210728;1;5;0
367;362;1;331,01;0,16;0,16;106,65;1;331,17;0,54;-1;6;4;-1;20210727;-1;;;0;20210924;1;6;1
366;363;1;224,18;0,16;0,16;106,84;1;224,34;0,59;-1;6;3;-1;20210727;-1;;;0;20210924;1;6;1
365;364;1;116,02;0,13;0,13;108,09;1;116,15;0,41;-1;6;2;-1;20210727;-1;;;0;20210924;1;6;1
343;342;1;99,91;0,15;0,15;48,27;1;100,06;0,62;-1;6;3;-1;20210725;-1;;;0;20210725;1;2;1
373;370;1;7,98;0,65;0,65;47,8;1;8,63;0,97;-1;5;-1;-1;20210728;-1;;;0;20210728;1;2;0
315;311;1;2,35;0,67;0,67;251,22;1;3,02;1,01;-1;1;-1;-1;20210725;-1;;;0;20210725;1;6;0
345;336;1;15,85;0,66;0,66;107,75;1;16,51;1,02;-1;8;-1;-1;20210725;-1;;;0;20210725;1;8;0
323;320;1;114,64;0,25;0,25;51,35;1;114,89;0,51;-1;4;3;-1;20210725;-1;;;0;20210726;1;1;1
322;319;1;5,52;0,64;0,64;57,19;1;6,16;0,96;-1;6;-1;-1;20210725;-1;;;0;20210726;1;4;0
321;318;1;5,54;0,62;0,62;56,56;1;6,16;0,97;-1;3;-1;-1;20210725;-1;;;0;20210725;1;3;0
320;317;1;5,53;0,68;0,68;56,4;1;6,21;0,94;-1;5;-1;-1;20210725;-1;;;0;20210725;1;2;0
319;316;1;5,52;0,67;0,67;55,89;1;6,19;0,97;-1;4;-1;-1;20210725;-1;;;0;20210725;1;1;0
318;315;1;7,34;0,69;0,69;56,92;1;8,03;0,97;-1;3;-1;-1;20210725;-1;;;0;20210725;1;4;0
325;322;1;8,51;0,69;0,69;53,42;1;9,2;0,87;-1;3;1;-1;20210725;-1;;;0;20210726;1;2;1
316;313;1;7,33;0,74;0,74;56,33;1;8,07;1,07;-1;4;-1;-1;20210725;-1;;;0;20210725;1;2;0
326;323;1;169,05;0,09;0,09;52,26;1;169,14;0,38;-1;3;4;-1;20210725;-1;;;0;20210726;1;2;0
314;312;1;7,35;0,7;0,7;56,16;1;8,05;0,96;-1;6;-1;-1;20210725;-1;;;0;20210726;1;1;0
313;309;1;174,55;0,2;0,2;54,45;1;174,75;0,66;-1;3;4;-1;20210724;-1;;;0;20210724;1;5;1
312;308;1;119,73;0,32;0,32;54,83;1;120,05;0,62;-1;3;3;-1;20210724;-1;;;0;20210724;1;5;1
311;307;1;66,67;0,24;0,24;53,05;1;66,91;0,54;-1;3;2;-1;20210724;-1;;;0;20210724;1;5;1
310;306;1;12,38;0,63;0,63;54,28;1;13,01;0,91;-1;3;1;-1;20210724;-1;;;0;20210724;1;5;1
309;303;1;6,81;0,76;0,76;281,98;1;7,57;1,04;-1;7;-1;-1;20210724;-1;;;0;20210725;1;8;0
308;302;1;4,06;0,73;0,73;235,01;1;4,79;0,97;-1;6;-1;-1;20210724;-1;;;0;20210725;1;8;0
317;314;1;7,33;0,64;0,64;56,51;1;7,97;0,95;-1;5;-1;-1;20210725;-1;;;0;20210725;1;3;0
334;333;1;0;0,31;0,31;53,62;1;-1;-1;-1;8;2;-1;20210725;-1;;;0;20210902;1;6;1
382;380;1;123,48;0,23;0,23;118,59;1;123,71;0,61;-1;2;2;-1;20210728;-1;;;0;20210728;1;4;1
342;341;1;52,47;0,46;0,46;47,41;1;52,93;0,92;-1;6;2;-1;20210725;-1;;;0;20210725;1;2;1
341;340;1;3,9;0,59;0,59;48,58;1;4,49;1,01;-1;6;1;-1;20210725;-1;;;0;20210725;1;2;1
340;338;1;5,57;0,6;0,6;53,49;1;6,17;0,68;-1;3;-1;-1;20210725;-1;;;0;20210725;1;2;0
339;339;1;5,62;0,55;0,55;53,13;1;6,17;0,67;-1;2;-1;-1;20210725;-1;;;0;20210725;1;1;0
338;335;1;4,69;0,56;0,56;60,69;1;5,25;0,75;-1;5;-1;-1;20210725;-1;;;0;20210725;1;2;0
337;331;1;0;0,29;0,29;53,78;1;-1;-1;-1;1;2;-1;20210725;-1;;;0;20210902;1;8;1
324;321;1;165,98;0,21;0,21;52,24;1;166,19;0,51;-1;4;4;-1;20210725;-1;;;0;20210726;1;1;1
335;334;1;0;0,26;0,26;52,9;1;-1;-1;-1;7;4;-1;20210725;-1;;;0;20210902;1;7;1
344;343;1;148,19;0,3;0,3;48,09;1;148,49;0,7;-1;6;4;-1;20210725;-1;;;0;20210725;1;2;1
333;332;1;0;0,65;0,65;52,62;1;-1;-1;-1;8;1;-1;20210725;-1;;;0;20210902;1;6;1
332;330;1;0;0,34;0,34;52,84;1;-1;-1;-1;6;4;-1;20210725;-1;;;0;20210902;1;5;1
331;329;1;0;0,67;0,67;53,16;1;-1;-1;-1;6;1;-1;20210725;-1;;;0;20210902;1;5;1
330;327;1;170,2;0,15;0,15;52,05;1;170,35;0,41;-1;5;4;-1;20210725;-1;;;0;20210726;1;4;1
329;328;1;0;0,2;0,2;52,87;1;-1;-1;-1;5;2;-1;20210725;-1;;;0;20210725;1;4;1
328;325;1;62,56;0,18;0,18;52,68;1;62,74;0,53;-1;2;2;-1;20210725;-1;;;0;20210726;1;3;1
327;324;1;8,54;0,68;0,68;54,02;1;9,22;0,98;-1;2;1;-1;20210725;-1;;;0;20210726;1;3;1
336;326;1;8,53;0,68;0,68;53,07;1;9,21;1,04;-1;8;1;-1;20210725;-1;;;0;20210726;1;8;1
429;429;1;4,3;0,66;0,66;24,32;1;4,96;0,92;-1;2;-1;-1;20210902;-1;;;0;20210903;1;5;0
437;436;1;4,16;0,58;0,58;21,72;1;4,74;0,97;-1;2;-1;-1;20210902;-1;;;0;20210903;1;5;0
436;438;1;4,14;0,61;0,61;21,78;1;4,75;0,96;-1;1;-1;-1;20210902;-1;;;0;20210903;1;7;0
435;430;1;4,31;0,7;0,7;24,32;1;5,01;0,91;-1;8;-1;-1;20210902;-1;;;0;20210903;1;5;0
434;431;1;4,29;0,76;0,76;24,36;1;5,05;1,08;-1;7;-1;-1;20210902;-1;;;0;20210903;1;7;0
433;432;1;4,32;0,64;0,64;24,41;1;4,96;0,93;-1;6;-1;-1;20210902;-1;;;0;20210903;1;8;0
432;427;1;4,32;0,62;0,62;24,21;1;4,94;0,98;-1;5;-1;-1;20210902;-1;;;0;20210903;1;3;0
380;377;1;9,7;0,62;0,62;119,02;1;10,32;0,72;-1;7;-1;-1;20210728;-1;;;0;20210728;1;7;0
430;426;1;4,31;0,63;0,63;24,07;1;4,94;0,92;-1;3;-1;-1;20210902;-1;;;0;20210903;1;2;0
440;437;1;4,16;0,63;0,63;21,72;1;4,79;0,96;-1;6;-1;-1;20210902;-1;;;0;20210903;1;5;0
427;424;1;4,18;0,61;0,61;21,55;1;4,79;1,01;-1;5;-1;-1;20210801;-1;;;0;20210801;1;2;0
426;423;1;45,11;0,58;0,58;21,67;1;45,69;0,94;-1;1;-1;-1;20210731;-1;;;0;20210731;1;3;0
425;422;1;45,08;0,62;0,62;21,75;1;45,7;0,95;-1;2;-1;-1;20210731;-1;;;0;20210731;1;5;0
424;418;1;5,3;0,6;0,6;21,78;1;5,9;0,9;-1;3;-1;-1;20210731;-1;;;0;20210731;1;3;0
423;417;1;5,28;0,65;0,65;21,6;1;5,93;1,02;-1;5;-1;-1;20210731;-1;;;0;20210731;1;2;0
422;421;1;5,76;0,65;0,65;24,08;1;6,41;1,02;-1;4;-1;-1;20210731;-1;;;0;20210731;1;1;0
421;420;1;6,76;0,58;0,58;24,63;1;7,34;0,93;-1;1;-1;-1;20210731;-1;;;0;20210731;1;6;0
431;425;1;4,31;0,7;0,7;23,81;1;5,01;0,98;-1;4;-1;-1;20210902;-1;;;0;20210903;1;1;0
476;475;1;6,98;0,69;0,69;52,59;1;7,67;0,93;-1;2;-1;-1;20210902;-1;;;0;20210903;1;4;0
485;484;1;8,92;0,7;0,7;47,86;1;9,62;1,02;-1;3;-1;-1;20210902;-1;;;0;20210903;1;6;0
484;485;1;8,95;0,66;0,66;48,04;1;9,61;0,96;-1;2;-1;-1;20210902;-1;;;0;20210903;1;7;0
483;486;1;8,94;0,61;0,61;48,1;1;9,55;0,95;-1;1;-1;-1;20210902;-1;;;0;20210903;1;8;0
482;478;1;6,99;0,7;0,7;52,83;1;7,69;1,02;-1;8;-1;-1;20210902;-1;;;0;20210903;1;7;0
481;477;1;7,01;0,7;0,7;52,79;1;7,71;0,94;-1;7;-1;-1;20210902;-1;;;0;20210903;1;6;0
480;476;1;7;0,66;0,66;52,68;1;7,66;0,93;-1;6;-1;-1;20210902;-1;;;0;20210903;1;5;0
479;473;1;6,99;0,68;0,68;52,27;1;7,67;1;-1;5;-1;-1;20210902;-1;;;0;20210903;1;2;0
438;434;1;4,15;0,64;0,64;21,57;1;4,79;1,02;-1;3;-1;-1;20210902;-1;;;0;20210903;1;3;0
477;474;1;7;0,79;0,79;52,52;1;7,79;1,05;-1;3;-1;-1;20210902;-1;;;0;20210903;1;3;0
439;433;1;4,16;0,63;0,63;21,07;1;4,79;1,01;-1;4;-1;-1;20210902;-1;;;0;20210903;1;1;0
475;479;1;6,97;0,69;0,69;53,23;1;7,66;1,03;-1;1;-1;-1;20210902;-1;;;0;20210903;1;8;0
474;471;1;11,62;0,57;0,57;52,95;1;12,19;0,67;-1;8;-1;-1;20210902;-1;;;0;20210907;1;8;0
473;468;1;11,63;0,52;0,52;52,51;1;12,15;0,6;-1;7;-1;-1;20210902;-1;;;0;20210907;1;5;0
472;467;1;11,62;0,61;0,61;52,3;1;12,23;0,68;-1;6;-1;-1;20210902;-1;;;0;20210907;1;4;0
442;439;1;4,16;0,63;0,63;21,79;1;4,79;0,93;-1;8;-1;-1;20210902;-1;;;0;20210903;1;8;0
441;435;1;4,18;0,66;0,66;21,6;1;4,84;0,94;-1;7;-1;-1;20210902;-1;;;0;20210903;1;4;0
418;415;1;9,94;0,65;0,65;21,6;1;10,59;0,98;-1;5;-1;-1;20210731;-1;;;0;20210731;1;2;0
478;472;1;7,08;0,58;0,58;51,96;1;7,66;0,91;-1;4;-1;-1;20210902;-1;;;0;20210903;1;1;0
390;387;1;8,65;0,7;0,7;118,08;1;9,35;0,94;-1;1;1;-1;20210729;-1;;;0;20210729;1;8;1
420;419;1;5,76;0,7;0,7;24,76;1;6,46;0,98;-1;8;-1;-1;20210731;-1;;;0;20210731;1;7;0
398;396;1;5,96;0,69;0,69;24,82;1;6,65;0,98;-1;7;-1;-1;20210730;-1;;;0;20210730;1;6;0
397;394;1;7,22;0,62;0,62;21,65;1;7,84;1,03;-1;3;-1;-1;20210730;-1;;;0;20210730;1;2;0
396;393;1;6,68;0,63;0,63;21,97;1;7,31;1,01;-1;6;-1;-1;20210730;-1;;;0;20210731;1;6;0
395;392;1;3,5;0,65;0,65;51,32;1;4,15;0,97;-1;2;-1;-1;20210730;-1;;;0;20210730;1;5;0
394;391;1;6,1;0,67;0,67;51,53;1;6,77;0,99;-1;4;-1;-1;20210729;-1;;;0;20210729;1;5;0
393;390;1;366,43;0,33;0,33;120,39;1;366,76;0,66;-1;1;4;-1;20210729;-1;;;0;20210729;1;8;1
400;395;1;4,14;0,59;0,59;24,69;1;4,73;0,92;-1;2;-1;-1;20210730;-1;;;0;20210730;1;4;0
391;388;1;126,77;0,3;0,3;118,82;1;127,07;0,63;-1;1;2;-1;20210729;-1;;;0;20210729;1;8;1
401;398;1;7,22;0,62;0,62;21,32;1;7,84;1,02;-1;4;-1;-1;20210730;-1;;;0;20210902;1;1;0
389;385;1;11,66;0,56;0,56;116,83;1;12,22;0,67;-1;8;-1;-1;20210729;-1;;;0;20210729;1;5;0
388;386;1;8,95;0,61;0,61;47,72;1;9,56;0,99;-1;8;-1;-1;20210729;-1;;;0;20210729;1;4;0
387;383;1;6,35;0,68;0,68;54,1;1;7,03;0,93;-1;1;-1;-1;20210729;-1;;;0;20210729;1;8;0
386;384;1;7,17;0,69;0,69;53,12;1;7,86;0,98;-1;1;-1;-1;20210729;-1;;;0;20210729;1;5;0
385;378;1;4,93;0,68;0,68;118,3;1;5,61;1;-1;1;-1;-1;20210728;-1;;;0;20210728;1;6;0
384;382;1;361,46;0,21;0,21;119,46;1;361,67;0,49;-1;4;4;-1;20210728;-1;;;0;20210728;1;2;1
383;381;1;242,2;0,21;0,21;119,39;1;242,41;0,47;-1;2;3;-1;20210728;-1;;;0;20210728;1;4;1
392;389;1;245,6;0,26;0,26;120,86;1;245,86;0,54;-1;1;3;-1;20210729;-1;;;0;20210729;1;8;1
410;407;1;6,79;0,62;0,62;21,92;1;7,41;1;-1;4;-1;-1;20210730;-1;;;0;20210730;1;3;0
610;605;1;0;0,61;0,61;250,59;1;-1;-1;-1;8;-1;-1;20211004;-1;;;0;20211004;1;4;0
417;414;1;9,94;0,63;0,63;21,42;1;10,57;1,01;-1;4;-1;-1;20210731;-1;;;0;20210902;1;1;0
416;413;1;9,95;0,62;0,62;21,87;1;10,57;0,99;-1;8;-1;-1;20210731;-1;;;0;20210731;1;7;0
415;412;1;5,31;0,61;0,61;21,53;1;5,92;1,01;-1;4;-1;-1;20210731;-1;;;0;20210731;1;1;0
414;411;1;178,98;0,23;0,23;48,65;1;179,21;0,63;-1;4;4;-1;20210731;-1;;;0;20210801;1;2;1
413;410;1;126,94;0,21;0,21;52,05;1;127,15;0,49;-1;2;3;-1;20210731;-1;;;0;20210801;1;4;1
428;428;1;4,3;0,67;0,67;24,3;1;4,97;0,89;-1;1;-1;-1;20210902;-1;;;0;20210903;1;4;0
399;397;1;5,96;0,63;0,63;24,12;1;6,59;1;-1;5;-1;-1;20210730;-1;;;0;20210730;1;1;0
411;408;1;14,21;0,58;0,58;52,77;1;14,79;0,7;-1;2;1;-1;20210731;-1;;;0;20210731;1;4;1
419;416;1;9,93;0,66;0,66;21,67;1;10,59;0,96;-1;7;-1;-1;20210731;-1;;;0;20210731;1;3;0
409;406;1;6,69;0,68;0,68;21,89;1;7,37;0,95;-1;5;-1;-1;20210730;-1;;;0;20210730;1;5;0
408;405;1;6,79;0,67;0,67;21,88;1;7,46;1,02;-1;1;-1;-1;20210730;-1;;;0;20210902;1;2;0
407;404;1;7,22;0,62;0,62;21,86;1;7,84;0,99;-1;7;-1;-1;20210730;-1;;;0;20210730;1;3;0
406;403;1;6,67;0,62;0,62;21,75;1;7,29;0,96;-1;3;-1;-1;20210730;-1;;;0;20210730;1;2;0
405;402;1;4,6;0,65;0,65;21,73;1;5,25;1,02;-1;4;-1;-1;20210730;-1;;;0;20210730;1;1;0
403;400;1;6,67;0,63;0,63;21,67;1;7,3;1,02;-1;4;-1;-1;20210730;-1;;;0;20210730;1;1;0
402;399;1;6,82;0,68;0,68;21,66;1;7,5;0,99;-1;5;-1;-1;20210730;-1;;;0;20210730;1;1;0
412;409;1;66,99;0;0;59,94;1;66,99;0,41;-1;2;2;-1;20210731;-1;;;0;20210731;1;4;1
