id;idAnalyse;distanceDebut;tpsDebut;tpsDebutCycles;nbCycles;tpsFinCycles;distanceFin;tpsFin
1;1;5;-1;5,66;0;5,91;15;5,91
2;1;15;5,91;5,91;6;11,08;25;11,08
3;1;25;11,08;11,08;11;22,01;45;22,01
4;2;5;-1;5,44;1;6,01;15;6,01
5;2;15;6,01;6,01;6;11,38;25;11,38
6;2;25;11,38;11,38;11;22,43;45;22,43
7;3;5;-1;5,11;1;5,9;15;5,9
8;3;15;5,9;5,9;5;11,2;25;11,2
9;3;25;11,2;11,2;10;22,03;45;22,03
10;4;5;-1;5,08;1;6;15;6
11;4;15;6;6;5;11,23;25;11,23
12;4;25;11,23;11,23;10;21,8;45;21,8
13;5;5;-1;4,96;1;5,64;15;5,64
14;5;15;5,64;5,64;5;10,66;25;10,66
15;5;25;10,66;10,66;11;21,14;45;21,14
16;6;5;-1;4,97;1;5,84;15;5,84
17;6;15;5,84;5,84;5;10,9;25;10,9
18;6;25;10,9;10,9;10;21,53;45;21,53
19;7;5;-1;5,64;1;6,14;15;6,14
20;7;15;6,14;6,14;6;11,4;25;11,4
21;7;25;11,4;11,4;11;21,82;45;21,82
22;8;5;-1;6,09;1;6,71;15;6,71
23;8;15;6,71;6,71;4;12,23;25;12,23
24;8;25;12,23;12,23;9;23,91;45;23,91
25;8;55;28,71;33,31;1;34,66;65;34,66
26;8;65;34,66;34,66;4;40,65;75;40,65
27;8;75;40,65;40,65;8;53,05;95;53,05
28;9;5;-1;6,22;0;6,48;15;6,48
29;9;15;6,48;6,48;4;11,92;25;11,92
30;9;25;11,92;11,92;9;23,16;45;23,16
31;9;55;27,73;32,12;1;33,83;65;33,83
32;9;65;33,83;33,83;4;39,72;75;39,72
33;9;75;39,72;39,72;9;51,75;95;51,75
34;10;5;-1;6,06;0;6,59;15;6,59
35;10;15;6,59;6,59;4;12,16;25;12,16
36;10;25;12,16;12,16;8;24,5;45;24,5
37;10;55;29,07;33,63;1;34,88;65;34,88
38;10;65;34,88;34,88;5;40,38;75;40,38
39;10;75;40,38;40,38;9;51,78;95;51,78
40;11;5;-1;6,96;1;7,65;15;7,65
41;11;15;7,65;7,65;5;13,6;25;13,6
42;11;25;13,6;13,6;11;26,51;45;26,51
43;11;55;32,25;34,35;4;39,86;65;39,86
44;11;65;39,86;39,86;5;47,34;75;47,34
45;11;75;47,34;47,34;9;62,63;95;62,63
46;11;105;68,84;71,98;4;77,88;115;77,88
47;11;115;77,88;77,88;5;86,25;125;86,25
48;11;125;86,25;86,25;9;102,76;145;102,76
49;11;155;110,12;110,22;4;116,44;165;116,44
50;11;165;116,44;116,44;5;123,02;175;123,02
51;11;175;123,02;123,02;9;136,36;195;136,36
64;13;5;-1;4,86;3;7,96;15;7,96
65;13;15;7,96;7,96;6;14,38;25;14,38
66;13;25;14,38;14,38;11;27,92;45;27,92
67;13;55;34,5;35,59;4;41,84;65;41,84
68;13;65;41,84;41,84;6;49,26;75;49,26
69;13;75;49,26;49,26;10;64,61;95;64,61
70;13;105;71,04;72,96;5;80,06;115;80,06
71;13;115;80,06;80,06;6;88,54;125;88,54
72;13;125;88,54;88,54;13;105,53;145;105,53
73;13;155;113,19;113,19;5;119,81;165;119,81
74;13;165;119,81;119,81;5;126,58;175;126,58
75;13;175;126,58;126,58;11;140,54;195;140,54
76;14;5;-1;6,01;2;8,08;15;8,08
77;14;15;8,08;8,08;5;14,36;25;14,36
78;14;25;14,36;14,36;9;27,34;45;27,34
79;14;55;33,33;36,54;2;39,79;65;39,79
80;14;65;39,79;39,79;5;46,28;75;46,28
81;14;75;46,28;46,28;10;59,78;95;59,78
82;15;5;-1;7,1;0;7,51;15;7,51
83;15;15;7,51;7,51;4;14,22;25;14,22
84;15;25;14,22;14,22;8;28,54;45;28,54
85;15;55;33,56;38,56;1;40,11;65;40,11
86;15;65;40,11;40,11;5;46,46;75;46,46
87;15;75;46,46;46,46;10;59,42;95;59,42
88;16;5;-1;4,78;3;8,44;15;8,44
89;16;15;8,44;8,44;5;14,58;25;14,58
90;16;25;14,58;14,58;9;27,65;45;27,65
91;16;55;33,23;35,03;4;40,07;65;40,07
92;16;65;40,07;40,07;5;46,69;75;46,69
93;16;75;46,69;46,69;10;60,29;95;60,29
94;17;5;-1;5,87;1;6,43;15;6,43
95;17;15;6,43;6,43;5;11,81;25;11,81
96;17;25;11,81;11,81;10;22,92;45;22,92
97;18;5;-1;4,78;2;6,7;15;6,7
98;18;15;6,7;6,7;5;12,08;25;12,08
99;18;25;12,08;12,08;10;23,36;45;23,36
100;19;5;-1;5,93;1;6,71;15;6,71
101;19;15;6,71;6,71;5;12,08;25;12,08
102;19;25;12,08;12,08;10;23,51;45;23,51
103;20;5;-1;6,01;1;6,68;15;6,68
104;20;15;6,68;6,68;5;12;25;12
105;20;25;12;12;10;23,17;45;23,17
106;21;5;-1;6,15;1;7,38;15;7,38
107;21;15;7,38;7,38;6;13,65;25;13,65
108;21;25;13,65;13,65;12;26,53;45;26,53
109;22;5;-1;6,32;0;6,73;15;6,73
110;22;15;6,73;6,73;6;12,92;25;12,92
111;22;25;12,92;12,92;12;25,08;45;25,08
112;23;5;-1;5,9;1;6,99;15;6,99
113;23;15;6,99;6,99;6;13,05;25;13,05
114;23;25;13,05;13,05;12;25,45;45;25,45
115;24;5;-1;5,79;0;6,8;15;6,8
116;24;15;6,8;6,8;6;13,02;25;13,02
117;24;25;13,02;13,02;12;26,05;45;26,05
118;25;5;-1;6,19;1;7,4;15;7,4
119;25;15;7,4;7,4;6;13,94;25;13,94
120;25;25;13,94;13,94;12;26,75;45;26,75
121;26;5;-1;6,54;2;8,36;15;8,36
122;26;15;8,36;8,36;6;15,38;25;15,38
123;26;25;15,38;15,38;13;29,69;45;29,69
124;27;5;-1;5,76;3;8,48;15;8,48
125;27;15;8,48;8,48;7;15,55;25;15,55
126;27;25;15,55;15,55;14;29,73;45;29,73
127;28;5;-1;6,62;1;8,16;15;8,16
128;28;15;8,16;8,16;7;15,22;25;15,22
129;28;25;15,22;15,22;14;29,53;45;29,53
130;29;5;-1;5,98;2;8,29;15;8,29
131;29;15;8,29;8,29;5;15,05;25;15,05
132;29;25;15,05;15,05;11;29,06;45;29,06
133;30;5;-1;5,06;2;7,11;15;7,11
134;30;15;7,11;7,11;5;12,96;25;12,96
135;30;25;12,96;12,96;11;25,21;45;25,21
136;30;55;30,88;33,1;4;37,65;65;37,65
137;30;65;37,65;37,65;6;44,12;75;44,12
138;30;75;44,12;44,12;12;57,42;95;57,42
139;31;5;-1;5,05;2;7,34;15;7,34
140;31;15;7,34;7,34;5;13,82;25;13,82
141;31;25;13,82;13,82;10;26,95;45;26,95
142;31;55;32,73;33,83;5;39,26;65;39,26
143;31;65;39,26;39,26;5;45,66;75;45,66
144;31;75;45,66;45,66;11;58,84;95;58,84
145;32;5;-1;6,01;1;6,82;15;6,82
146;32;15;6,82;6,82;6;12,79;25;12,79
147;32;25;12,79;12,79;11;25,13;45;25,13
148;32;55;30,74;34,41;3;37,46;65;37,46
149;32;65;37,46;37,46;6;44,19;75;44,19
150;32;75;44,19;44,19;12;57,28;95;57,28
151;33;5;-1;4,86;3;7,45;15;7,45
152;33;15;7,45;7,45;6;13,44;25;13,44
153;33;25;13,44;13,44;11;25,63;45;25,63
154;33;55;31,96;33,57;5;38,55;65;38,55
155;33;65;38,55;38,55;6;44,97;75;44,97
156;33;75;44,97;44,97;13;58,19;95;58,19
157;34;5;-1;6,24;2;8,4;15;8,4
158;34;15;8,4;8,4;6;15,28;25;15,28
159;34;25;15,28;15,28;13;29,51;45;29,51
160;35;5;-1;5,37;2;7,89;15;7,89
161;35;15;7,89;7,89;6;14,74;25;14,74
162;35;25;14,74;14,74;12;28,83;45;28,83
163;36;5;-1;5,43;3;8,65;15;8,65
164;36;15;8,65;8,65;7;15,51;25;15,51
165;36;25;15,51;15,51;14;29,88;45;29,88
166;37;5;-1;6,76;1;8,18;15;8,18
167;37;15;8,18;8,18;6;15,15;25;15,15
168;37;25;15,15;15,15;12;29,72;45;29,72
169;38;5;-1;6,5;1;7,14;15;7,14
170;38;15;7,14;7,14;6;13,57;25;13,57
171;38;25;13,57;13,57;12;26,7;45;26,7
172;39;5;-1;6,18;0;6,6;15;6,6
173;39;15;6,6;6,6;6;12,79;25;12,79
174;39;25;12,79;12,79;12;25,35;45;25,35
175;40;5;-1;5,84;1;6,86;15;6,86
176;40;15;6,86;6,86;6;13,01;25;13,01
177;40;25;13,01;13,01;12;25,34;45;25,34
178;41;5;-1;5,62;1;6,74;15;6,74
179;41;15;6,74;6,74;6;12,86;25;12,86
180;41;25;12,86;12,86;13;25,8;45;25,8
181;42;5;-1;5,84;1;7,24;15;7,24
182;42;15;7,24;7,24;6;13,56;25;13,56
183;42;25;13,56;13,56;11;26,25;45;26,25
184;43;5;-1;4,97;2;6,69;15;6,69
185;43;15;6,69;6,69;5;12,09;25;12,09
186;43;25;12,09;12,09;10;23,36;45;23,36
187;44;5;-1;5,29;1;6,45;15;6,45
188;44;15;6,45;6,45;5;11,83;25;11,83
189;44;25;11,83;11,83;11;23,05;45;23,05
190;45;5;-1;5,89;1;6,5;15;6,5
191;45;15;6,5;6,5;5;11,84;25;11,84
192;45;25;11,84;11,84;10;22,98;45;22,98
193;46;5;-1;6,07;1;6,72;15;6,72
194;46;15;6,72;6,72;5;12,14;25;12,14
195;46;25;12,14;12,14;10;23,44;45;23,44
196;47;5;-1;4,58;2;6,73;15;6,73
197;47;15;6,73;6,73;5;12,17;25;12,17
198;47;25;12,17;12,17;10;23,64;45;23,64
199;48;5;-1;5,15;1;5,99;15;5,99
200;48;15;5,99;5,99;5;11,22;25;11,22
201;48;25;11,22;11,22;10;22,28;45;22,28
202;49;5;-1;5,6;1;6,12;15;6,12
203;49;15;6,12;6,12;6;11,35;25;11,35
204;49;25;11,35;11,35;12;22,05;45;22,05
205;50;5;-1;5,15;1;6,04;15;6,04
206;50;15;6,04;6,04;5;11,36;25;11,36
207;50;25;11,36;11,36;11;21,97;45;21,97
208;51;5;-1;4,51;1;5,7;15;5,7
209;51;15;5,7;5,7;5;10,82;25;10,82
210;51;25;10,82;10,82;10;21,17;45;21,17
211;52;5;-1;5,62;0;5,89;15;5,89
212;52;15;5,89;5,89;5;10,92;25;10,92
213;52;25;10,92;10,92;11;21,56;45;21,56
214;53;5;-1;5,5;0;5,87;15;5,87
215;53;15;5,87;5,87;5;11,18;25;11,18
216;53;25;11,18;11,18;10;22,05;45;22,05
217;54;5;-1;5,38;1;5,88;15;5,88
218;54;15;5,88;5,88;6;11,28;25;11,28
219;54;25;11,28;11,28;11;22,37;45;22,37
220;55;5;-1;4,78;3;7,3;15;7,3
221;55;15;7,3;7,3;6;13,33;25;13,33
222;55;25;13,33;13,33;12;25,62;45;25,62
223;55;55;31,3;33,58;5;38,26;65;38,26
224;55;65;38,26;38,26;6;44,59;75;44,59
225;55;75;44,59;44,59;13;58,33;95;58,33
226;56;5;-1;5,24;2;7,28;15;7,28
227;56;15;7,28;7,28;5;13,26;25;13,26
228;56;25;13,26;13,26;11;25,69;45;25,69
229;56;55;31,16;32,83;5;37,7;65;37,7
230;56;65;37,7;37,7;6;43,91;75;43,91
231;56;75;43,91;43,91;13;57,03;95;57,03
232;57;5;-1;5,92;1;6,88;15;6,88
233;57;15;6,88;6,88;6;12,84;25;12,84
234;57;25;12,84;12,84;12;25,1;45;25,1
235;57;55;30,88;34,05;3;37,55;65;37,55
236;57;65;37,55;37,55;6;43,85;75;43,85
237;57;75;43,85;43,85;13;57,11;95;57,11
238;58;5;-1;5,11;2;7,22;15;7,22
239;58;15;7,22;7,22;5;13,21;25;13,21
240;58;25;13,21;13,21;10;25,46;45;25,46
241;58;55;31,61;32,67;5;38,2;65;38,2
242;58;65;38,2;38,2;5;44,56;75;44,56
243;58;75;44,56;44,56;11;57,76;95;57,76
244;59;5;-1;5,9;1;6,68;15;6,68
245;59;15;6,68;6,68;5;12,57;25;12,57
246;59;25;12,57;12,57;10;24,63;45;24,63
247;59;55;30,33;32,95;9;43,8;75;43,8
248;59;75;43,8;43,8;11;57,49;95;57,49
249;59;105;63,05;65,98;7;78,1;125;78,1
250;59;125;78,1;78,1;9;92,92;145;92,92
251;59;155;98,41;101,52;7;113,21;175;113,21
252;59;175;113,21;113,21;9;128,21;195;128,21
253;59;205;134,31;137,43;8;151;225;151
254;59;225;151;151;10;168,1;245;168,1
255;59;255;174,41;177,92;9;191,72;275;191,72
256;59;275;191,72;191,72;11;209,12;295;209,12
257;59;305;216,55;218,23;8;229,94;325;229,94
258;59;325;229,94;229,94;8;243,61;345;243,61
259;59;355;249,14;250,97;9;262,9;375;262,9
260;59;375;262,9;262,9;10;276,48;395;276,48
261;60;5;-1;5,6;1;6,68;15;6,68
262;60;15;6,68;6,68;5;12,52;25;12,52
263;60;25;12,52;12,52;9;24,5;45;24,5
264;60;55;30,32;33,91;8;43,97;75;43,97
265;60;75;43,97;43,97;10;57,27;95;57,27
266;60;105;63,47;66,13;7;78,13;125;78,13
267;60;125;78,13;78,13;9;92,74;145;92,74
268;60;155;98,34;100,69;8;113,17;175;113,17
269;60;175;113,17;113,17;8;127,87;195;127,87
270;60;205;134,16;138,14;7;150,11;225;150,11
271;60;225;150,11;150,11;8;165,53;245;165,53
272;60;255;172,15;176,72;7;187,84;275;187,84
273;60;275;187,84;187,84;9;203,23;295;203,23
274;60;305;210,4;211,54;8;222,72;325;222,72
275;60;325;222,72;222,72;9;235,17;345;235,17
276;60;355;240,58;241,96;8;252,7;375;252,7
277;60;375;252,7;252,7;9;264,94;395;264,94
278;61;5;-1;4,87;2;7,15;15;7,15
279;61;15;7,15;7,15;5;13,13;25;13,13
280;61;25;13,13;13,13;10;25,82;45;25,82
281;61;55;31,55;33,33;9;45,03;75;45,03
282;61;75;45,03;45,03;10;58,39;95;58,39
283;61;105;64,8;66,1;9;79,21;125;79,21
284;61;125;79,21;79,21;9;93,65;145;93,65
285;61;155;99,33;100,89;8;113,77;175;113,77
286;61;175;113,77;113,77;9;128,46;195;128,46
287;61;205;134,39;136,61;8;150,65;225;150,65
288;61;225;150,65;150,65;9;166,65;245;166,65
289;61;255;172,8;175,55;8;188,73;275;188,73
290;61;275;188,73;188,73;10;204,73;295;204,73
291;61;305;211,89;212,13;9;224,55;325;224,55
292;61;325;224,55;224,55;9;237,46;345;237,46
293;61;355;242,93;243,16;9;254,85;375;254,85
294;61;375;254,85;254,85;10;267,16;395;267,16
295;62;5;-1;6,25;1;6,92;15;6,92
296;62;15;6,92;6,92;5;12,88;25;12,88
297;62;25;12,88;12,88;10;25,77;45;25,77
298;62;55;31,66;34,71;8;45,26;75;45,26
299;62;75;45,26;45,26;10;59,33;95;59,33
300;62;105;65,55;67,07;8;79,96;125;79,96
301;62;125;79,96;79,96;8;94,87;145;94,87
302;62;155;100,75;101,98;8;115,3;175;115,3
303;62;175;115,3;115,3;9;130,59;195;130,59
304;62;205;137,24;140,02;7;153,63;225;153,63
305;62;225;153,63;153,63;9;169,65;245;169,65
306;62;255;176,51;179,93;8;192,64;275;192,64
307;62;275;192,64;192,64;9;208,32;295;208,32
308;62;305;215,98;216,48;8;228,05;325;228,05
309;62;325;228,05;228,05;8;240,77;345;240,77
310;62;355;246,54;247,14;8;258,92;375;258,92
311;62;375;258,92;258,92;8;271,52;395;271,52
312;63;5;-1;6,3;1;7,38;15;7,38
313;63;15;7,38;7,38;5;13,38;25;13,38
314;63;25;13,38;13,38;10;26,27;45;26,27
315;63;55;31,98;34,54;3;39,24;65;39,24
316;63;65;39,24;39,24;5;46,33;75;46,33
317;63;75;46,33;46,33;9;60,58;95;60,58
318;63;105;66,73;69,41;3;75,18;115;75,18
319;63;115;75,18;75,18;5;83,42;125;83,42
320;63;125;83,42;83,42;11;99,58;145;99,58
321;63;155;106,83;106,96;4;113,15;165;113,15
322;63;165;113,15;113,15;5;119,72;175;119,72
323;63;175;119,72;119,72;9;133,04;195;133,04
324;64;5;-1;4,87;3;7,96;15;7,96
325;64;15;7,96;7,96;6;14,42;25;14,42
326;64;25;14,42;14,42;11;27,7;45;27,7
327;64;55;34,5;35,59;4;41,88;65;41,88
328;64;65;41,88;41,88;5;49,44;75;49,44
329;64;75;49,44;49,44;10;64,92;95;64,92
330;64;105;71,38;73,27;5;80,53;115;80,53
331;64;115;80,53;80,53;6;88,94;125;88,94
332;64;125;88,94;88,94;13;106,32;145;106,32
333;64;155;113,78;113,78;5;120,42;165;120,42
334;64;165;120,42;120,42;5;127,26;175;127,26
335;64;175;127,26;127,26;10;141,3;195;141,3
336;65;5;-1;5,74;2;7,52;15;7,52
337;65;15;7,52;7,52;6;14,18;25;14,18
338;65;25;14,18;14,18;11;27,59;45;27,59
339;65;55;34,04;36,71;3;41,68;65;41,68
340;65;65;41,68;41,68;5;49,16;75;49,16
341;65;75;49,16;49,16;9;64,53;95;64,53
342;65;105;70,9;74,77;3;80,25;115;80,25
343;65;115;80,25;80,25;5;89,02;125;89,02
344;65;125;89,02;89,02;10;106,91;145;106,91
345;65;155;114,18;114,34;5;120,9;165;120,9
346;65;165;120,9;120,9;4;127,44;175;127,44
347;65;175;127,44;127,44;9;141,09;195;141,09
360;67;5;-1;6,39;1;7,66;15;7,66
361;67;15;7,66;7,66;5;13,93;25;13,93
362;67;25;13,93;13,93;10;27,32;45;27,32
363;67;55;33,68;35,55;9;47,73;75;47,73
364;67;75;47,73;47,73;10;62,1;95;62,1
365;67;105;68,78;70,04;8;84,35;125;84,35
366;67;125;84,35;84,35;9;100,03;145;100,03
367;67;155;106,25;107,86;8;122,49;175;122,49
368;67;175;122,49;122,49;9;139,03;195;139,03
369;67;205;145,47;147,94;8;162,78;225;162,78
370;67;225;162,78;162,78;9;179,67;245;179,67
371;67;255;186,46;189,46;8;203,87;275;203,87
372;67;275;203,87;203,87;9;220,71;295;220,71
373;67;305;228,43;228,43;8;242,41;325;242,41
374;67;325;242,41;242,41;8;257;345;257
375;67;355;263,19;263,27;8;277,55;375;277,55
376;67;375;277,55;277,55;8;292,08;395;292,08
377;68;5;-1;-1;-1;-1;15;6,64
378;68;15;6,64;7;5;12,21;25;12,21
379;68;25;12,21;12,21;10;23,56;45;23,56
380;69;5;-1;6,46;0;6,58;15;6,58
381;69;15;6,58;6,58;5;12,02;25;12,02
382;69;25;12,02;12,02;10;23,27;45;23,27
383;70;5;-1;-1;-1;-1;15;6,58
384;70;15;6,58;6,76;5;11,88;25;11,88
385;70;25;11,88;11,88;9;22,92;45;22,92
386;71;5;-1;4,47;1;5,71;15;5,71
387;71;15;5,71;5,71;4;10,73;25;10,73
388;71;25;10,73;10,73;8;20,91;45;20,91
389;71;55;25,37;27,41;3;30,81;65;30,81
390;71;65;30,81;30,81;4;36,16;75;36,16
391;71;75;36,16;36,16;8;47,53;95;47,53
392;72;5;-1;4,7;1;6,16;15;6,16
393;72;15;6,16;6,16;4;11,11;25;11,11
394;72;25;11,11;11,11;9;21,35;45;21,35
395;72;55;26,1;26,74;4;31,44;65;31,44
396;72;65;31,44;31,44;4;36,56;75;36,56
397;72;75;36,56;36,56;9;47,35;95;47,35
398;73;5;-1;5,37;0;5,79;15;5,79
399;73;15;5,79;5,79;4;10,75;25;10,75
400;73;25;10,75;10,75;8;21,21;45;21,21
401;73;55;25,53;28,2;2;31,08;65;31,08
402;73;65;31,08;31,08;4;36,6;75;36,6
403;73;75;36,6;36,6;8;47,79;95;47,79
404;74;5;-1;4,88;1;5,81;15;5,81
405;74;15;5,81;5,81;4;10,77;25;10,77
406;74;25;10,77;10,77;9;21,19;45;21,19
407;74;55;25,17;27,84;2;30,59;65;30,59
408;74;65;30,59;30,59;4;35,85;75;35,85
409;74;75;35,85;35,85;9;46,44;95;46,44
410;75;5;-1;4,76;1;5,97;15;5,97
411;75;15;5,97;5,97;4;11,01;25;11,01
412;75;25;11,01;11,01;8;21,65;45;21,65
413;75;55;26,19;27,68;3;31,65;65;31,65
414;75;65;31,65;31,65;4;36,97;75;36,97
415;75;75;36,97;36,97;8;48,04;95;48,04
416;76;5;-1;4,79;3;7,08;15;7,08
417;76;15;7,08;7,08;6;12,84;25;12,84
418;76;25;12,84;12,84;12;24,84;45;24,84
419;77;5;-1;6,36;0;6,39;15;6,39
420;77;15;6,39;6,39;6;12,1;25;12,1
421;77;25;12,1;12,1;12;24,05;45;24,05
422;78;5;-1;6,49;0;6,55;15;6,55
423;78;15;6,55;6,55;6;12,41;25;12,41
424;78;25;12,41;12,41;12;24,31;45;24,31
425;79;5;-1;4,42;3;6,94;15;6,94
426;79;15;6,94;6,94;6;12,59;25;12,59
427;79;25;12,59;12,59;12;24,48;45;24,48
428;80;5;-1;6,36;0;6,63;15;6,63
429;80;15;6,63;6,63;6;12,24;25;12,24
430;80;25;12,24;12,24;12;23,92;45;23,92
431;81;5;-1;6,28;1;7,19;15;7,19
432;81;15;7,19;7,19;6;13,07;25;13,07
433;81;25;13,07;13,07;12;25,19;45;25,19
434;82;5;-1;6,25;0;6,41;15;6,41
435;82;15;6,41;6,41;5;11,65;25;11,65
436;82;25;11,65;11,65;10;22,54;45;22,54
437;83;5;-1;6,46;0;6,46;15;6,46
438;83;15;6,46;6,46;5;11,86;25;11,86
439;83;25;11,86;11,86;10;23;45;23
440;84;5;-1;-1;-1;-1;15;6,61
441;84;15;6,61;7,31;4;12,07;25;12,07
442;84;25;12,07;12,07;10;23,59;45;23,59
443;85;5;-1;5,41;1;6,19;15;6,19
444;85;15;6,19;6,19;5;11,86;25;11,86
445;85;25;11,86;11,86;10;23,77;45;23,77
446;85;55;28,7;33,93;1;34,79;65;34,79
447;85;65;34,79;34,79;5;41,03;75;41,03
448;85;75;41,03;41,03;10;53,87;95;53,87
449;85;105;59,53;63,53;2;67,13;115;67,13
450;85;115;67,13;67,13;5;75;125;75
451;85;125;75;75;10;90,01;145;90,01
452;85;155;96,4;96,98;4;102,21;165;102,21
453;85;165;102,21;102,21;5;108,07;175;108,07
454;85;175;108,07;108,07;9;120,18;195;120,18
455;86;5;-1;5,67;0;5,99;15;5,99
456;86;15;5,99;5,99;5;11,52;25;11,52
457;86;25;11,52;11,52;10;22,97;45;22,97
458;86;55;28,38;31,95;2;34,85;65;34,85
459;86;65;34,85;34,85;4;41,1;75;41,1
460;86;75;41,1;41,1;9;54,22;95;54,22
461;86;105;59,51;64,02;2;67,48;115;67,48
462;86;115;67,48;67,48;4;74,85;125;74,85
463;86;125;74,85;74,85;9;90,72;145;90,72
464;86;155;96,96;97,64;4;102,88;165;102,88
465;86;165;102,88;102,88;4;108,78;175;108,78
466;86;175;108,78;108,78;9;120,42;195;120,42
467;87;5;-1;5,68;1;6,28;15;6,28
468;87;15;6,28;6,28;5;11,64;25;11,64
469;87;25;11,64;11,64;11;23,01;45;23,01
470;87;55;27,95;31,08;2;34,78;65;34,78
471;87;65;34,78;34,78;4;41,3;75;41,3
472;87;75;41,3;41,3;9;54,64;95;54,64
473;87;105;59,92;63,1;3;67,66;115;67,66
474;87;115;67,66;67,66;5;74,52;125;74,52
475;87;125;74,52;74,52;10;89,01;145;89,01
476;87;155;95,04;95,54;4;101;165;101
477;87;165;101;101;4;106,88;175;106,88
478;87;175;106,88;106,88;9;118,69;195;118,69
479;88;5;-1;5,88;1;6,6;15;6,6
480;88;15;6,6;6,6;5;12,34;25;12,34
481;88;25;12,34;12,34;10;24,29;45;24,29
482;88;55;29,73;32,97;2;36,6;65;36,6
483;88;65;36,6;36,6;4;43,2;75;43,2
484;88;75;43,2;43,2;9;56,93;95;56,93
485;88;105;62,76;66,93;2;70,16;115;70,16
486;88;115;70,16;70,16;5;77,7;125;77,7
487;88;125;77,7;77,7;9;92,13;145;92,13
488;88;155;98,65;100,01;4;104,59;165;104,59
489;88;165;104,59;104,59;5;110,44;175;110,44
490;88;175;110,44;110,44;9;122,33;195;122,33
491;89;5;-1;6,08;1;6,74;15;6,74
492;89;15;6,74;6,74;5;12,37;25;12,37
493;89;25;12,37;12,37;11;24,55;45;24,55
494;89;55;30,08;32,46;3;36,83;65;36,83
495;89;65;36,83;36,83;4;43,14;75;43,14
496;89;75;43,14;43,14;9;56,86;95;56,86
497;89;105;62,96;65,45;3;70,7;115;70,7
498;89;115;70,7;70,7;5;78,42;125;78,42
499;89;125;78,42;78,42;10;93,71;145;93,71
500;89;155;100,42;100,92;4;106,4;165;106,4
501;89;165;106,4;106,4;4;112,24;175;112,24
502;89;175;112,24;112,24;9;124,41;195;124,41
503;90;5;-1;6,16;1;7,37;15;7,37
504;90;15;7,37;7,37;5;13,67;25;13,67
505;90;25;13,67;13,67;10;27,13;45;27,13
506;90;55;33,17;36,06;8;47,01;75;47,01
507;90;75;47,01;47,01;10;61,22;95;61,22
508;90;105;67,23;69,3;9;82,35;125;82,35
509;90;125;82,35;82,35;10;97,83;145;97,83
510;90;155;103,41;106,25;8;118,47;175;118,47
511;90;175;118,47;118,47;10;134,2;195;134,2
512;90;205;140,29;143,22;9;157,02;225;157,02
513;90;225;157,02;157,02;10;173,92;245;173,92
514;90;255;181,12;184,06;9;198,05;275;198,05
515;90;275;198,05;198,05;11;215;295;215
516;90;305;222,91;223,3;10;236,33;325;236,33
517;90;325;236,33;236,33;10;250,23;345;250,23
518;90;355;256,15;256,51;9;269,37;375;269,37
519;90;375;269,37;269,37;10;282,66;395;282,66
520;91;5;-1;6,33;1;7,45;15;7,45
521;91;15;7,45;7,45;5;13,63;25;13,63
522;91;25;13,63;13,63;10;26,57;45;26,57
523;91;55;33,18;34,92;9;47,07;75;47,07
524;91;75;47,07;47,07;10;61,28;95;61,28
525;91;105;67,77;69,38;9;83,48;125;83,48
526;91;125;83,48;83,48;10;99,31;145;99,31
527;91;155;105,9;106,49;9;121,17;175;121,17
528;91;175;121,17;121,17;10;137,24;195;137,24
529;91;205;143,47;145,89;8;160,88;225;160,88
530;91;225;160,88;160,88;10;177,97;245;177,97
531;91;255;184,8;187,62;8;201,75;275;201,75
532;91;275;201,75;201,75;9;219,07;295;219,07
533;91;305;226,45;226,59;8;239,81;325;239,81
534;91;325;239,81;239,81;9;253,63;345;253,63
535;91;355;259,68;259,77;9;273,43;375;273,43
536;91;375;273,43;273,43;9;287,46;395;287,46
537;92;5;-1;6,85;1;7,83;15;7,83
538;92;15;7,83;7,83;5;14,32;25;14,32
539;92;25;14,32;14,32;9;27,98;45;27,98
540;92;55;33,24;35,97;4;40,87;65;40,87
541;92;65;40,87;40,87;5;48;75;48
542;92;75;48;48;10;62,63;95;62,63
543;92;105;68,45;70,77;4;76,01;115;76,01
544;92;115;76,01;76,01;5;83,33;125;83,33
545;92;125;83,33;83,33;10;98,14;145;98,14
546;92;155;103,92;105,71;4;111,72;165;111,72
547;92;165;111,72;111,72;5;119,42;175;119,42
548;92;175;119,42;119,42;10;135,01;195;135,01
549;93;5;-1;5,84;2;8,51;15;8,51
550;93;15;8,51;8,51;5;14,87;25;14,87
551;93;25;14,87;14,87;9;28,34;45;28,34
552;93;55;33,95;35,76;4;41,22;65;41,22
553;93;65;41,22;41,22;4;48,22;75;48,22
554;93;75;48,22;48,22;9;62,71;95;62,71
555;93;105;68,71;69,88;4;75,95;115;75,95
556;93;115;75,95;75,95;5;82,82;125;82,82
557;93;125;82,82;82,82;9;97,28;145;97,28
558;93;155;103,21;104,2;4;110,39;165;110,39
559;93;165;110,39;110,39;5;117,44;175;117,44
560;93;175;117,44;117,44;10;131,82;195;131,82
561;94;5;-1;6,13;1;8,04;15;8,04
562;94;15;8,04;8,04;5;14,38;25;14,38
563;94;25;14,38;14,38;9;27,5;45;27,5
564;94;55;32,89;34,92;3;39,93;65;39,93
565;94;65;39,93;39,93;4;46,58;75;46,58
566;94;75;46,58;46,58;9;60,26;95;60,26
567;94;105;66,1;67,49;4;73,18;115;73,18
568;94;115;73,18;73,18;5;80,08;125;80,08
569;94;125;80,08;80,08;9;94,38;145;94,38
570;94;155;100,46;101,32;4;107,56;165;107,56
571;94;165;107,56;107,56;5;114,67;175;114,67
572;94;175;114,67;114,67;9;129,35;195;129,35
573;95;5;-1;-1;-1;-1;15;6,55
574;95;15;6,55;6,74;5;12,32;25;12,32
575;95;25;12,32;12,32;10;24,03;45;24,03
576;95;55;29,53;34,09;2;35,87;65;35,87
577;95;65;35,87;35,87;5;41,97;75;41,97
578;95;75;41,97;41,97;11;54,74;95;54,74
579;95;105;60,7;64,72;3;67,26;115;67,26
580;95;115;67,26;67,26;6;73,47;125;73,47
581;95;125;73,47;73,47;12;86,59;145;86,59
582;95;155;92,66;96,8;3;99,16;165;99,16
583;95;165;99,16;99,16;6;105,73;175;105,73
584;95;175;105,73;105,73;12;119,55;195;119,55
585;96;5;-1;5,68;1;6,76;15;6,76
586;96;15;6,76;6,76;5;12,65;25;12,65
587;96;25;12,65;12,65;10;24,42;45;24,42
588;96;55;29,92;32,49;3;36,11;65;36,11
589;96;65;36,11;36,11;5;42,31;75;42,31
590;96;75;42,31;42,31;10;54,79;95;54,79
591;96;105;60,37;62,78;3;66,98;115;66,98
592;96;115;66,98;66,98;5;73,2;125;73,2
593;96;125;73,2;73,2;11;86,31;145;86,31
594;96;155;91,91;93,67;4;98,38;165;98,38
595;96;165;98,38;98,38;5;104,89;175;104,89
596;96;175;104,89;104,89;11;117,75;195;117,75
597;97;5;-1;5,76;1;6,8;15;6,8
598;97;15;6,8;6,8;5;12,53;25;12,53
599;97;25;12,53;12,53;10;24,79;45;24,79
600;97;55;30,35;32,27;4;36,87;65;36,87
601;97;65;36,87;36,87;5;42,81;75;42,81
602;97;75;42,81;42,81;10;54,8;95;54,8
603;97;105;60,95;62,83;4;67,54;115;67,54
604;97;115;67,54;67,54;6;73,95;125;73,95
605;97;125;73,95;73,95;11;86,76;145;86,76
606;97;155;93,27;94,52;5;100,11;165;100,11
607;97;165;100,11;100,11;6;106,9;175;106,9
608;97;175;106,9;106,9;12;121,1;195;121,1
609;98;5;-1;5,62;1;6,69;15;6,69
610;98;15;6,69;6,69;5;12,47;25;12,47
611;98;25;12,47;12,47;10;25;45;25
612;98;55;30,54;32,89;3;36,85;65;36,85
613;98;65;36,85;36,85;5;43,08;75;43,08
614;98;75;43,08;43,08;10;55,86;95;55,86
615;98;105;61,68;63,25;4;68,29;115;68,29
616;98;115;68,29;68,29;5;74,76;125;74,76
617;98;125;74,76;74,76;10;88,02;145;88,02
618;98;155;93,96;95,01;5;100,63;165;100,63
619;98;165;100,63;100,63;5;107,19;175;107,19
620;98;175;107,19;107,19;10;120,35;195;120,35
621;99;5;-1;6,55;1;8,25;15;8,25
622;99;15;8,25;8,25;4;15,69;25;15,69
623;99;25;15,69;15,69;8;31,42;45;31,42
624;99;55;37,56;41,81;2;45,92;65;45,92
625;99;65;45,92;45,92;4;54,05;75;54,05
626;99;75;54,05;54,05;8;70;95;70
627;99;105;76,9;80,67;3;85,53;115;85,53
628;99;115;85,53;85,53;5;93,35;125;93,35
629;99;125;93,35;93,35;9;109,57;145;109,57
630;99;155;116,76;120,11;3;125,27;165;125,27
631;99;165;125,27;125,27;5;133,57;175;133,57
632;99;175;133,57;133,57;11;150,55;195;150,55
633;100;5;-1;8;0;8,38;15;8,38
634;100;15;8,38;8,38;5;16,02;25;16,02
635;100;25;16,02;16,02;9;31,72;45;31,72
636;100;55;38,23;41,31;3;46,56;65;46,56
637;100;65;46,56;46,56;4;54,43;75;54,43
638;100;75;54,43;54,43;9;70,48;95;70,48
639;100;105;77,24;80,17;3;85,72;115;85,72
640;100;115;85,72;85,72;4;93,81;125;93,81
641;100;125;93,81;93,81;9;110,3;145;110,3
642;100;155;116,86;119,34;4;125,35;165;125,35
643;100;165;125,35;125,35;5;133,55;175;133,55
644;100;175;133,55;133,55;11;150,01;195;150,01
645;101;5;-1;7,11;0;7,45;15;7,45
646;101;15;7,45;7,45;4;14,19;25;14,19
647;101;25;14,19;14,19;8;28,39;45;28,39
648;101;55;33,76;38,26;2;41,8;65;41,8
649;101;65;41,8;41,8;4;48,89;75;48,89
650;101;75;48,89;48,89;8;64,18;95;64,18
651;101;105;69,72;73,93;2;77,71;115;77,71
652;101;115;77,71;77,71;4;84,65;125;84,65
653;101;125;84,65;84,65;8;98,76;145;98,76
654;101;155;104,97;108,99;2;112,51;165;112,51
655;101;165;112,51;112,51;5;119,67;175;119,67
656;101;175;119,67;119,67;9;133,8;195;133,8
657;102;5;-1;7,38;0;7,52;15;7,52
658;102;15;7,52;7,52;4;14,19;25;14,19
659;102;25;14,19;14,19;8;28,22;45;28,22
660;102;55;33,81;38,92;1;41,22;65;41,22
661;102;65;41,22;41,22;4;48,77;75;48,77
662;102;75;48,77;48,77;8;63,72;95;63,72
663;102;105;70;74,86;2;77,59;115;77,59
664;102;115;77,59;77,59;4;85,04;125;85,04
665;102;125;85,04;85,04;8;99,76;145;99,76
666;102;155;105,91;110,84;2;113,58;165;113,58
667;102;165;113,58;113,58;5;120,8;175;120,8
668;102;175;120,8;120,8;9;134,99;195;134,99
669;103;5;-1;-1;-1;-1;15;6,73
670;103;15;6,73;7,4;3;13,56;25;13,56
671;103;25;13,56;13,56;7;27,67;45;27,67
672;103;55;32,96;38,08;1;40,31;65;40,31
673;103;65;40,31;40,31;4;47,51;75;47,51
674;103;75;47,51;47,51;7;62,37;95;62,37
675;103;105;68,05;72,72;2;75,5;115;75,5
676;103;115;75,5;75,5;4;82,71;125;82,71
677;103;125;82,71;82,71;7;97,03;145;97,03
678;103;155;103,35;108,08;2;110,76;165;110,76
679;103;165;110,76;110,76;5;117,74;175;117,74
680;103;175;117,74;117,74;10;131,75;195;131,75
681;104;5;-1;6,79;1;7,68;15;7,68
682;104;15;7,68;7,68;4;14,79;25;14,79
683;104;25;14,79;14,79;8;28,81;45;28,81
684;104;55;34,88;39,36;2;42,44;65;42,44
685;104;65;42,44;42,44;4;49,89;75;49,89
686;104;75;49,89;49,89;9;64,66;95;64,66
687;104;105;70,14;74,78;2;78,37;115;78,37
688;104;115;78,37;78,37;4;85,87;125;85,87
689;104;125;85,87;85,87;9;100,96;145;100,96
690;104;155;106,96;111,41;2;115;165;115
691;104;165;115;115;5;122,31;175;122,31
692;104;175;122,31;122,31;11;137,27;195;137,27
693;105;5;-1;4,09;2;7,07;15;7,07
694;105;15;7,07;7,07;4;13,02;25;13,02
695;105;25;13,02;13,02;9;25,4;45;25,4
696;105;55;30,69;31,83;4;36,92;65;36,92
697;105;65;36,92;36,92;4;43,04;75;43,04
698;105;75;43,04;43,04;9;55,78;95;55,78
699;105;105;61,36;62,38;4;67,94;115;67,94
700;105;115;67,94;67,94;4;74,2;125;74,2
701;105;125;74,2;74,2;9;87,32;145;87,32
702;105;155;92,74;93,86;4;99,48;165;99,48
703;105;165;99,48;99,48;5;105,96;175;105,96
704;105;175;105,96;105,96;10;119,44;195;119,44
705;106;5;-1;5,72;1;7,06;15;7,06
706;106;15;7,06;7,06;4;13,04;25;13,04
707;106;25;13,04;13,04;8;25,46;45;25,46
708;106;55;30,65;32,62;3;37,24;65;37,24
709;106;65;37,24;37,24;4;43,62;75;43,62
710;106;75;43,62;43,62;8;56,5;95;56,5
711;106;105;62,11;63,76;3;68,7;115;68,7
712;106;115;68,7;68,7;4;75,16;125;75,16
713;106;125;75,16;75,16;9;88,51;145;88,51
714;106;155;93,99;95,68;4;100,6;165;100,6
715;106;165;100,6;100,6;5;107,09;175;107,09
716;106;175;107,09;107,09;10;120,4;195;120,4
717;107;5;-1;4,73;2;7,43;15;7,43
718;107;15;7,43;7,43;4;13,45;25;13,45
719;107;25;13,45;13,45;9;25,9;45;25,9
720;107;55;31,64;31,94;4;38,01;65;38,01
721;107;65;38,01;38,01;4;44,46;75;44,46
722;107;75;44,46;44,46;9;57,43;95;57,43
723;107;105;63,27;63,8;4;69,7;115;69,7
724;107;115;69,7;69,7;4;76,16;125;76,16
725;107;125;76,16;76,16;9;89,12;145;89,12
726;107;155;95,01;95,26;4;101,28;165;101,28
727;107;165;101,28;101,28;5;107,78;175;107,78
728;107;175;107,78;107,78;9;121,06;195;121,06
729;108;5;-1;5,18;1;6,62;15;6,62
730;108;15;6,62;6,62;4;12,19;25;12,19
731;108;25;12,19;12,19;9;23,9;45;23,9
732;108;55;28,96;29,76;4;35,15;65;35,15
733;108;65;35,15;35,15;4;41,35;75;41,35
734;108;75;41,35;41,35;9;53,82;95;53,82
735;108;105;59,28;60,01;4;65,71;115;65,71
736;108;115;65,71;65,71;5;71,89;125;71,89
737;108;125;71,89;71,89;9;84,82;145;84,82
738;108;155;90,38;91,13;4;96,82;165;96,82
739;108;165;96,82;96,82;5;103,37;175;103,37
740;108;175;103,37;103,37;10;116,65;195;116,65
741;109;5;-1;4,86;2;7,25;15;7,25
742;109;15;7,25;7,25;4;13,12;25;13,12
743;109;25;13,12;13,12;9;25,52;45;25,52
744;109;55;30,97;31,93;4;37,33;65;37,33
745;109;65;37,33;37,33;5;43,66;75;43,66
746;109;75;43,66;43,66;9;56,44;95;56,44
747;109;105;62,45;63,02;4;68,77;115;68,77
748;109;115;68,77;68,77;4;75,24;125;75,24
749;109;125;75,24;75,24;9;88,26;145;88,26
750;109;155;94,27;94,72;4;100,39;165;100,39
751;109;165;100,39;100,39;5;106,74;175;106,74
752;109;175;106,74;106,74;9;119,57;195;119,57
753;110;5;-1;5,07;2;7,12;15;7,12
754;110;15;7,12;7,12;4;13,12;25;13,12
755;110;25;13,12;13,12;8;25,58;45;25,58
756;110;55;31,08;31,56;4;37,5;65;37,5
757;110;65;37,5;37,5;4;43,9;75;43,9
758;110;75;43,9;43,9;8;56,84;95;56,84
759;110;105;62,82;62,82;4;69,23;115;69,23
760;110;115;69,23;69,23;4;75,88;125;75,88
761;110;125;75,88;75,88;9;89,02;145;89,02
762;110;155;94,94;95,24;4;101,2;165;101,2
763;110;165;101,2;101,2;5;107,56;175;107,56
764;110;175;107,56;107,56;10;120,3;195;120,3
765;111;5;-1;4,94;2;7,11;15;7,11
766;111;15;7,11;7,11;4;13,06;25;13,06
767;111;25;13,06;13,06;8;25,49;45;25,49
768;111;55;30,68;32,52;3;37,4;65;37,4
769;111;65;37,4;37,4;4;43,84;75;43,84
770;111;75;43,84;43,84;8;57,08;95;57,08
771;111;105;62,68;64,28;4;69,2;115;69,2
772;111;115;69,2;69,2;4;75,86;125;75,86
773;111;125;75,86;75,86;9;89,2;145;89,2
774;111;155;94,85;96,77;4;101,28;165;101,28
775;111;165;101,28;101,28;5;107,87;175;107,87
776;111;175;107,87;107,87;9;121,24;195;121,24
777;112;5;-1;5,2;1;5,8;15;5,8
778;112;15;5,8;5,8;4;10,84;25;10,84
779;112;25;10,84;10,84;1;23,01;45;21,16
780;112;55;25,54;27,81;3;31,26;65;31,26
781;112;65;31,26;31,26;4;36,8;75;36,8
782;112;75;36,8;36,8;9;48,15;95;48,15
783;113;5;-1;4,84;1;5,75;15;5,75
784;113;15;5,75;5,75;4;10,78;25;10,78
785;113;25;10,78;10,78;8;21,04;45;21,04
786;113;55;25,47;27,41;3;30,92;65;30,92
787;113;65;30,92;30,92;4;36,14;75;36,14
788;113;75;36,14;36,14;8;47,29;95;47,29
789;114;5;-1;4,77;1;5,79;15;5,79
790;114;15;5,79;5,79;4;10,63;25;10,63
791;114;25;10,63;10,63;9;20,77;45;20,77
792;114;55;24,91;27,3;3;30,31;65;30,31
793;114;65;30,31;30,31;4;35,57;75;35,57
794;114;75;35,57;35,57;9;46,25;95;46,25
795;115;5;-1;4,41;2;6,12;15;6,12
796;115;15;6,12;6,12;4;11,08;25;11,08
797;115;25;11,08;11,08;9;21,33;45;21,33
798;115;55;25,92;26,64;4;31,24;65;31,24
799;115;65;31,24;31,24;4;36,5;75;36,5
800;115;75;36,5;36,5;9;47,26;95;47,26
801;116;5;-1;4,64;1;5,92;15;5,92
802;116;15;5,92;5,92;4;10,97;25;10,97
803;116;25;10,97;10,97;8;21,42;45;21,42
804;116;55;25,75;27,42;3;31,43;65;31,43
805;116;65;31,43;31,43;4;36,79;75;36,79
806;116;75;36,79;36,79;8;48,05;95;48,05
807;117;5;-1;5,24;1;5,88;15;5,88
808;117;15;5,88;5,88;5;10,74;25;10,74
809;117;25;10,74;10,74;10;20,83;45;20,83
810;118;5;-1;4,89;1;5,62;15;5,62
811;118;15;5,62;5,62;5;10,5;25;10,5
812;118;25;10,5;10,5;10;20,78;45;20,78
813;119;5;-1;4,76;1;5,64;15;5,64
814;119;15;5,64;5,64;5;10,45;25;10,45
815;119;25;10,45;10,45;9;20,4;45;20,4
816;120;5;-1;4,48;1;5,79;15;5,79
817;120;15;5,79;5,79;5;10,66;25;10,66
818;120;25;10,66;10,66;10;20,7;45;20,7
819;121;5;-1;4,86;1;5,62;15;5,62
820;121;15;5,62;5,62;4;10,34;25;10,34
821;121;25;10,34;10,34;9;20,18;45;20,18
822;122;5;-1;6,76;1;7,5;15;7,5
823;122;15;7,5;7,5;6;13,36;25;13,36
824;122;25;13,36;13,36;11;25,77;45;25,77
825;123;5;-1;6,7;1;7,9;15;7,9
826;123;15;7,9;7,9;5;14,04;25;14,04
827;123;25;14,04;14,04;10;26,62;45;26,62
828;124;5;-1;6,03;1;7,12;15;7,12
829;124;15;7,12;7,12;5;12,75;25;12,75
830;124;25;12,75;12,75;10;24,57;45;24,57
831;124;55;29,43;31,78;3;35,85;65;35,85
832;124;65;35,85;35,85;5;41,88;75;41,88
833;124;75;41,88;41,88;10;54,25;95;54,25
834;125;5;-1;6,11;1;6,78;15;6,78
835;125;15;6,78;6,78;4;12,3;25;12,3
836;125;25;12,3;12,3;9;23,71;45;23,71
837;125;55;28,86;30,98;3;34,83;65;34,83
838;125;65;34,83;34,83;5;40,81;75;40,81
839;125;75;40,81;40,81;9;53,2;95;53,2
840;126;5;-1;4,19;3;7,1;15;7,1
841;126;15;7,1;7,1;5;12,86;25;12,86
842;126;25;12,86;12,86;10;24,82;45;24,82
843;126;55;30;31,5;4;36,42;65;36,42
844;126;65;36,42;36,42;5;42,4;75;42,4
845;126;75;42,4;42,4;10;54,77;95;54,77
846;127;5;-1;5,14;2;6,99;15;6,99
847;127;15;6,99;6,99;5;12,53;25;12,53
848;127;25;12,53;12,53;9;24,09;45;24,09
849;127;55;29,12;30,53;4;35,23;65;35,23
850;127;65;35,23;35,23;5;41,23;75;41,23
851;127;75;41,23;41,23;10;53,55;95;53,55
852;128;5;-1;5,18;2;6,99;15;6,99
853;128;15;6,99;6,99;4;12,64;25;12,64
854;128;25;12,64;12,64;9;24,38;45;24,38
855;128;55;29,9;30,41;4;35,83;65;35,83
856;128;65;35,83;35,83;5;41,63;75;41,63
857;128;75;41,63;41,63;9;53,61;95;53,61
858;129;5;-1;5,57;2;6,84;15;6,84
859;129;15;6,84;6,84;5;12,53;25;12,53
860;129;25;12,53;12,53;10;24,25;45;24,25
861;129;55;29,45;32,19;3;35,62;65;35,62
862;129;65;35,62;35,62;5;41,47;75;41,47
863;129;75;41,47;41,47;10;53,78;95;53,78
864;130;5;-1;6,56;0;6,88;15;6,88
865;130;15;6,88;6,88;5;13,3;25;13,3
866;130;25;13,3;13,3;10;26,2;45;26,2
867;130;55;31,55;35,45;2;38,49;65;38,49
868;130;65;38,49;38,49;5;45,14;75;45,14
869;130;75;45,14;45,14;11;58,75;95;58,75
870;131;5;-1;6,46;0;6,74;15;6,74
871;131;15;6,74;6,74;5;13,4;25;13,4
872;131;25;13,4;13,4;10;26,41;45;26,41
873;131;55;31,94;36,12;2;39,1;65;39,1
874;131;65;39,1;39,1;5;46,06;75;46,06
875;131;75;46,06;46,06;12;59,94;95;59,94
876;132;5;-1;6,7;0;7;15;7
877;132;15;7;7;5;13,88;25;13,88
878;132;25;13,88;13,88;9;27,59;45;27,59
879;132;55;32,92;37,49;2;40,26;65;40,26
880;132;65;40,26;40,26;5;47,02;75;47,02
881;132;75;47,02;47,02;10;61,24;95;61,24
882;133;5;-1;6,21;1;7,6;15;7,6
883;133;15;7,6;7,6;5;14,14;25;14,14
884;133;25;14,14;14,14;11;27,37;45;27,37
885;133;55;32,94;36,19;3;40,19;65;40,19
886;133;65;40,19;40,19;6;46,92;75;46,92
887;133;75;46,92;46,92;12;60,64;95;60,64
888;134;5;-1;6,4;0;6,87;15;6,87
889;134;15;6,87;6,87;6;13,31;25;13,31
890;134;25;13,31;13,31;11;26,45;45;26,45
891;134;55;31,62;36,21;2;38,92;65;38,92
892;134;65;38,92;38,92;5;45,8;75;45,8
893;134;75;45,8;45,8;11;59,83;95;59,83
894;135;5;-1;6,86;0;7,29;15;7,29
895;135;15;7,29;7,29;5;13,93;25;13,93
896;135;25;13,93;13,93;10;27,1;45;27,1
897;135;55;32,84;36,79;2;40,13;65;40,13
898;135;65;40,13;40,13;5;46,98;75;46,98
899;135;75;46,98;46,98;11;61,04;95;61,04
900;136;5;-1;7,92;0;8,46;15;8,46
901;136;15;8,46;8,46;6;15,94;25;15,94
902;136;25;15,94;15,94;11;30,94;45;30,94
903;136;55;36,99;40,13;4;45,09;65;45,09
904;136;65;45,09;45,09;6;52,96;75;52,96
905;136;75;52,96;52,96;11;68,36;95;68,36
906;137;5;-1;6,72;1;8,24;15;8,24
907;137;15;8,24;8,24;5;15,64;25;15,64
908;137;25;15,64;15,64;10;30,58;45;30,58
909;137;55;36,62;40,23;3;44,76;65;44,76
910;137;65;44,76;44,76;5;52,55;75;52,55
911;137;75;52,55;52,55;11;68,52;95;68,52
912;138;5;-1;-1;-1;-1;15;-1
913;138;15;-1;-1;-1;-1;25;-1
914;138;25;-1;-1;-1;-1;45;-1
915;138;55;-1;-1;-1;-1;65;-1
916;138;65;-1;-1;-1;-1;75;-1
917;138;75;-1;-1;-1;-1;95;-1
918;138;105;-1;-1;-1;-1;115;-1
919;138;115;-1;-1;-1;-1;125;-1
920;138;125;-1;-1;-1;-1;145;-1
921;138;155;-1;-1;-1;-1;165;-1
922;138;165;-1;-1;-1;-1;175;-1
923;138;175;-1;-1;-1;-1;195;-1
924;139;5;-1;-1;-1;-1;15;-1
925;139;15;-1;-1;-1;-1;25;-1
926;139;25;-1;-1;-1;-1;45;-1
927;139;55;-1;-1;-1;-1;65;-1
928;139;65;-1;-1;-1;-1;75;-1
929;139;75;-1;-1;-1;-1;95;-1
930;139;105;-1;-1;-1;-1;115;-1
931;139;115;-1;-1;-1;-1;125;-1
932;139;125;-1;-1;-1;-1;145;-1
933;139;155;-1;-1;-1;-1;165;-1
934;139;165;-1;-1;-1;-1;175;-1
935;139;175;-1;-1;-1;-1;195;-1
936;140;5;-1;-1;-1;-1;15;-1
937;140;15;-1;-1;-1;-1;25;-1
938;140;25;-1;-1;-1;-1;45;-1
939;140;55;-1;-1;-1;-1;65;-1
940;140;65;-1;-1;-1;-1;75;-1
941;140;75;-1;-1;-1;-1;95;-1
942;140;105;-1;-1;-1;-1;115;-1
943;140;115;-1;-1;-1;-1;125;-1
944;140;125;-1;-1;-1;-1;145;-1
945;140;155;-1;-1;-1;-1;165;-1
946;140;165;-1;-1;-1;-1;175;-1
947;140;175;-1;-1;-1;-1;195;-1
948;141;5;-1;-1;-1;-1;15;-1
949;141;15;-1;-1;-1;-1;25;-1
950;141;25;-1;-1;-1;-1;45;-1
951;141;55;-1;-1;-1;-1;65;-1
952;141;65;-1;-1;-1;-1;75;-1
953;141;75;-1;-1;-1;-1;95;-1
954;141;105;-1;-1;-1;-1;115;-1
955;141;115;-1;-1;-1;-1;125;-1
956;141;125;-1;-1;-1;-1;145;-1
957;141;155;-1;-1;-1;-1;165;-1
958;141;165;-1;-1;-1;-1;175;-1
959;141;175;-1;-1;-1;-1;195;-1
960;142;5;-1;-1;-1;-1;15;-1
961;142;15;-1;-1;-1;-1;25;-1
962;142;25;-1;-1;-1;-1;45;-1
963;142;55;-1;-1;-1;-1;65;-1
964;142;65;-1;-1;-1;-1;75;-1
965;142;75;-1;-1;-1;-1;95;-1
966;142;105;-1;-1;-1;-1;115;-1
967;142;115;-1;-1;-1;-1;125;-1
968;142;125;-1;-1;-1;-1;145;-1
969;142;155;-1;-1;-1;-1;165;-1
970;142;165;-1;-1;-1;-1;175;-1
971;142;175;-1;-1;-1;-1;195;-1
972;143;5;-1;-1;-1;-1;15;-1
973;143;15;-1;-1;-1;-1;25;-1
974;143;25;-1;-1;-1;-1;45;-1
975;143;55;-1;-1;-1;-1;65;-1
976;143;65;-1;-1;-1;-1;75;-1
977;143;75;-1;-1;-1;-1;95;-1
978;143;105;-1;-1;-1;-1;115;-1
979;143;115;-1;-1;-1;-1;125;-1
980;143;125;-1;-1;-1;-1;145;-1
981;143;155;-1;-1;-1;-1;165;-1
982;143;165;-1;-1;-1;-1;175;-1
983;143;175;-1;-1;-1;-1;195;-1
984;144;5;-1;6,06;0;6,39;15;6,39
985;144;15;6,39;6,39;5;11,83;25;11,83
986;144;25;11,83;11,83;10;23,07;45;23,07
987;144;55;28,74;32,26;3;35,16;65;35,16
988;144;65;35,16;35,16;5;40,96;75;40,96
989;144;75;40,96;40,96;10;52,82;95;52,82
990;145;5;-1;5,3;1;5,97;15;5,97
991;145;15;5,97;5,97;5;11,35;25;11,35
992;145;25;11,35;11,35;9;22,37;45;22,37
993;145;55;27,3;31,31;2;33,29;65;33,29
994;145;65;33,29;33,29;5;38,95;75;38,95
995;145;75;38,95;38,95;10;50,86;95;50,86
996;146;5;-1;5,37;1;6,67;15;6,67
997;146;15;6,67;6,67;5;12,26;25;12,26
998;146;25;12,26;12,26;11;23,95;45;23,95
999;146;55;28,98;31,33;4;35,38;65;35,38
1000;146;65;35,38;35,38;5;41,28;75;41,28
1001;146;75;41,28;41,28;11;53,22;95;53,22
1002;147;5;-1;5,62;1;6,2;15;6,2
1003;147;15;6,2;6,2;5;11,57;25;11,57
1004;147;25;11,57;11,57;11;22,8;45;22,8
1005;147;55;27,85;31,8;2;33,69;65;33,69
1006;147;65;33,69;33,69;6;39,64;75;39,64
1007;147;75;39,64;39,64;11;51,62;95;51,62
1008;148;5;-1;5,36;1;6;15;6
1009;148;15;6;6;5;11,42;25;11,42
1010;148;25;11,42;11,42;11;22,8;45;22,8
1011;148;55;27,78;30,73;3;33,86;65;33,86
1012;148;65;33,86;33,86;5;39,85;75;39,85
1013;148;75;39,85;39,85;10;51,72;95;51,72
1014;149;5;-1;5,17;1;6,18;15;6,18
1015;149;15;6,18;6,18;5;11,7;25;11,7
1016;149;25;11,7;11,7;10;22,89;45;22,89
1017;149;55;28,07;31,76;2;34,45;65;34,45
1018;149;65;34,45;34,45;5;40,09;75;40,09
1019;149;75;40,09;40,09;10;51,74;95;51,74
1020;150;5;-1;5,98;0;6,31;15;6,31
1021;150;15;6,31;6,31;4;11,78;25;11,78
1022;150;25;11,78;11,78;10;23,2;45;23,2
1023;150;55;28,11;32,28;2;34,27;65;34,27
1024;150;65;34,27;34,27;5;39,92;75;39,92
1025;150;75;39,92;39,92;10;51,71;95;51,71
1026;151;5;-1;5,1;1;5,72;15;5,72
1027;151;15;5,72;5,72;5;10,53;25;10,53
1028;151;25;10,53;10,53;10;20,4;45;20,4
1029;152;5;-1;5,03;1;5,65;15;5,65
1030;152;15;5,65;5,65;5;10,5;25;10,5
1031;152;25;10,5;10,5;10;20,82;45;20,82
1032;153;5;-1;4,67;1;5,39;15;5,39
1033;153;15;5,39;5,39;5;10,02;25;10,02
1034;153;25;10,02;10,02;10;20,04;45;20,04
1035;154;5;-1;4,59;1;5,65;15;5,65
1036;154;15;5,65;5,65;5;10,31;25;10,31
1037;154;25;10,31;10,31;10;20,13;45;20,13
1038;155;5;-1;4,42;1;5,72;15;5,72
1039;155;15;5,72;5,72;5;10,64;25;10,64
1040;155;25;10,64;10,64;10;20,74;45;20,74
1041;156;5;-1;6,96;1;7,94;15;7,94
1042;156;15;7,94;7,94;5;14,1;25;14,1
1043;156;25;14,1;14,1;10;26,76;45;26,76
1044;157;5;-1;7,06;0;7,37;15;7,37
1045;157;15;7,37;7,37;5;13,23;25;13,23
1046;157;25;13,23;13,23;10;25,18;45;25,18
1047;158;5;-1;-1;-1;-1;15;-1
1048;158;15;-1;-1;-1;-1;25;-1
1049;158;25;-1;-1;-1;-1;45;-1
1050;158;55;-1;-1;-1;-1;75;-1
1051;158;75;-1;-1;-1;-1;95;-1
1052;158;105;-1;-1;-1;-1;125;-1
1053;158;125;-1;-1;-1;-1;145;-1
1054;158;155;-1;-1;-1;-1;175;-1
1055;158;175;-1;-1;-1;-1;195;-1
1056;158;205;-1;-1;-1;-1;225;-1
1057;158;225;-1;-1;-1;-1;245;-1
1058;158;255;-1;-1;-1;-1;275;-1
1059;158;275;-1;-1;-1;-1;295;-1
1060;158;305;-1;-1;-1;-1;325;-1
1061;158;325;-1;-1;-1;-1;345;-1
1062;158;355;-1;-1;-1;-1;375;-1
1063;158;375;-1;-1;-1;-1;395;-1
1064;158;405;-1;-1;-1;-1;425;-1
1065;158;425;-1;-1;-1;-1;445;-1
1066;158;455;-1;-1;-1;-1;475;-1
1067;158;475;-1;-1;-1;-1;495;-1
1068;158;505;-1;-1;-1;-1;525;-1
1069;158;525;-1;-1;-1;-1;545;-1
1070;158;555;-1;-1;-1;-1;575;-1
1071;158;575;-1;-1;-1;-1;595;-1
1072;158;605;-1;-1;-1;-1;625;-1
1073;158;625;-1;-1;-1;-1;645;-1
1074;158;655;-1;-1;-1;-1;675;-1
1075;158;675;-1;-1;-1;-1;695;-1
1076;158;705;-1;-1;-1;-1;725;-1
1077;158;725;-1;-1;-1;-1;745;-1
1078;158;755;-1;-1;-1;-1;775;-1
1079;158;775;-1;-1;-1;-1;795;-1
1080;159;5;-1;-1;-1;-1;15;-1
1081;159;15;-1;-1;-1;-1;25;-1
1082;159;25;-1;-1;-1;-1;45;-1
1083;159;55;-1;-1;-1;-1;75;-1
1084;159;75;-1;-1;-1;-1;95;-1
1085;159;105;-1;-1;-1;-1;125;-1
1086;159;125;-1;-1;-1;-1;145;-1
1087;159;155;-1;-1;-1;-1;175;-1
1088;159;175;-1;-1;-1;-1;195;-1
1089;159;205;-1;-1;-1;-1;225;-1
1090;159;225;-1;-1;-1;-1;245;-1
1091;159;255;-1;-1;-1;-1;275;-1
1092;159;275;-1;-1;-1;-1;295;-1
1093;159;305;-1;-1;-1;-1;325;-1
1094;159;325;-1;-1;-1;-1;345;-1
1095;159;355;-1;-1;-1;-1;375;-1
1096;159;375;-1;-1;-1;-1;395;-1
1097;159;405;-1;-1;-1;-1;425;-1
1098;159;425;-1;-1;-1;-1;445;-1
1099;159;455;-1;-1;-1;-1;475;-1
1100;159;475;-1;-1;-1;-1;495;-1
1101;159;505;-1;-1;-1;-1;525;-1
1102;159;525;-1;-1;-1;-1;545;-1
1103;159;555;-1;-1;-1;-1;575;-1
1104;159;575;-1;-1;-1;-1;595;-1
1105;159;605;-1;-1;-1;-1;625;-1
1106;159;625;-1;-1;-1;-1;645;-1
1107;159;655;-1;-1;-1;-1;675;-1
1108;159;675;-1;-1;-1;-1;695;-1
1109;159;705;-1;-1;-1;-1;725;-1
1110;159;725;-1;-1;-1;-1;745;-1
1111;159;755;-1;-1;-1;-1;775;-1
1112;159;775;-1;-1;-1;-1;795;-1
1113;160;5;-1;-1;-1;-1;15;-1
1114;160;15;-1;-1;-1;-1;25;-1
1115;160;25;-1;-1;-1;-1;45;-1
1116;160;55;-1;-1;-1;-1;75;-1
1117;160;75;-1;-1;-1;-1;95;-1
1118;160;105;-1;-1;-1;-1;125;-1
1119;160;125;-1;-1;-1;-1;145;-1
1120;160;155;-1;-1;-1;-1;175;-1
1121;160;175;-1;-1;-1;-1;195;-1
1122;160;205;-1;-1;-1;-1;225;-1
1123;160;225;-1;-1;-1;-1;245;-1
1124;160;255;-1;-1;-1;-1;275;-1
1125;160;275;-1;-1;-1;-1;295;-1
1126;160;305;-1;-1;-1;-1;325;-1
1127;160;325;-1;-1;-1;-1;345;-1
1128;160;355;-1;-1;-1;-1;375;-1
1129;160;375;-1;-1;-1;-1;395;-1
1130;160;405;-1;-1;-1;-1;425;-1
1131;160;425;-1;-1;-1;-1;445;-1
1132;160;455;-1;-1;-1;-1;475;-1
1133;160;475;-1;-1;-1;-1;495;-1
1134;160;505;-1;-1;-1;-1;525;-1
1135;160;525;-1;-1;-1;-1;545;-1
1136;160;555;-1;-1;-1;-1;575;-1
1137;160;575;-1;-1;-1;-1;595;-1
1138;160;605;-1;-1;-1;-1;625;-1
1139;160;625;-1;-1;-1;-1;645;-1
1140;160;655;-1;-1;-1;-1;675;-1
1141;160;675;-1;-1;-1;-1;695;-1
1142;160;705;-1;-1;-1;-1;725;-1
1143;160;725;-1;-1;-1;-1;745;-1
1144;160;755;-1;-1;-1;-1;775;-1
1145;160;775;-1;-1;-1;-1;795;-1
1146;161;5;-1;-1;-1;-1;15;-1
1147;161;15;-1;-1;-1;-1;25;-1
1148;161;25;-1;-1;-1;-1;45;-1
1149;161;55;-1;-1;-1;-1;75;-1
1150;161;75;-1;-1;-1;-1;95;-1
1151;161;105;-1;-1;-1;-1;125;-1
1152;161;125;-1;-1;-1;-1;145;-1
1153;161;155;-1;-1;-1;-1;175;-1
1154;161;175;-1;-1;-1;-1;195;-1
1155;161;205;-1;-1;-1;-1;225;-1
1156;161;225;-1;-1;-1;-1;245;-1
1157;161;255;-1;-1;-1;-1;275;-1
1158;161;275;-1;-1;-1;-1;295;-1
1159;161;305;-1;-1;-1;-1;325;-1
1160;161;325;-1;-1;-1;-1;345;-1
1161;161;355;-1;-1;-1;-1;375;-1
1162;161;375;-1;-1;-1;-1;395;-1
1163;161;405;-1;-1;-1;-1;425;-1
1164;161;425;-1;-1;-1;-1;445;-1
1165;161;455;-1;-1;-1;-1;475;-1
1166;161;475;-1;-1;-1;-1;495;-1
1167;161;505;-1;-1;-1;-1;525;-1
1168;161;525;-1;-1;-1;-1;545;-1
1169;161;555;-1;-1;-1;-1;575;-1
1170;161;575;-1;-1;-1;-1;595;-1
1171;161;605;-1;-1;-1;-1;625;-1
1172;161;625;-1;-1;-1;-1;645;-1
1173;161;655;-1;-1;-1;-1;675;-1
1174;161;675;-1;-1;-1;-1;695;-1
1175;161;705;-1;-1;-1;-1;725;-1
1176;161;725;-1;-1;-1;-1;745;-1
1177;161;755;-1;-1;-1;-1;775;-1
1178;161;775;-1;-1;-1;-1;795;-1
1179;162;5;-1;-1;-1;-1;15;-1
1180;162;15;-1;-1;-1;-1;25;-1
1181;162;25;-1;-1;-1;-1;45;-1
1182;162;55;-1;-1;-1;-1;75;-1
1183;162;75;-1;-1;-1;-1;95;-1
1184;162;105;-1;-1;-1;-1;125;-1
1185;162;125;-1;-1;-1;-1;145;-1
1186;162;155;-1;-1;-1;-1;175;-1
1187;162;175;-1;-1;-1;-1;195;-1
1188;162;205;-1;-1;-1;-1;225;-1
1189;162;225;-1;-1;-1;-1;245;-1
1190;162;255;-1;-1;-1;-1;275;-1
1191;162;275;-1;-1;-1;-1;295;-1
1192;162;305;-1;-1;-1;-1;325;-1
1193;162;325;-1;-1;-1;-1;345;-1
1194;162;355;-1;-1;-1;-1;375;-1
1195;162;375;-1;-1;-1;-1;395;-1
1196;162;405;-1;-1;-1;-1;425;-1
1197;162;425;-1;-1;-1;-1;445;-1
1198;162;455;-1;-1;-1;-1;475;-1
1199;162;475;-1;-1;-1;-1;495;-1
1200;162;505;-1;-1;-1;-1;525;-1
1201;162;525;-1;-1;-1;-1;545;-1
1202;162;555;-1;-1;-1;-1;575;-1
1203;162;575;-1;-1;-1;-1;595;-1
1204;162;605;-1;-1;-1;-1;625;-1
1205;162;625;-1;-1;-1;-1;645;-1
1206;162;655;-1;-1;-1;-1;675;-1
1207;162;675;-1;-1;-1;-1;695;-1
1208;162;705;-1;-1;-1;-1;725;-1
1209;162;725;-1;-1;-1;-1;745;-1
1210;162;755;-1;-1;-1;-1;775;-1
1211;162;775;-1;-1;-1;-1;795;-1
1212;163;5;-1;-1;-1;-1;15;-1
1213;163;15;-1;-1;-1;-1;25;-1
1214;163;25;-1;-1;-1;-1;45;-1
1215;163;55;-1;-1;-1;-1;75;-1
1216;163;75;-1;-1;-1;-1;95;-1
1217;163;105;-1;-1;-1;-1;125;-1
1218;163;125;-1;-1;-1;-1;145;-1
1219;163;155;-1;-1;-1;-1;175;-1
1220;163;175;-1;-1;-1;-1;195;-1
1221;163;205;-1;-1;-1;-1;225;-1
1222;163;225;-1;-1;-1;-1;245;-1
1223;163;255;-1;-1;-1;-1;275;-1
1224;163;275;-1;-1;-1;-1;295;-1
1225;163;305;-1;-1;-1;-1;325;-1
1226;163;325;-1;-1;-1;-1;345;-1
1227;163;355;-1;-1;-1;-1;375;-1
1228;163;375;-1;-1;-1;-1;395;-1
1229;164;5;-1;-1;-1;-1;15;-1
1230;164;15;-1;-1;-1;-1;25;-1
1231;164;25;-1;-1;-1;-1;45;-1
1232;164;55;-1;-1;-1;-1;75;-1
1233;164;75;-1;-1;-1;-1;95;-1
1234;164;105;-1;-1;-1;-1;125;-1
1235;164;125;-1;-1;-1;-1;145;-1
1236;164;155;-1;-1;-1;-1;175;-1
1237;164;175;-1;-1;-1;-1;195;-1
1238;164;205;-1;-1;-1;-1;225;-1
1239;164;225;-1;-1;-1;-1;245;-1
1240;164;255;-1;-1;-1;-1;275;-1
1241;164;275;-1;-1;-1;-1;295;-1
1242;164;305;-1;-1;-1;-1;325;-1
1243;164;325;-1;-1;-1;-1;345;-1
1244;164;355;-1;-1;-1;-1;375;-1
1245;164;375;-1;-1;-1;-1;395;-1
1246;165;5;-1;-1;-1;-1;15;-1
1247;165;15;-1;-1;-1;-1;25;-1
1248;165;25;-1;-1;-1;-1;45;-1
1249;165;55;-1;-1;-1;-1;75;-1
1250;165;75;-1;-1;-1;-1;95;-1
1251;165;105;-1;-1;-1;-1;125;-1
1252;165;125;-1;-1;-1;-1;145;-1
1253;165;155;-1;-1;-1;-1;175;-1
1254;165;175;-1;-1;-1;-1;195;-1
1255;165;205;-1;-1;-1;-1;225;-1
1256;165;225;-1;-1;-1;-1;245;-1
1257;165;255;-1;-1;-1;-1;275;-1
1258;165;275;-1;-1;-1;-1;295;-1
1259;165;305;-1;-1;-1;-1;325;-1
1260;165;325;-1;-1;-1;-1;345;-1
1261;165;355;-1;-1;-1;-1;375;-1
1262;165;375;-1;-1;-1;-1;395;-1
1263;166;5;-1;4,95;2;7,29;15;7,29
1264;166;15;7,29;7,29;4;13,51;25;13,51
1265;166;25;13,51;13,51;8;26,21;45;26,21
1266;166;55;32,09;32,89;8;45,12;75;45,12
1267;166;75;45,12;45,12;9;58,61;95;58,61
1268;166;105;64,68;65,05;8;77,89;125;77,89
1269;166;125;77,89;77,89;8;91,47;145;91,47
1270;166;155;97,51;97,98;8;110,77;175;110,77
1271;166;175;110,77;110,77;9;124,3;195;124,3
1272;166;205;130,3;130,62;8;143,55;225;143,55
1273;166;225;143,55;143,55;9;157,15;245;157,15
1274;166;255;163,13;163,5;8;176,56;275;176,56
1275;166;275;176,56;176,56;9;190,25;295;190,25
1276;166;305;196,43;196,73;8;209,55;325;209,55
1277;166;325;209,55;209,55;9;223,25;345;223,25
1278;166;355;229,2;229,53;8;242,19;375;242,19
1279;166;375;242,19;242,19;9;255,34;395;255,34
1280;167;5;-1;-1;-1;-1;15;-1
1281;167;15;-1;-1;-1;-1;25;-1
1282;167;25;-1;-1;-1;-1;45;-1
1283;167;55;-1;-1;-1;-1;75;-1
1284;167;75;-1;-1;-1;-1;95;-1
1285;167;105;-1;-1;-1;-1;125;-1
1286;167;125;-1;-1;-1;-1;145;-1
1287;167;155;-1;-1;-1;-1;175;-1
1288;167;175;-1;-1;-1;-1;195;-1
1289;167;205;-1;-1;-1;-1;225;-1
1290;167;225;-1;-1;-1;-1;245;-1
1291;167;255;-1;-1;-1;-1;275;-1
1292;167;275;-1;-1;-1;-1;295;-1
1293;167;305;-1;-1;-1;-1;325;-1
1294;167;325;-1;-1;-1;-1;345;-1
1295;167;355;-1;-1;-1;-1;375;-1
1296;167;375;-1;-1;-1;-1;395;-1
1297;168;5;-1;6,01;0;6,3;15;6,3
1298;168;15;6,3;6,3;5;11,76;25;11,76
1299;168;25;11,76;11,76;9;22,75;45;22,75
1300;168;55;28,28;31,22;3;34,68;65;34,68
1301;168;65;34,68;34,68;5;40,43;75;40,43
1302;168;75;40,43;40,43;10;52,29;95;52,29
1303;169;5;-1;5,5;1;6,18;15;6,18
1304;169;15;6,18;6,18;5;11,53;25;11,53
1305;169;25;11,53;11,53;11;22,61;45;22,61
1306;169;55;27,81;31,7;2;33,75;65;33,75
1307;169;65;33,75;33,75;6;39,62;75;39,62
1308;169;75;39,62;39,62;12;52,26;95;52,26
1309;170;5;-1;-1;-1;-1;15;6,13
1310;170;15;6,13;6,17;5;11,52;25;11,52
1311;170;25;11,52;11,52;9;22,35;45;22,35
1312;170;55;27,81;31,22;2;33,93;65;33,93
1313;170;65;33,93;33,93;5;39,55;75;39,55
1314;170;75;39,55;39,55;10;51,08;95;51,08
1315;171;5;-1;5,17;1;5,86;15;5,86
1316;171;15;5,86;5,86;5;11,23;25;11,23
1317;171;25;11,23;11,23;9;22,32;45;22,32
1318;171;55;27;31,01;2;33,12;65;33,12
1319;171;65;33,12;33,12;5;38,78;75;38,78
1320;171;75;38,78;38,78;10;50,71;95;50,71
1321;172;5;-1;5,26;1;6,19;15;6,19
1322;172;15;6,19;6,19;5;11,65;25;11,65
1323;172;25;11,65;11,65;10;22,6;45;22,6
1324;172;55;28,04;31,01;3;34,2;65;34,2
1325;172;65;34,2;34,2;5;39,89;75;39,89
1326;172;75;39,89;39,89;11;51,96;95;51,96
1327;173;5;-1;5,47;1;6,01;15;6,01
1328;173;15;6,01;6,01;5;11,33;25;11,33
1329;173;25;11,33;11,33;11;22,43;45;22,43
1330;173;55;27,48;30,46;3;33,51;65;33,51
1331;173;65;33,51;33,51;5;39,4;75;39,4
1332;173;75;39,4;39,4;10;51,14;95;51,14
1333;174;5;-1;5,5;1;6,66;15;6,66
1334;174;15;6,66;6,66;6;12,27;25;12,27
1335;174;25;12,27;12,27;11;23,66;45;23,66
1336;174;55;29,07;31,22;4;35,13;65;35,13
1337;174;65;35,13;35,13;6;41,11;75;41,11
1338;174;75;41,11;41,11;12;53,12;95;53,12
1339;175;5;-1;6,43;1;7,19;15;7,19
1340;175;15;7,19;7,19;4;13,25;25;13,25
1341;175;25;13,25;13,25;8;25,9;45;25,9
1342;175;55;30,77;35,18;2;37,5;65;37,5
1343;175;65;37,5;37,5;4;44,07;75;44,07
1344;175;75;44,07;44,07;9;57,71;95;57,71
1345;175;105;62,83;66,85;2;69,83;115;69,83
1346;175;115;69,83;69,83;4;76,62;125;76,62
1347;175;125;76,62;76,62;9;90,51;145;90,51
1348;175;155;95,58;99,07;3;102,77;165;102,77
1349;175;165;102,77;102,77;5;109,61;175;109,61
1350;175;175;109,61;109,61;9;123,53;195;123,53
1351;176;5;-1;6,93;0;7,07;15;7,07
1352;176;15;7,07;7,07;4;13,12;25;13,12
1353;176;25;13,12;13,12;8;25,73;45;25,73
1354;176;55;30,59;35,05;2;37,31;65;37,31
1355;176;65;37,31;37,31;4;43,45;75;43,45
1356;176;75;43,45;43,45;8;56,18;95;56,18
1357;176;105;61,41;65,41;2;68,19;115;68,19
1358;176;115;68,19;68,19;4;74,53;125;74,53
1359;176;125;74,53;74,53;9;87,39;145;87,39
1360;176;155;92,65;95,04;3;99,59;165;99,59
1361;176;165;99,59;99,59;5;106,07;175;106,07
1362;176;175;106,07;106,07;9;119,38;195;119,38
1363;177;5;-1;6,37;1;7,12;15;7,12
1364;177;15;7,12;7,12;4;13,06;25;13,06
1365;177;25;13,06;13,06;8;25,5;45;25,5
1366;177;55;30,4;34,75;1;36,71;65;36,71
1367;177;65;36,71;36,71;4;42,94;75;42,94
1368;177;75;42,94;42,94;8;55,78;95;55,78
1369;177;105;60,85;64,97;2;67,2;115;67,2
1370;177;115;67,2;67,2;4;73,34;125;73,34
1371;177;125;73,34;73,34;8;85,93;145;85,93
1372;177;155;90,98;95,09;2;97,24;165;97,24
1373;177;165;97,24;97,24;4;103,44;175;103,44
1374;177;175;103,44;103,44;8;116,33;195;116,33
1375;178;5;-1;6,39;1;7,39;15;7,39
1376;178;15;7,39;7,39;4;13,29;25;13,29
1377;178;25;13,29;13,29;9;25,44;45;25,44
1378;178;55;30,28;33,15;2;36,87;65;36,87
1379;178;65;36,87;36,87;4;43,2;75;43,2
1380;178;75;43,2;43,2;9;56,15;95;56,15
1381;178;105;61,24;63,62;3;68;115;68
1382;178;115;68;68;4;74,47;125;74,47
1383;178;125;74,47;74,47;9;87,53;145;87,53
1384;178;155;92,58;94,43;3;99,39;165;99,39
1385;178;165;99,39;99,39;5;105,95;175;105,95
1386;178;175;105,95;105,95;9;118,87;195;118,87
1387;179;5;-1;6,64;0;7,16;15;7,16
1388;179;15;7,16;7,16;4;13,08;25;13,08
1389;179;25;13,08;13,08;8;25,44;45;25,44
1390;179;55;30,31;35,01;1;36,78;65;36,78
1391;179;65;36,78;36,78;4;43,21;75;43,21
1392;179;75;43,21;43,21;8;56,52;95;56,52
1393;179;105;61,67;65,68;2;68,46;115;68,46
1394;179;115;68,46;68,46;4;74,98;125;74,98
1395;179;125;74,98;74,98;8;88,27;145;88,27
1396;179;155;93,4;97,21;2;100,1;165;100,1
1397;179;165;100,1;100,1;4;106,5;175;106,5
1398;179;175;106,5;106,5;9;119,81;195;119,81
1399;180;5;-1;6,49;0;6,68;15;6,68
1400;180;15;6,68;6,68;5;12,44;25;12,44
1401;180;25;12,44;12,44;9;24,61;45;24,61
1402;180;55;29,33;32,4;2;35,89;65;35,89
1403;180;65;35,89;35,89;5;42,16;75;42,16
1404;180;75;42,16;42,16;9;55,15;95;55,15
1405;180;105;60,18;62,6;3;66,79;115;66,79
1406;180;115;66,79;66,79;5;73,14;125;73,14
1407;180;125;73,14;73,14;9;85,98;145;85,98
1408;180;155;91,04;93,15;4;97,48;165;97,48
1409;180;165;97,48;97,48;4;103,5;175;103,5
1410;180;175;103,5;103,5;10;115,97;195;115,97
1411;181;5;-1;-1;-1;-1;15;6,72
1412;181;15;6,72;7,08;4;12,73;25;12,73
1413;181;25;12,73;12,73;8;25,75;45;25,75
1414;181;55;31,03;33,63;3;37,68;65;37,68
1415;181;65;37,68;37,68;4;44,22;75;44,22
1416;181;75;44,22;44,22;8;57,97;95;57,97
1417;181;105;63,52;65,79;3;70,25;115;70,25
1418;181;115;70,25;70,25;4;76,68;125;76,68
1419;181;125;76,68;76,68;9;90,19;145;90,19
1420;181;155;95,73;97,84;3;102,48;165;102,48
1421;181;165;102,48;102,48;4;109,1;175;109,1
1422;181;175;109,1;109,1;9;122,27;195;122,27
1423;182;5;-1;5,46;3;8,36;15;8,36
1424;182;15;8,36;8,36;5;14,78;25;14,78
1425;182;25;14,78;14,78;11;28,83;45;28,83
1426;182;55;35,32;36,48;5;42,75;65;42,75
1427;182;65;42,75;42,75;6;49,96;75;49,96
1428;182;75;49,96;49,96;12;64,27;95;64,27
1429;182;105;72,03;72,5;6;79,27;115;79,27
1430;182;115;79,27;79,27;6;86,28;125;86,28
1431;182;125;86,28;86,28;12;100,7;145;100,7
1432;182;155;107,94;108,66;6;115,34;165;115,34
1433;182;165;115,34;115,34;6;122,56;175;122,56
1434;182;175;122,56;122,56;13;137,84;195;137,84
1435;183;5;-1;5,7;2;7,73;15;7,73
1436;183;15;7,73;7,73;6;14,02;25;14,02
1437;183;25;14,02;14,02;12;27,73;45;27,73
1438;183;55;34,07;35,05;5;41,18;65;41,18
1439;183;65;41,18;41,18;6;48,22;75;48,22
1440;183;75;48,22;48,22;12;62,75;95;62,75
1441;183;105;69,84;70,66;5;77,32;115;77,32
1442;183;115;77,32;77,32;6;84,7;125;84,7
1443;183;125;84,7;84,7;12;100,15;145;100,15
1444;183;155;106,64;107,89;6;113,97;165;113,97
1445;183;165;113,97;113,97;7;121,26;175;121,26
1446;183;175;121,26;121,26;13;136,2;195;136,2
1447;184;5;-1;4,97;3;8,07;15;8,07
1448;184;15;8,07;8,07;6;14,67;25;14,67
1449;184;25;14,67;14,67;12;28,43;45;28,43
1450;184;55;34,85;36,15;5;41,75;65;41,75
1451;184;65;41,75;41,75;6;48,71;75;48,71
1452;184;75;48,71;48,71;12;62,95;95;62,95
1453;184;105;69,8;70,96;5;77,08;115;77,08
1454;184;115;77,08;77,08;6;84,43;125;84,43
1455;184;125;84,43;84,43;12;99,49;145;99,49
1456;184;155;106,66;107,98;5;114,24;165;114,24
1457;184;165;114,24;114,24;6;121,75;175;121,75
1458;184;175;121,75;121,75;13;137,19;195;137,19
1459;185;5;-1;5,8;2;7,94;15;7,94
1460;185;15;7,94;7,94;6;14,55;25;14,55
1461;185;25;14,55;14,55;12;28,38;45;28,38
1462;185;55;35,21;37,33;5;42,58;65;42,58
1463;185;65;42,58;42,58;6;49,74;75;49,74
1464;185;75;49,74;49,74;13;64,52;95;64,52
1465;185;105;71,25;73,13;5;78,64;115;78,64
1466;185;115;78,64;78,64;6;85,84;125;85,84
1467;185;125;85,84;85,84;13;100,52;145;100,52
1468;185;155;107,34;109,2;5;114,82;165;114,82
1469;185;165;114,82;114,82;6;122,33;175;122,33
1470;185;175;122,33;122,33;13;137,02;195;137,02
1471;186;5;-1;6,47;1;8,07;15;8,07
1472;186;15;8,07;8,07;5;14,7;25;14,7
1473;186;25;14,7;14,7;11;29,35;45;29,35
1474;186;55;35,71;37,76;4;43,21;65;43,21
1475;186;65;43,21;43,21;6;50,8;75;50,8
1476;186;75;50,8;50,8;11;65,77;95;65,77
1477;186;105;72,85;74,88;4;80,46;115;80,46
1478;186;115;80,46;80,46;6;87,95;125;87,95
1479;186;125;87,95;87,95;12;103,18;145;103,18
1480;186;155;110,25;111,9;5;117,92;165;117,92
1481;186;165;117,92;117,92;6;125,44;175;125,44
1482;186;175;125,44;125,44;13;141;195;141
1483;187;5;-1;6,3;1;7,67;15;7,67
1484;187;15;7,67;7,67;5;13,82;25;13,82
1485;187;25;13,82;13,82;11;26,9;45;26,9
1486;187;55;32,43;35,68;4;39,63;65;39,63
1487;187;65;39,63;39,63;6;46,28;75;46,28
1488;187;75;46,28;46,28;12;60;95;60
1489;188;5;-1;6,01;1;6,72;15;6,72
1490;188;15;6,72;6,72;6;13,14;25;13,14
1491;188;25;13,14;13,14;11;26,27;45;26,27
1492;188;55;31,56;36,05;2;39,04;65;39,04
1493;188;65;39,04;39,04;5;45,87;75;45,87
1494;188;75;45,87;45,87;12;59,91;95;59,91
1495;189;5;-1;-1;-1;-1;15;6,85
1496;189;15;6,85;6,88;4;13,13;25;13,13
1497;189;25;13,13;13,13;9;25,81;45;25,81
1498;189;55;31,37;35,54;2;38,47;65;38,47
1499;189;65;38,47;38,47;5;44,88;75;44,88
1500;189;75;44,88;44,88;11;58,18;95;58,18
1501;190;5;-1;6,07;1;6,7;15;6,7
1502;190;15;6,7;6,7;6;12,99;25;12,99
1503;190;25;12,99;12,99;11;25,97;45;25,97
1504;190;55;31,12;35,52;2;38,31;65;38,31
1505;190;65;38,31;38,31;6;45,03;75;45,03
1506;190;75;45,03;45,03;12;58,75;95;58,75
1507;191;5;-1;-1;-1;-1;15;7,22
1508;191;15;7,22;7,32;5;13,77;25;13,77
1509;191;25;13,77;13,77;10;26,77;45;26,77
1510;191;55;32,54;36,55;2;39,56;65;39,56
1511;191;65;39,56;39,56;5;46,28;75;46,28
1512;191;75;46,28;46,28;11;60,19;95;60,19
1513;192;5;-1;6,63;0;7;15;7
1514;192;15;7;7;5;13,6;25;13,6
1515;192;25;13,6;13,6;9;26,91;45;26,91
1516;192;55;32,71;36,92;2;39,69;65;39,69
1517;192;65;39,69;39,69;5;46,54;75;46,54
1518;192;75;46,54;46,54;10;60,4;95;60,4
1519;193;5;-1;6,6;1;8,01;15;8,01
1520;193;15;8,01;8,01;6;15,29;25;15,29
1521;193;25;15,29;15,29;11;29,93;45;29,93
1522;193;55;36,39;39,38;4;44,69;65;44,69
1523;193;65;44,69;44,69;6;52,19;75;52,19
1524;193;75;52,19;52,19;13;67,24;95;67,24
1525;194;5;-1;6,31;1;8;15;8
1526;194;15;8;8;5;15,37;25;15,37
1527;194;25;15,37;15,37;10;30,02;45;30,02
1528;194;55;36,43;39,53;4;44,21;65;44,21
1529;194;65;44,21;44,21;6;51,8;75;51,8
1530;194;75;51,8;51,8;13;67,91;95;67,91
1531;195;5;-1;5,28;1;6,29;15;6,29
1532;195;15;6,29;6,29;4;11,73;25;11,73
1533;195;25;11,73;11,73;8;22,74;45;22,74
1534;195;55;27,15;28,96;3;33,12;65;33,12
1535;195;65;33,12;33,12;4;38,83;75;38,83
1536;195;75;38,83;38,83;8;50,18;95;50,18
1537;195;105;55,15;56,3;3;61,14;115;61,14
1538;195;115;61,14;61,14;4;66,86;125;66,86
1539;195;125;66,86;66,86;8;78,62;145;78,62
1540;195;155;83,78;84,61;4;89,5;165;89,5
1541;195;165;89,5;89,5;4;95,46;175;95,46
1542;195;175;95,46;95,46;9;107,53;195;107,53
1543;196;5;-1;4,56;2;6,43;15;6,43
1544;196;15;6,43;6,43;4;11,59;25;11,59
1545;196;25;11,59;11,59;8;22,28;45;22,28
1546;196;55;27,25;27,87;4;32,8;65;32,8
1547;196;65;32,8;32,8;4;38,37;75;38,37
1548;196;75;38,37;38,37;8;49,37;95;49,37
1549;196;105;54,61;55,22;4;60,5;115;60,5
1550;196;115;60,5;60,5;4;66,1;125;66,1
1551;196;125;66,1;66,1;9;77,84;145;77,84
1552;196;155;83,14;83,4;4;88,82;165;88,82
1553;196;165;88,82;88,82;4;94,54;175;94,54
1554;196;175;94,54;94,54;9;106,05;195;106,05
1555;197;5;-1;4,9;1;6,33;15;6,33
1556;197;15;6,33;6,33;4;11,67;25;11,67
1557;197;25;11,67;11,67;8;22,62;45;22,62
1558;197;55;26,97;29,11;3;32,95;65;32,95
1559;197;65;32,95;32,95;4;38,63;75;38,63
1560;197;75;38,63;38,63;8;49,83;95;49,83
1561;197;105;54,33;58,3;2;60,26;115;60,26
1562;197;115;60,26;60,26;4;65,89;125;65,89
1563;197;125;65,89;65,89;9;77,52;145;77,52
1564;197;155;82,15;83,87;4;88,13;165;88,13
1565;197;165;88,13;88,13;4;94,07;175;94,07
1566;197;175;94,07;94,07;10;106,39;195;106,39
1567;198;5;-1;4,84;1;5,98;15;5,98
1568;198;15;5,98;5,98;4;11,3;25;11,3
1569;198;25;11,3;11,3;8;22,25;45;22,25
1570;198;55;26,78;28,38;3;32,6;65;32,6
1571;198;65;32,6;32,6;4;38,22;75;38,22
1572;198;75;38,22;38,22;8;49,64;95;49,64
1573;198;105;54,52;56,02;3;60,54;115;60,54
1574;198;115;60,54;60,54;4;66,42;125;66,42
1575;198;125;66,42;66,42;8;78,11;145;78,11
1576;198;155;82,98;84,51;3;88,94;165;88,94
1577;198;165;88,94;88,94;4;94,92;175;94,92
1578;198;175;94,92;94,92;9;107,03;195;107,03
1579;199;5;-1;5,52;1;6,23;15;6,23
1580;199;15;6,23;6,23;4;11,62;25;11,62
1581;199;25;11,62;11,62;7;22,67;45;22,67
1582;199;55;27,17;30,27;2;33,05;65;33,05
1583;199;65;33,05;33,05;4;38,69;75;38,69
1584;199;75;38,69;38,69;7;50,17;95;50,17
1585;199;105;54,87;56,97;3;60,75;115;60,75
1586;199;115;60,75;60,75;4;66,63;125;66,63
1587;199;125;66,63;66,63;8;78,54;145;78,54
1588;199;155;83,29;87,31;2;89,18;165;89,18
1589;199;165;89,18;89,18;4;95,15;175;95,15
1590;199;175;95,15;95,15;9;107,33;195;107,33
1591;200;5;-1;4,8;1;6,48;15;6,48
1592;200;15;6,48;6,48;4;11,84;25;11,84
1593;200;25;11,84;11,84;8;22,89;45;22,89
1594;200;55;27,74;28,89;3;33,6;65;33,6
1595;200;65;33,6;33,6;4;39,28;75;39,28
1596;200;75;39,28;39,28;8;50,97;95;50,97
1597;200;105;56,4;56,8;4;62,08;115;62,08
1598;200;115;62,08;62,08;4;67,99;125;67,99
1599;200;125;67,99;67,99;8;79,99;145;79,99
1600;200;155;85,56;85,78;4;91,44;165;91,44
1601;200;165;91,44;91,44;4;97,48;175;97,48
1602;200;175;97,48;97,48;8;109,74;195;109,74
1603;201;5;-1;5,56;1;7,08;15;7,08
1604;201;15;7,08;7,08;5;12,82;25;12,82
1605;201;25;12,82;12,82;9;24,82;45;24,82
1606;201;55;29,82;32,4;4;36,09;65;36,09
1607;201;65;36,09;36,09;5;42,3;75;42,3
1608;201;75;42,3;42,3;10;54,8;95;54,8
1609;202;5;-1;4,95;2;7,4;15;7,4
1610;202;15;7,4;7,4;5;13,23;25;13,23
1611;202;25;13,23;13,23;9;25,36;45;25,36
1612;202;55;30,99;31,68;4;37,23;65;37,23
1613;202;65;37,23;37,23;5;43,25;75;43,25
1614;202;75;43,25;43,25;9;55,46;95;55,46
1615;203;5;-1;5,08;2;6,92;15;6,92
1616;203;15;6,92;6,92;5;12,48;25;12,48
1617;203;25;12,48;12,48;10;24,11;45;24,11
1618;203;55;29,46;30,89;4;35,58;65;35,58
1619;203;65;35,58;35,58;5;41,53;75;41,53
1620;203;75;41,53;41,53;10;53,98;95;53,98
1621;204;5;-1;5,17;2;6,85;15;6,85
1622;204;15;6,85;6,85;5;12,57;25;12,57
1623;204;25;12,57;12,57;10;24,25;45;24,25
1624;204;55;29,39;32,14;3;35,61;65;35,61
1625;204;65;35,61;35,61;5;41,53;75;41,53
1626;204;75;41,53;41,53;10;53,93;95;53,93
1627;205;5;-1;4,49;2;7;15;7
1628;205;15;7;7;5;12,68;25;12,68
1629;205;25;12,68;12,68;10;24,32;45;24,32
1630;205;55;29,54;30,91;4;35,76;65;35,76
1631;205;65;35,76;35,76;5;41,75;75;41,75
1632;205;75;41,75;41,75;10;54;95;54
1633;206;5;-1;7,06;0;7,53;15;7,53
1634;206;15;7,53;7,53;5;13,72;25;13,72
1635;206;25;13,72;13,72;9;26,88;45;26,88
1636;206;55;32,08;35,97;2;38,41;65;38,41
1637;206;65;38,41;38,41;5;44,8;75;44,8
1638;206;75;44,8;44,8;10;57,78;95;57,78
1639;207;5;-1;6,01;2;8,11;15;8,11
1640;207;15;8,11;8,11;5;14,24;25;14,24
1641;207;25;14,24;14,24;10;27,13;45;27,13
1642;207;55;32,41;34,68;4;39,35;65;39,35
1643;207;65;39,35;39,35;5;45,76;75;45,76
1644;207;75;45,76;45,76;10;59,35;95;59,35
1645;208;5;-1;5,08;3;8,41;15;8,41
1646;208;15;8,41;8,41;5;14,77;25;14,77
1647;208;25;14,77;14,77;9;27,89;45;27,89
1648;208;55;33,35;35,3;4;40,33;65;40,33
1649;208;65;40,33;40,33;5;46,92;75;46,92
1650;208;75;46,92;46,92;10;60,34;95;60,34
1651;209;5;-1;5,86;1;7,65;15;7,65
1652;209;15;7,65;7,65;4;13,92;25;13,92
1653;209;25;13,92;13,92;8;27,03;45;27,03
1654;209;55;33,09;33,87;7;46,51;75;46,51
1655;209;75;46,51;46,51;8;60,19;95;60,19
1656;209;105;66,39;66,79;8;80,03;125;80,03
1657;209;125;80,03;80,03;8;94,17;145;94,17
1658;209;155;100,19;100,75;8;113,75;175;113,75
1659;209;175;113,75;113,75;8;127,82;195;127,82
1660;209;205;133,98;134,31;8;147,7;225;147,7
1661;209;225;147,7;147,7;8;161,82;245;161,82
1662;209;255;167,86;168,31;8;181,51;275;181,51
1663;209;275;181,51;181,51;8;195,76;295;195,76
1664;209;305;201,86;202,23;8;215,73;325;215,73
1665;209;325;215,73;215,73;8;229,83;345;229,83
1666;209;355;235,92;236,27;8;249,45;375;249,45
1667;209;375;249,45;249,45;9;262,91;395;262,91
1668;210;5;-1;-1;-1;-1;15;-1
1669;210;15;-1;-1;-1;-1;25;-1
1670;210;25;-1;-1;-1;-1;45;-1
1671;210;55;-1;-1;-1;-1;75;-1
1672;210;75;-1;-1;-1;-1;95;-1
1673;210;105;-1;-1;-1;-1;125;-1
1674;210;125;-1;-1;-1;-1;145;-1
1675;210;155;-1;-1;-1;-1;175;-1
1676;210;175;-1;-1;-1;-1;195;-1
1677;210;205;-1;-1;-1;-1;225;-1
1678;210;225;-1;-1;-1;-1;245;-1
1679;210;255;-1;-1;-1;-1;275;-1
1680;210;275;-1;-1;-1;-1;295;-1
1681;210;305;-1;-1;-1;-1;325;-1
1682;210;325;-1;-1;-1;-1;345;-1
1683;210;355;-1;-1;-1;-1;375;-1
1684;210;375;-1;-1;-1;-1;395;-1
1685;211;5;-1;-1;-1;-1;15;-1
1686;211;15;-1;-1;-1;-1;25;-1
1687;211;25;-1;-1;-1;-1;45;-1
1688;211;55;-1;-1;-1;-1;65;-1
1689;211;65;-1;-1;-1;-1;75;-1
1690;211;75;-1;-1;-1;-1;95;-1
1691;211;105;-1;-1;-1;-1;115;-1
1692;211;115;-1;-1;-1;-1;125;-1
1693;211;125;-1;-1;-1;-1;145;-1
1694;211;155;-1;-1;-1;-1;165;-1
1695;211;165;-1;-1;-1;-1;175;-1
1696;211;175;-1;-1;-1;-1;195;-1
1697;212;5;-1;-1;-1;-1;15;-1
1698;212;15;-1;-1;-1;-1;25;-1
1699;212;25;-1;-1;-1;-1;45;-1
1700;212;55;-1;-1;-1;-1;65;-1
1701;212;65;-1;-1;-1;-1;75;-1
1702;212;75;-1;-1;-1;-1;95;-1
1703;212;105;-1;-1;-1;-1;115;-1
1704;212;115;-1;-1;-1;-1;125;-1
1705;212;125;-1;-1;-1;-1;145;-1
1706;212;155;-1;-1;-1;-1;165;-1
1707;212;165;-1;-1;-1;-1;175;-1
1708;212;175;-1;-1;-1;-1;195;-1
1709;213;5;-1;-1;-1;-1;15;-1
1710;213;15;-1;-1;-1;-1;25;-1
1711;213;25;-1;-1;-1;-1;45;-1
1712;213;55;-1;-1;-1;-1;65;-1
1713;213;65;-1;-1;-1;-1;75;-1
1714;213;75;-1;-1;-1;-1;95;-1
1715;213;105;-1;-1;-1;-1;115;-1
1716;213;115;-1;-1;-1;-1;125;-1
1717;213;125;-1;-1;-1;-1;145;-1
1718;213;155;-1;-1;-1;-1;165;-1
1719;213;165;-1;-1;-1;-1;175;-1
1720;213;175;-1;-1;-1;-1;195;-1
1721;214;5;-1;-1;-1;-1;15;-1
1722;214;15;-1;-1;-1;-1;25;-1
1723;214;25;-1;-1;-1;-1;45;-1
1724;214;55;-1;-1;-1;-1;65;-1
1725;214;65;-1;-1;-1;-1;75;-1
1726;214;75;-1;-1;-1;-1;95;-1
1727;214;105;-1;-1;-1;-1;115;-1
1728;214;115;-1;-1;-1;-1;125;-1
1729;214;125;-1;-1;-1;-1;145;-1
1730;214;155;-1;-1;-1;-1;165;-1
1731;214;165;-1;-1;-1;-1;175;-1
1732;214;175;-1;-1;-1;-1;195;-1
1733;215;5;-1;-1;-1;-1;15;-1
1734;215;15;-1;-1;-1;-1;25;-1
1735;215;25;-1;-1;-1;-1;45;-1
1736;215;55;-1;-1;-1;-1;65;-1
1737;215;65;-1;-1;-1;-1;75;-1
1738;215;75;-1;-1;-1;-1;95;-1
1739;215;105;-1;-1;-1;-1;115;-1
1740;215;115;-1;-1;-1;-1;125;-1
1741;215;125;-1;-1;-1;-1;145;-1
1742;215;155;-1;-1;-1;-1;165;-1
1743;215;165;-1;-1;-1;-1;175;-1
1744;215;175;-1;-1;-1;-1;195;-1
1745;216;5;-1;-1;-1;-1;15;-1
1746;216;15;-1;-1;-1;-1;25;-1
1747;216;25;-1;-1;-1;-1;45;-1
1748;216;55;-1;-1;-1;-1;65;-1
1749;216;65;-1;-1;-1;-1;75;-1
1750;216;75;-1;-1;-1;-1;95;-1
1751;216;105;-1;-1;-1;-1;115;-1
1752;216;115;-1;-1;-1;-1;125;-1
1753;216;125;-1;-1;-1;-1;145;-1
1754;216;155;-1;-1;-1;-1;165;-1
1755;216;165;-1;-1;-1;-1;175;-1
1756;216;175;-1;-1;-1;-1;195;-1
1757;217;5;-1;-1;-1;-1;15;-1
1758;217;15;-1;-1;-1;-1;25;-1
1759;217;25;-1;-1;-1;-1;45;-1
1760;217;55;-1;-1;-1;-1;65;-1
1761;217;65;-1;-1;-1;-1;75;-1
1762;217;75;-1;-1;-1;-1;95;-1
1763;217;105;-1;-1;-1;-1;115;-1
1764;217;115;-1;-1;-1;-1;125;-1
1765;217;125;-1;-1;-1;-1;145;-1
1766;217;155;-1;-1;-1;-1;165;-1
1767;217;165;-1;-1;-1;-1;175;-1
1768;217;175;-1;-1;-1;-1;195;-1
1769;218;5;-1;-1;-1;-1;15;-1
1770;218;15;-1;-1;-1;-1;25;-1
1771;218;25;-1;-1;-1;-1;45;-1
1772;218;55;-1;-1;-1;-1;65;-1
1773;218;65;-1;-1;-1;-1;75;-1
1774;218;75;-1;-1;-1;-1;95;-1
1775;218;105;-1;-1;-1;-1;115;-1
1776;218;115;-1;-1;-1;-1;125;-1
1777;218;125;-1;-1;-1;-1;145;-1
1778;218;155;-1;-1;-1;-1;165;-1
1779;218;165;-1;-1;-1;-1;175;-1
1780;218;175;-1;-1;-1;-1;195;-1
1781;219;5;-1;-1;-1;-1;15;-1
1782;219;15;-1;-1;-1;-1;25;-1
1783;219;25;-1;-1;-1;-1;45;-1
1784;219;55;-1;-1;-1;-1;65;-1
1785;219;65;-1;-1;-1;-1;75;-1
1786;219;75;-1;-1;-1;-1;95;-1
1787;219;105;-1;-1;-1;-1;115;-1
1788;219;115;-1;-1;-1;-1;125;-1
1789;219;125;-1;-1;-1;-1;145;-1
1790;219;155;-1;-1;-1;-1;165;-1
1791;219;165;-1;-1;-1;-1;175;-1
1792;219;175;-1;-1;-1;-1;195;-1
1793;220;5;-1;-1;-1;-1;15;-1
1794;220;15;-1;-1;-1;-1;25;-1
1795;220;25;-1;-1;-1;-1;45;-1
1796;220;55;-1;-1;-1;-1;65;-1
1797;220;65;-1;-1;-1;-1;75;-1
1798;220;75;-1;-1;-1;-1;95;-1
1799;220;105;-1;-1;-1;-1;115;-1
1800;220;115;-1;-1;-1;-1;125;-1
1801;220;125;-1;-1;-1;-1;145;-1
1802;220;155;-1;-1;-1;-1;165;-1
1803;220;165;-1;-1;-1;-1;175;-1
1804;220;175;-1;-1;-1;-1;195;-1
1805;221;5;-1;-1;-1;-1;15;-1
1806;221;15;-1;-1;-1;-1;25;-1
1807;221;25;-1;-1;-1;-1;45;-1
1808;221;55;-1;-1;-1;-1;65;-1
1809;221;65;-1;-1;-1;-1;75;-1
1810;221;75;-1;-1;-1;-1;95;-1
1811;221;105;-1;-1;-1;-1;115;-1
1812;221;115;-1;-1;-1;-1;125;-1
1813;221;125;-1;-1;-1;-1;145;-1
1814;221;155;-1;-1;-1;-1;165;-1
1815;221;165;-1;-1;-1;-1;175;-1
1816;221;175;-1;-1;-1;-1;195;-1
1817;222;5;-1;-1;-1;-1;15;-1
1818;222;15;-1;-1;-1;-1;25;-1
1819;222;25;-1;-1;-1;-1;45;-1
1820;222;55;-1;-1;-1;-1;65;-1
1821;222;65;-1;-1;-1;-1;75;-1
1822;222;75;-1;-1;-1;-1;95;-1
1823;222;105;-1;-1;-1;-1;115;-1
1824;222;115;-1;-1;-1;-1;125;-1
1825;222;125;-1;-1;-1;-1;145;-1
1826;222;155;-1;-1;-1;-1;165;-1
1827;222;165;-1;-1;-1;-1;175;-1
1828;222;175;-1;-1;-1;-1;195;-1
1829;223;5;-1;-1;-1;-1;15;-1
1830;223;15;-1;-1;-1;-1;25;-1
1831;223;25;-1;-1;-1;-1;45;-1
1832;223;55;-1;-1;-1;-1;65;-1
1833;223;65;-1;-1;-1;-1;75;-1
1834;223;75;-1;-1;-1;-1;95;-1
1835;223;105;-1;-1;-1;-1;115;-1
1836;223;115;-1;-1;-1;-1;125;-1
1837;223;125;-1;-1;-1;-1;145;-1
1838;223;155;-1;-1;-1;-1;165;-1
1839;223;165;-1;-1;-1;-1;175;-1
1840;223;175;-1;-1;-1;-1;195;-1
1841;224;5;-1;-1;-1;-1;15;-1
1842;224;15;-1;-1;-1;-1;25;-1
1843;224;25;-1;-1;-1;-1;45;-1
1844;224;55;-1;-1;-1;-1;65;-1
1845;224;65;-1;-1;-1;-1;75;-1
1846;224;75;-1;-1;-1;-1;95;-1
1847;224;105;-1;-1;-1;-1;115;-1
1848;224;115;-1;-1;-1;-1;125;-1
1849;224;125;-1;-1;-1;-1;145;-1
1850;224;155;-1;-1;-1;-1;165;-1
1851;224;165;-1;-1;-1;-1;175;-1
1852;224;175;-1;-1;-1;-1;195;-1
1853;225;5;-1;-1;-1;-1;15;-1
1854;225;15;-1;-1;-1;-1;25;-1
1855;225;25;-1;-1;-1;-1;45;-1
1856;225;55;-1;-1;-1;-1;65;-1
1857;225;65;-1;-1;-1;-1;75;-1
1858;225;75;-1;-1;-1;-1;95;-1
1859;225;105;-1;-1;-1;-1;115;-1
1860;225;115;-1;-1;-1;-1;125;-1
1861;225;125;-1;-1;-1;-1;145;-1
1862;225;155;-1;-1;-1;-1;165;-1
1863;225;165;-1;-1;-1;-1;175;-1
1864;225;175;-1;-1;-1;-1;195;-1
1865;226;5;-1;-1;-1;-1;15;-1
1866;226;15;-1;-1;-1;-1;25;-1
1867;226;25;-1;-1;-1;-1;45;-1
1868;226;55;-1;-1;-1;-1;65;-1
1869;226;65;-1;-1;-1;-1;75;-1
1870;226;75;-1;-1;-1;-1;95;-1
1871;226;105;-1;-1;-1;-1;115;-1
1872;226;115;-1;-1;-1;-1;125;-1
1873;226;125;-1;-1;-1;-1;145;-1
1874;226;155;-1;-1;-1;-1;165;-1
1875;226;165;-1;-1;-1;-1;175;-1
1876;226;175;-1;-1;-1;-1;195;-1
1877;227;5;-1;-1;-1;-1;15;-1
1878;227;15;-1;-1;-1;-1;25;-1
1879;227;25;-1;-1;-1;-1;45;-1
1880;227;55;-1;-1;-1;-1;65;-1
1881;227;65;-1;-1;-1;-1;75;-1
1882;227;75;-1;-1;-1;-1;95;-1
1883;227;105;-1;-1;-1;-1;115;-1
1884;227;115;-1;-1;-1;-1;125;-1
1885;227;125;-1;-1;-1;-1;145;-1
1886;227;155;-1;-1;-1;-1;165;-1
1887;227;165;-1;-1;-1;-1;175;-1
1888;227;175;-1;-1;-1;-1;195;-1
1889;228;5;-1;-1;-1;-1;15;-1
1890;228;15;-1;-1;-1;-1;25;-1
1891;228;25;-1;-1;-1;-1;45;-1
1892;228;55;-1;-1;-1;-1;65;-1
1893;228;65;-1;-1;-1;-1;75;-1
1894;228;75;-1;-1;-1;-1;95;-1
1895;228;105;-1;-1;-1;-1;115;-1
1896;228;115;-1;-1;-1;-1;125;-1
1897;228;125;-1;-1;-1;-1;145;-1
1898;228;155;-1;-1;-1;-1;165;-1
1899;228;165;-1;-1;-1;-1;175;-1
1900;228;175;-1;-1;-1;-1;195;-1
1901;229;5;-1;-1;-1;-1;15;-1
1902;229;15;-1;-1;-1;-1;25;-1
1903;229;25;-1;-1;-1;-1;45;-1
1904;229;55;-1;-1;-1;-1;65;-1
1905;229;65;-1;-1;-1;-1;75;-1
1906;229;75;-1;-1;-1;-1;95;-1
1907;229;105;-1;-1;-1;-1;115;-1
1908;229;115;-1;-1;-1;-1;125;-1
1909;229;125;-1;-1;-1;-1;145;-1
1910;229;155;-1;-1;-1;-1;165;-1
1911;229;165;-1;-1;-1;-1;175;-1
1912;229;175;-1;-1;-1;-1;195;-1
1913;230;5;-1;-1;-1;-1;15;-1
1914;230;15;-1;-1;-1;-1;25;-1
1915;230;25;-1;-1;-1;-1;45;-1
1916;230;55;-1;-1;-1;-1;65;-1
1917;230;65;-1;-1;-1;-1;75;-1
1918;230;75;-1;-1;-1;-1;95;-1
1919;230;105;-1;-1;-1;-1;115;-1
1920;230;115;-1;-1;-1;-1;125;-1
1921;230;125;-1;-1;-1;-1;145;-1
1922;230;155;-1;-1;-1;-1;165;-1
1923;230;165;-1;-1;-1;-1;175;-1
1924;230;175;-1;-1;-1;-1;195;-1
1925;231;5;-1;-1;-1;-1;15;-1
1926;231;15;-1;-1;-1;-1;25;-1
1927;231;25;-1;-1;-1;-1;45;-1
1928;231;55;-1;-1;-1;-1;65;-1
1929;231;65;-1;-1;-1;-1;75;-1
1930;231;75;-1;-1;-1;-1;95;-1
1931;231;105;-1;-1;-1;-1;115;-1
1932;231;115;-1;-1;-1;-1;125;-1
1933;231;125;-1;-1;-1;-1;145;-1
1934;231;155;-1;-1;-1;-1;165;-1
1935;231;165;-1;-1;-1;-1;175;-1
1936;231;175;-1;-1;-1;-1;195;-1
1937;232;5;-1;-1;-1;-1;15;-1
1938;232;15;-1;-1;-1;-1;25;-1
1939;232;25;-1;-1;-1;-1;45;-1
1940;232;55;-1;-1;-1;-1;65;-1
1941;232;65;-1;-1;-1;-1;75;-1
1942;232;75;-1;-1;-1;-1;95;-1
1943;232;105;-1;-1;-1;-1;115;-1
1944;232;115;-1;-1;-1;-1;125;-1
1945;232;125;-1;-1;-1;-1;145;-1
1946;232;155;-1;-1;-1;-1;165;-1
1947;232;165;-1;-1;-1;-1;175;-1
1948;232;175;-1;-1;-1;-1;195;-1
1949;233;5;-1;-1;-1;-1;15;-1
1950;233;15;-1;-1;-1;-1;25;-1
1951;233;25;-1;-1;-1;-1;45;-1
1952;233;55;-1;-1;-1;-1;65;-1
1953;233;65;-1;-1;-1;-1;75;-1
1954;233;75;-1;-1;-1;-1;95;-1
1955;233;105;-1;-1;-1;-1;115;-1
1956;233;115;-1;-1;-1;-1;125;-1
1957;233;125;-1;-1;-1;-1;145;-1
1958;233;155;-1;-1;-1;-1;165;-1
1959;233;165;-1;-1;-1;-1;175;-1
1960;233;175;-1;-1;-1;-1;195;-1
1961;234;5;-1;-1;-1;-1;15;-1
1962;234;15;-1;-1;-1;-1;25;-1
1963;234;25;-1;-1;-1;-1;45;-1
1964;234;55;-1;-1;-1;-1;65;-1
1965;234;65;-1;-1;-1;-1;75;-1
1966;234;75;-1;-1;-1;-1;95;-1
1967;234;105;-1;-1;-1;-1;115;-1
1968;234;115;-1;-1;-1;-1;125;-1
1969;234;125;-1;-1;-1;-1;145;-1
1970;234;155;-1;-1;-1;-1;165;-1
1971;234;165;-1;-1;-1;-1;175;-1
1972;234;175;-1;-1;-1;-1;195;-1
1973;235;5;-1;-1;-1;-1;15;-1
1974;235;15;-1;-1;-1;-1;25;-1
1975;235;25;-1;-1;-1;-1;45;-1
1976;235;55;-1;-1;-1;-1;65;-1
1977;235;65;-1;-1;-1;-1;75;-1
1978;235;75;-1;-1;-1;-1;95;-1
1979;235;105;-1;-1;-1;-1;115;-1
1980;235;115;-1;-1;-1;-1;125;-1
1981;235;125;-1;-1;-1;-1;145;-1
1982;235;155;-1;-1;-1;-1;165;-1
1983;235;165;-1;-1;-1;-1;175;-1
1984;235;175;-1;-1;-1;-1;195;-1
1985;236;5;-1;-1;-1;-1;15;-1
1986;236;15;-1;-1;-1;-1;25;-1
1987;236;25;-1;-1;-1;-1;45;-1
1988;236;55;-1;-1;-1;-1;65;-1
1989;236;65;-1;-1;-1;-1;75;-1
1990;236;75;-1;-1;-1;-1;95;-1
1991;236;105;-1;-1;-1;-1;115;-1
1992;236;115;-1;-1;-1;-1;125;-1
1993;236;125;-1;-1;-1;-1;145;-1
1994;236;155;-1;-1;-1;-1;165;-1
1995;236;165;-1;-1;-1;-1;175;-1
1996;236;175;-1;-1;-1;-1;195;-1
1997;237;5;-1;-1;-1;-1;15;-1
1998;237;15;-1;-1;-1;-1;25;-1
1999;237;25;-1;-1;-1;-1;45;-1
2000;237;55;-1;-1;-1;-1;65;-1
2001;237;65;-1;-1;-1;-1;75;-1
2002;237;75;-1;-1;-1;-1;95;-1
2003;237;105;-1;-1;-1;-1;115;-1
2004;237;115;-1;-1;-1;-1;125;-1
2005;237;125;-1;-1;-1;-1;145;-1
2006;237;155;-1;-1;-1;-1;165;-1
2007;237;165;-1;-1;-1;-1;175;-1
2008;237;175;-1;-1;-1;-1;195;-1
2009;238;5;-1;-1;-1;-1;15;-1
2010;238;15;-1;-1;-1;-1;25;-1
2011;238;25;-1;-1;-1;-1;45;-1
2012;238;55;-1;-1;-1;-1;65;-1
2013;238;65;-1;-1;-1;-1;75;-1
2014;238;75;-1;-1;-1;-1;95;-1
2015;238;105;-1;-1;-1;-1;115;-1
2016;238;115;-1;-1;-1;-1;125;-1
2017;238;125;-1;-1;-1;-1;145;-1
2018;238;155;-1;-1;-1;-1;165;-1
2019;238;165;-1;-1;-1;-1;175;-1
2020;238;175;-1;-1;-1;-1;195;-1
2021;239;5;-1;-1;-1;-1;15;-1
2022;239;15;-1;-1;-1;-1;25;-1
2023;239;25;-1;-1;-1;-1;45;-1
2024;239;55;-1;-1;-1;-1;65;-1
2025;239;65;-1;-1;-1;-1;75;-1
2026;239;75;-1;-1;-1;-1;95;-1
2027;239;105;-1;-1;-1;-1;115;-1
2028;239;115;-1;-1;-1;-1;125;-1
2029;239;125;-1;-1;-1;-1;145;-1
2030;239;155;-1;-1;-1;-1;165;-1
2031;239;165;-1;-1;-1;-1;175;-1
2032;239;175;-1;-1;-1;-1;195;-1
2033;240;5;-1;-1;-1;-1;15;-1
2034;240;15;-1;-1;-1;-1;25;-1
2035;240;25;-1;-1;-1;-1;45;-1
2036;240;55;-1;-1;-1;-1;65;-1
2037;240;65;-1;-1;-1;-1;75;-1
2038;240;75;-1;-1;-1;-1;95;-1
2039;240;105;-1;-1;-1;-1;115;-1
2040;240;115;-1;-1;-1;-1;125;-1
2041;240;125;-1;-1;-1;-1;145;-1
2042;240;155;-1;-1;-1;-1;165;-1
2043;240;165;-1;-1;-1;-1;175;-1
2044;240;175;-1;-1;-1;-1;195;-1
2045;241;5;-1;-1;-1;-1;15;-1
2046;241;15;-1;-1;-1;-1;25;-1
2047;241;25;-1;-1;-1;-1;45;-1
2048;241;55;-1;-1;-1;-1;65;-1
2049;241;65;-1;-1;-1;-1;75;-1
2050;241;75;-1;-1;-1;-1;95;-1
2051;241;105;-1;-1;-1;-1;115;-1
2052;241;115;-1;-1;-1;-1;125;-1
2053;241;125;-1;-1;-1;-1;145;-1
2054;241;155;-1;-1;-1;-1;165;-1
2055;241;165;-1;-1;-1;-1;175;-1
2056;241;175;-1;-1;-1;-1;195;-1
2057;242;5;-1;-1;-1;-1;15;-1
2058;242;15;-1;-1;-1;-1;25;-1
2059;242;25;-1;-1;-1;-1;45;-1
2060;242;55;-1;-1;-1;-1;65;-1
2061;242;65;-1;-1;-1;-1;75;-1
2062;242;75;-1;-1;-1;-1;95;-1
2063;242;105;-1;-1;-1;-1;115;-1
2064;242;115;-1;-1;-1;-1;125;-1
2065;242;125;-1;-1;-1;-1;145;-1
2066;242;155;-1;-1;-1;-1;165;-1
2067;242;165;-1;-1;-1;-1;175;-1
2068;242;175;-1;-1;-1;-1;195;-1
2069;243;5;-1;-1;-1;-1;15;-1
2070;243;15;-1;-1;-1;-1;25;-1
2071;243;25;-1;-1;-1;-1;45;-1
2072;243;55;-1;-1;-1;-1;65;-1
2073;243;65;-1;-1;-1;-1;75;-1
2074;243;75;-1;-1;-1;-1;95;-1
2075;243;105;-1;-1;-1;-1;115;-1
2076;243;115;-1;-1;-1;-1;125;-1
2077;243;125;-1;-1;-1;-1;145;-1
2078;243;155;-1;-1;-1;-1;165;-1
2079;243;165;-1;-1;-1;-1;175;-1
2080;243;175;-1;-1;-1;-1;195;-1
2081;244;5;-1;-1;-1;-1;15;-1
2082;244;15;-1;-1;-1;-1;25;-1
2083;244;25;-1;-1;-1;-1;45;-1
2084;244;55;-1;-1;-1;-1;65;-1
2085;244;65;-1;-1;-1;-1;75;-1
2086;244;75;-1;-1;-1;-1;95;-1
2087;244;105;-1;-1;-1;-1;115;-1
2088;244;115;-1;-1;-1;-1;125;-1
2089;244;125;-1;-1;-1;-1;145;-1
2090;244;155;-1;-1;-1;-1;165;-1
2091;244;165;-1;-1;-1;-1;175;-1
2092;244;175;-1;-1;-1;-1;195;-1
2093;245;5;-1;-1;-1;-1;15;-1
2094;245;15;-1;-1;-1;-1;25;-1
2095;245;25;-1;-1;-1;-1;45;-1
2096;245;55;-1;-1;-1;-1;65;-1
2097;245;65;-1;-1;-1;-1;75;-1
2098;245;75;-1;-1;-1;-1;95;-1
2099;245;105;-1;-1;-1;-1;115;-1
2100;245;115;-1;-1;-1;-1;125;-1
2101;245;125;-1;-1;-1;-1;145;-1
2102;245;155;-1;-1;-1;-1;165;-1
2103;245;165;-1;-1;-1;-1;175;-1
2104;245;175;-1;-1;-1;-1;195;-1
2105;246;5;-1;-1;-1;-1;15;-1
2106;246;15;-1;-1;-1;-1;25;-1
2107;246;25;-1;-1;-1;-1;45;-1
2108;246;55;-1;-1;-1;-1;65;-1
2109;246;65;-1;-1;-1;-1;75;-1
2110;246;75;-1;-1;-1;-1;95;-1
2111;246;105;-1;-1;-1;-1;115;-1
2112;246;115;-1;-1;-1;-1;125;-1
2113;246;125;-1;-1;-1;-1;145;-1
2114;246;155;-1;-1;-1;-1;165;-1
2115;246;165;-1;-1;-1;-1;175;-1
2116;246;175;-1;-1;-1;-1;195;-1
2117;247;5;-1;-1;-1;-1;15;-1
2118;247;15;-1;-1;-1;-1;25;-1
2119;247;25;-1;-1;-1;-1;45;-1
2120;247;55;-1;-1;-1;-1;65;-1
2121;247;65;-1;-1;-1;-1;75;-1
2122;247;75;-1;-1;-1;-1;95;-1
2123;247;105;-1;-1;-1;-1;115;-1
2124;247;115;-1;-1;-1;-1;125;-1
2125;247;125;-1;-1;-1;-1;145;-1
2126;247;155;-1;-1;-1;-1;165;-1
2127;247;165;-1;-1;-1;-1;175;-1
2128;247;175;-1;-1;-1;-1;195;-1
2129;248;5;-1;-1;-1;-1;15;-1
2130;248;15;-1;-1;-1;-1;25;-1
2131;248;25;-1;-1;-1;-1;45;-1
2132;248;55;-1;-1;-1;-1;75;-1
2133;248;75;-1;-1;-1;-1;95;-1
2134;248;105;-1;-1;-1;-1;125;-1
2135;248;125;-1;-1;-1;-1;145;-1
2136;248;155;-1;-1;-1;-1;175;-1
2137;248;175;-1;-1;-1;-1;195;-1
2138;248;205;-1;-1;-1;-1;225;-1
2139;248;225;-1;-1;-1;-1;245;-1
2140;248;255;-1;-1;-1;-1;275;-1
2141;248;275;-1;-1;-1;-1;295;-1
2142;248;305;-1;-1;-1;-1;325;-1
2143;248;325;-1;-1;-1;-1;345;-1
2144;248;355;-1;-1;-1;-1;375;-1
2145;248;375;-1;-1;-1;-1;395;-1
2146;249;5;-1;-1;-1;-1;15;-1
2147;249;15;-1;-1;-1;-1;25;-1
2148;249;25;-1;-1;-1;-1;45;-1
2149;249;55;-1;-1;-1;-1;75;-1
2150;249;75;-1;-1;-1;-1;95;-1
2151;249;105;-1;-1;-1;-1;125;-1
2152;249;125;-1;-1;-1;-1;145;-1
2153;249;155;-1;-1;-1;-1;175;-1
2154;249;175;-1;-1;-1;-1;195;-1
2155;249;205;-1;-1;-1;-1;225;-1
2156;249;225;-1;-1;-1;-1;245;-1
2157;249;255;-1;-1;-1;-1;275;-1
2158;249;275;-1;-1;-1;-1;295;-1
2159;249;305;-1;-1;-1;-1;325;-1
2160;249;325;-1;-1;-1;-1;345;-1
2161;249;355;-1;-1;-1;-1;375;-1
2162;249;375;-1;-1;-1;-1;395;-1
2163;250;5;-1;-1;-1;-1;15;-1
2164;250;15;-1;-1;-1;-1;25;-1
2165;250;25;-1;-1;-1;-1;45;-1
2166;250;55;-1;-1;-1;-1;75;-1
2167;250;75;-1;-1;-1;-1;95;-1
2168;250;105;-1;-1;-1;-1;125;-1
2169;250;125;-1;-1;-1;-1;145;-1
2170;250;155;-1;-1;-1;-1;175;-1
2171;250;175;-1;-1;-1;-1;195;-1
2172;250;205;-1;-1;-1;-1;225;-1
2173;250;225;-1;-1;-1;-1;245;-1
2174;250;255;-1;-1;-1;-1;275;-1
2175;250;275;-1;-1;-1;-1;295;-1
2176;250;305;-1;-1;-1;-1;325;-1
2177;250;325;-1;-1;-1;-1;345;-1
2178;250;355;-1;-1;-1;-1;375;-1
2179;250;375;-1;-1;-1;-1;395;-1
2180;251;5;-1;-1;-1;-1;15;-1
2181;251;15;-1;-1;-1;-1;25;-1
2182;251;25;-1;-1;-1;-1;45;-1
2183;251;55;-1;-1;-1;-1;75;-1
2184;251;75;-1;-1;-1;-1;95;-1
2185;251;105;-1;-1;-1;-1;125;-1
2186;251;125;-1;-1;-1;-1;145;-1
2187;251;155;-1;-1;-1;-1;175;-1
2188;251;175;-1;-1;-1;-1;195;-1
2189;251;205;-1;-1;-1;-1;225;-1
2190;251;225;-1;-1;-1;-1;245;-1
2191;251;255;-1;-1;-1;-1;275;-1
2192;251;275;-1;-1;-1;-1;295;-1
2193;251;305;-1;-1;-1;-1;325;-1
2194;251;325;-1;-1;-1;-1;345;-1
2195;251;355;-1;-1;-1;-1;375;-1
2196;251;375;-1;-1;-1;-1;395;-1
2197;252;5;-1;-1;-1;-1;15;-1
2198;252;15;-1;-1;-1;-1;25;-1
2199;252;25;-1;-1;-1;-1;45;-1
2200;252;55;-1;-1;-1;-1;75;-1
2201;252;75;-1;-1;-1;-1;95;-1
2202;252;105;-1;-1;-1;-1;125;-1
2203;252;125;-1;-1;-1;-1;145;-1
2204;252;155;-1;-1;-1;-1;175;-1
2205;252;175;-1;-1;-1;-1;195;-1
2206;252;205;-1;-1;-1;-1;225;-1
2207;252;225;-1;-1;-1;-1;245;-1
2208;252;255;-1;-1;-1;-1;275;-1
2209;252;275;-1;-1;-1;-1;295;-1
2210;252;305;-1;-1;-1;-1;325;-1
2211;252;325;-1;-1;-1;-1;345;-1
2212;252;355;-1;-1;-1;-1;375;-1
2213;252;375;-1;-1;-1;-1;395;-1
2214;253;5;-1;-1;-1;-1;15;-1
2215;253;15;-1;-1;-1;-1;25;-1
2216;253;25;-1;-1;-1;-1;45;-1
2217;253;55;-1;-1;-1;-1;75;-1
2218;253;75;-1;-1;-1;-1;95;-1
2219;253;105;-1;-1;-1;-1;125;-1
2220;253;125;-1;-1;-1;-1;145;-1
2221;253;155;-1;-1;-1;-1;175;-1
2222;253;175;-1;-1;-1;-1;195;-1
2223;253;205;-1;-1;-1;-1;225;-1
2224;253;225;-1;-1;-1;-1;245;-1
2225;253;255;-1;-1;-1;-1;275;-1
2226;253;275;-1;-1;-1;-1;295;-1
2227;253;305;-1;-1;-1;-1;325;-1
2228;253;325;-1;-1;-1;-1;345;-1
2229;253;355;-1;-1;-1;-1;375;-1
2230;253;375;-1;-1;-1;-1;395;-1
2231;254;5;-1;-1;-1;-1;15;-1
2232;254;15;-1;-1;-1;-1;25;-1
2233;254;25;-1;-1;-1;-1;45;-1
2234;254;55;-1;-1;-1;-1;75;-1
2235;254;75;-1;-1;-1;-1;95;-1
2236;254;105;-1;-1;-1;-1;125;-1
2237;254;125;-1;-1;-1;-1;145;-1
2238;254;155;-1;-1;-1;-1;175;-1
2239;254;175;-1;-1;-1;-1;195;-1
2240;254;205;-1;-1;-1;-1;225;-1
2241;254;225;-1;-1;-1;-1;245;-1
2242;254;255;-1;-1;-1;-1;275;-1
2243;254;275;-1;-1;-1;-1;295;-1
2244;254;305;-1;-1;-1;-1;325;-1
2245;254;325;-1;-1;-1;-1;345;-1
2246;254;355;-1;-1;-1;-1;375;-1
2247;254;375;-1;-1;-1;-1;395;-1
2248;255;5;-1;-1;-1;-1;15;-1
2249;255;15;-1;-1;-1;-1;25;-1
2250;255;25;-1;-1;-1;-1;45;-1
2251;255;55;-1;-1;-1;-1;75;-1
2252;255;75;-1;-1;-1;-1;95;-1
2253;255;105;-1;-1;-1;-1;125;-1
2254;255;125;-1;-1;-1;-1;145;-1
2255;255;155;-1;-1;-1;-1;175;-1
2256;255;175;-1;-1;-1;-1;195;-1
2257;255;205;-1;-1;-1;-1;225;-1
2258;255;225;-1;-1;-1;-1;245;-1
2259;255;255;-1;-1;-1;-1;275;-1
2260;255;275;-1;-1;-1;-1;295;-1
2261;255;305;-1;-1;-1;-1;325;-1
2262;255;325;-1;-1;-1;-1;345;-1
2263;255;355;-1;-1;-1;-1;375;-1
2264;255;375;-1;-1;-1;-1;395;-1
2265;256;5;-1;-1;-1;-1;15;-1
2266;256;15;-1;-1;-1;-1;25;-1
2267;256;25;-1;-1;-1;-1;45;-1
2268;256;55;-1;-1;-1;-1;75;-1
2269;256;75;-1;-1;-1;-1;95;-1
2270;256;105;-1;-1;-1;-1;125;-1
2271;256;125;-1;-1;-1;-1;145;-1
2272;256;155;-1;-1;-1;-1;175;-1
2273;256;175;-1;-1;-1;-1;195;-1
2274;256;205;-1;-1;-1;-1;225;-1
2275;256;225;-1;-1;-1;-1;245;-1
2276;256;255;-1;-1;-1;-1;275;-1
2277;256;275;-1;-1;-1;-1;295;-1
2278;256;305;-1;-1;-1;-1;325;-1
2279;256;325;-1;-1;-1;-1;345;-1
2280;256;355;-1;-1;-1;-1;375;-1
2281;256;375;-1;-1;-1;-1;395;-1
2282;257;5;-1;-1;-1;-1;15;-1
2283;257;15;-1;-1;-1;-1;25;-1
2284;257;25;-1;-1;-1;-1;45;-1
2285;257;55;-1;-1;-1;-1;75;-1
2286;257;75;-1;-1;-1;-1;95;-1
2287;257;105;-1;-1;-1;-1;125;-1
2288;257;125;-1;-1;-1;-1;145;-1
2289;257;155;-1;-1;-1;-1;175;-1
2290;257;175;-1;-1;-1;-1;195;-1
2291;257;205;-1;-1;-1;-1;225;-1
2292;257;225;-1;-1;-1;-1;245;-1
2293;257;255;-1;-1;-1;-1;275;-1
2294;257;275;-1;-1;-1;-1;295;-1
2295;257;305;-1;-1;-1;-1;325;-1
2296;257;325;-1;-1;-1;-1;345;-1
2297;257;355;-1;-1;-1;-1;375;-1
2298;257;375;-1;-1;-1;-1;395;-1
2299;258;5;-1;-1;-1;-1;15;-1
2300;258;15;-1;-1;-1;-1;25;-1
2301;258;25;-1;-1;-1;-1;45;-1
2302;258;55;-1;-1;-1;-1;75;-1
2303;258;75;-1;-1;-1;-1;95;-1
2304;258;105;-1;-1;-1;-1;125;-1
2305;258;125;-1;-1;-1;-1;145;-1
2306;258;155;-1;-1;-1;-1;175;-1
2307;258;175;-1;-1;-1;-1;195;-1
2308;258;205;-1;-1;-1;-1;225;-1
2309;258;225;-1;-1;-1;-1;245;-1
2310;258;255;-1;-1;-1;-1;275;-1
2311;258;275;-1;-1;-1;-1;295;-1
2312;258;305;-1;-1;-1;-1;325;-1
2313;258;325;-1;-1;-1;-1;345;-1
2314;258;355;-1;-1;-1;-1;375;-1
2315;258;375;-1;-1;-1;-1;395;-1
2316;259;5;-1;-1;-1;-1;15;-1
2317;259;15;-1;-1;-1;-1;25;-1
2318;259;25;-1;-1;-1;-1;45;-1
2319;259;55;-1;-1;-1;-1;75;-1
2320;259;75;-1;-1;-1;-1;95;-1
2321;259;105;-1;-1;-1;-1;125;-1
2322;259;125;-1;-1;-1;-1;145;-1
2323;259;155;-1;-1;-1;-1;175;-1
2324;259;175;-1;-1;-1;-1;195;-1
2325;259;205;-1;-1;-1;-1;225;-1
2326;259;225;-1;-1;-1;-1;245;-1
2327;259;255;-1;-1;-1;-1;275;-1
2328;259;275;-1;-1;-1;-1;295;-1
2329;259;305;-1;-1;-1;-1;325;-1
2330;259;325;-1;-1;-1;-1;345;-1
2331;259;355;-1;-1;-1;-1;375;-1
2332;259;375;-1;-1;-1;-1;395;-1
2333;260;5;-1;-1;-1;-1;15;-1
2334;260;15;-1;-1;-1;-1;25;-1
2335;260;25;-1;-1;-1;-1;45;-1
2336;260;55;-1;-1;-1;-1;75;-1
2337;260;75;-1;-1;-1;-1;95;-1
2338;260;105;-1;-1;-1;-1;125;-1
2339;260;125;-1;-1;-1;-1;145;-1
2340;260;155;-1;-1;-1;-1;175;-1
2341;260;175;-1;-1;-1;-1;195;-1
2342;260;205;-1;-1;-1;-1;225;-1
2343;260;225;-1;-1;-1;-1;245;-1
2344;260;255;-1;-1;-1;-1;275;-1
2345;260;275;-1;-1;-1;-1;295;-1
2346;260;305;-1;-1;-1;-1;325;-1
2347;260;325;-1;-1;-1;-1;345;-1
2348;260;355;-1;-1;-1;-1;375;-1
2349;260;375;-1;-1;-1;-1;395;-1
2350;261;5;-1;-1;-1;-1;15;-1
2351;261;15;-1;-1;-1;-1;25;-1
2352;261;25;-1;-1;-1;-1;45;-1
2353;261;55;-1;-1;-1;-1;75;-1
2354;261;75;-1;-1;-1;-1;95;-1
2355;261;105;-1;-1;-1;-1;125;-1
2356;261;125;-1;-1;-1;-1;145;-1
2357;261;155;-1;-1;-1;-1;175;-1
2358;261;175;-1;-1;-1;-1;195;-1
2359;261;205;-1;-1;-1;-1;225;-1
2360;261;225;-1;-1;-1;-1;245;-1
2361;261;255;-1;-1;-1;-1;275;-1
2362;261;275;-1;-1;-1;-1;295;-1
2363;261;305;-1;-1;-1;-1;325;-1
2364;261;325;-1;-1;-1;-1;345;-1
2365;261;355;-1;-1;-1;-1;375;-1
2366;261;375;-1;-1;-1;-1;395;-1
2367;262;5;-1;-1;-1;-1;15;-1
2368;262;15;-1;-1;-1;-1;25;-1
2369;262;25;-1;-1;-1;-1;45;-1
2370;262;55;-1;-1;-1;-1;75;-1
2371;262;75;-1;-1;-1;-1;95;-1
2372;262;105;-1;-1;-1;-1;125;-1
2373;262;125;-1;-1;-1;-1;145;-1
2374;262;155;-1;-1;-1;-1;175;-1
2375;262;175;-1;-1;-1;-1;195;-1
2376;262;205;-1;-1;-1;-1;225;-1
2377;262;225;-1;-1;-1;-1;245;-1
2378;262;255;-1;-1;-1;-1;275;-1
2379;262;275;-1;-1;-1;-1;295;-1
2380;262;305;-1;-1;-1;-1;325;-1
2381;262;325;-1;-1;-1;-1;345;-1
2382;262;355;-1;-1;-1;-1;375;-1
2383;262;375;-1;-1;-1;-1;395;-1
2384;263;5;-1;-1;-1;-1;15;-1
2385;263;15;-1;-1;-1;-1;25;-1
2386;263;25;-1;-1;-1;-1;45;-1
2387;263;55;-1;-1;-1;-1;75;-1
2388;263;75;-1;-1;-1;-1;95;-1
2389;263;105;-1;-1;-1;-1;125;-1
2390;263;125;-1;-1;-1;-1;145;-1
2391;263;155;-1;-1;-1;-1;175;-1
2392;263;175;-1;-1;-1;-1;195;-1
2393;263;205;-1;-1;-1;-1;225;-1
2394;263;225;-1;-1;-1;-1;245;-1
2395;263;255;-1;-1;-1;-1;275;-1
2396;263;275;-1;-1;-1;-1;295;-1
2397;263;305;-1;-1;-1;-1;325;-1
2398;263;325;-1;-1;-1;-1;345;-1
2399;263;355;-1;-1;-1;-1;375;-1
2400;263;375;-1;-1;-1;-1;395;-1
2401;264;5;-1;-1;-1;-1;15;-1
2402;264;15;-1;-1;-1;-1;25;-1
2403;264;25;-1;-1;-1;-1;45;-1
2404;264;55;-1;-1;-1;-1;75;-1
2405;264;75;-1;-1;-1;-1;95;-1
2406;264;105;-1;-1;-1;-1;125;-1
2407;264;125;-1;-1;-1;-1;145;-1
2408;264;155;-1;-1;-1;-1;175;-1
2409;264;175;-1;-1;-1;-1;195;-1
2410;264;205;-1;-1;-1;-1;225;-1
2411;264;225;-1;-1;-1;-1;245;-1
2412;264;255;-1;-1;-1;-1;275;-1
2413;264;275;-1;-1;-1;-1;295;-1
2414;264;305;-1;-1;-1;-1;325;-1
2415;264;325;-1;-1;-1;-1;345;-1
2416;264;355;-1;-1;-1;-1;375;-1
2417;264;375;-1;-1;-1;-1;395;-1
2418;265;5;-1;-1;-1;-1;15;-1
2419;265;15;-1;-1;-1;-1;25;-1
2420;265;25;-1;-1;-1;-1;45;-1
2421;265;55;-1;-1;-1;-1;75;-1
2422;265;75;-1;-1;-1;-1;95;-1
2423;265;105;-1;-1;-1;-1;125;-1
2424;265;125;-1;-1;-1;-1;145;-1
2425;265;155;-1;-1;-1;-1;175;-1
2426;265;175;-1;-1;-1;-1;195;-1
2427;265;205;-1;-1;-1;-1;225;-1
2428;265;225;-1;-1;-1;-1;245;-1
2429;265;255;-1;-1;-1;-1;275;-1
2430;265;275;-1;-1;-1;-1;295;-1
2431;265;305;-1;-1;-1;-1;325;-1
2432;265;325;-1;-1;-1;-1;345;-1
2433;265;355;-1;-1;-1;-1;375;-1
2434;265;375;-1;-1;-1;-1;395;-1
2435;266;5;-1;-1;-1;-1;15;-1
2436;266;15;-1;-1;-1;-1;25;-1
2437;266;25;-1;-1;-1;-1;45;-1
2438;266;55;-1;-1;-1;-1;75;-1
2439;266;75;-1;-1;-1;-1;95;-1
2440;266;105;-1;-1;-1;-1;125;-1
2441;266;125;-1;-1;-1;-1;145;-1
2442;266;155;-1;-1;-1;-1;175;-1
2443;266;175;-1;-1;-1;-1;195;-1
2444;266;205;-1;-1;-1;-1;225;-1
2445;266;225;-1;-1;-1;-1;245;-1
2446;266;255;-1;-1;-1;-1;275;-1
2447;266;275;-1;-1;-1;-1;295;-1
2448;266;305;-1;-1;-1;-1;325;-1
2449;266;325;-1;-1;-1;-1;345;-1
2450;266;355;-1;-1;-1;-1;375;-1
2451;266;375;-1;-1;-1;-1;395;-1
2452;267;5;-1;-1;-1;-1;15;-1
2453;267;15;-1;-1;-1;-1;25;-1
2454;267;25;-1;-1;-1;-1;45;-1
2455;267;55;-1;-1;-1;-1;75;-1
2456;267;75;-1;-1;-1;-1;95;-1
2457;267;105;-1;-1;-1;-1;125;-1
2458;267;125;-1;-1;-1;-1;145;-1
2459;267;155;-1;-1;-1;-1;175;-1
2460;267;175;-1;-1;-1;-1;195;-1
2461;267;205;-1;-1;-1;-1;225;-1
2462;267;225;-1;-1;-1;-1;245;-1
2463;267;255;-1;-1;-1;-1;275;-1
2464;267;275;-1;-1;-1;-1;295;-1
2465;267;305;-1;-1;-1;-1;325;-1
2466;267;325;-1;-1;-1;-1;345;-1
2467;267;355;-1;-1;-1;-1;375;-1
2468;267;375;-1;-1;-1;-1;395;-1
2469;268;5;-1;-1;-1;-1;15;-1
2470;268;15;-1;-1;-1;-1;25;-1
2471;268;25;-1;-1;-1;-1;45;-1
2472;268;55;-1;-1;-1;-1;75;-1
2473;268;75;-1;-1;-1;-1;95;-1
2474;268;105;-1;-1;-1;-1;125;-1
2475;268;125;-1;-1;-1;-1;145;-1
2476;268;155;-1;-1;-1;-1;175;-1
2477;268;175;-1;-1;-1;-1;195;-1
2478;268;205;-1;-1;-1;-1;225;-1
2479;268;225;-1;-1;-1;-1;245;-1
2480;268;255;-1;-1;-1;-1;275;-1
2481;268;275;-1;-1;-1;-1;295;-1
2482;268;305;-1;-1;-1;-1;325;-1
2483;268;325;-1;-1;-1;-1;345;-1
2484;268;355;-1;-1;-1;-1;375;-1
2485;268;375;-1;-1;-1;-1;395;-1
2486;269;5;-1;-1;-1;-1;15;-1
2487;269;15;-1;-1;-1;-1;25;-1
2488;269;25;-1;-1;-1;-1;45;-1
2489;269;55;-1;-1;-1;-1;75;-1
2490;269;75;-1;-1;-1;-1;95;-1
2491;269;105;-1;-1;-1;-1;125;-1
2492;269;125;-1;-1;-1;-1;145;-1
2493;269;155;-1;-1;-1;-1;175;-1
2494;269;175;-1;-1;-1;-1;195;-1
2495;269;205;-1;-1;-1;-1;225;-1
2496;269;225;-1;-1;-1;-1;245;-1
2497;269;255;-1;-1;-1;-1;275;-1
2498;269;275;-1;-1;-1;-1;295;-1
2499;269;305;-1;-1;-1;-1;325;-1
2500;269;325;-1;-1;-1;-1;345;-1
2501;269;355;-1;-1;-1;-1;375;-1
2502;269;375;-1;-1;-1;-1;395;-1
2503;270;5;-1;-1;-1;-1;15;-1
2504;270;15;-1;-1;-1;-1;25;-1
2505;270;25;-1;-1;-1;-1;45;-1
2506;270;55;-1;-1;-1;-1;75;-1
2507;270;75;-1;-1;-1;-1;95;-1
2508;270;105;-1;-1;-1;-1;125;-1
2509;270;125;-1;-1;-1;-1;145;-1
2510;270;155;-1;-1;-1;-1;175;-1
2511;270;175;-1;-1;-1;-1;195;-1
2512;270;205;-1;-1;-1;-1;225;-1
2513;270;225;-1;-1;-1;-1;245;-1
2514;270;255;-1;-1;-1;-1;275;-1
2515;270;275;-1;-1;-1;-1;295;-1
2516;270;305;-1;-1;-1;-1;325;-1
2517;270;325;-1;-1;-1;-1;345;-1
2518;270;355;-1;-1;-1;-1;375;-1
2519;270;375;-1;-1;-1;-1;395;-1
