h;idAnalyse;distanceDebut;tpsFinCoulee;tpsFinPremierMvt;nbCycles;tpsFinDernierMvt;distanceFin;tpsPassage
1;1;0;-1;-1;0;-1;50;24.89
2;2;0;6.87;-1;0;24.95;50;24.96
3;3;0;5.86;-1;0;25.62;50;25.93
4;4;0;-1;-1;0;-1;50;26.49
5;4;50;-1;-1;0;-1;100;57.69
6;5;0;5.28;-1;0;24.7;50;25.77
7;5;50;29.07;-1;0;53.73;100;53.93
8;6;0;5.23;-1;0;24.81;50;26.06
9;6;50;29.12;-1;0;55.23;100;55.51
10;7;0;4.69;-1;0;24.66;50;26.1
11;7;50;29.56;-1;0;54.3;100;54.74
12;8;0;4.87;-1;0;25.19;50;26.46
13;8;50;29.86;-1;0;54.82;100;55.07
14;9;0;6.09;-1;0;28.18;50;28.98
15;9;50;35.18;-1;0;60.23;100;61.4
16;10;0;7.06;-1;0;28.07;50;28.4
17;10;50;35.24;-1;0;60.78;100;61.43
18;11;0;-1;-1;0;-1;50;26.89
19;11;50;-1;-1;0;-1;100;55.75
20;11;100;-1;-1;0;-1;150;84.71
21;11;150;-1;-1;0;-1;200;114.03
22;11;200;-1;-1;0;-1;250;143.02
23;11;250;-1;-1;0;-1;300;172.27
24;11;300;-1;-1;0;-1;350;201.59
25;11;350;-1;-1;0;-1;400;230.48
26;12;0;5.93;-1;0;24.05;50;24.23
27;13;0;5.6;-1;0;24.56;50;25.08
28;14;0;6.7;-1;0;24.58;50;25.11
29;15;0;6.91;-1;0;26.24;50;27.02
30;15;50;33.37;-1;0;57.04;100;57.48
31;16;0;5.82;-1;0;24.92;50;26.1
32;16;50;29.72;-1;0;53.58;100;53.97
33;17;0;4.38;-1;0;24.59;50;25.6
34;17;50;28.47;-1;0;52.89;100;53.36
35;18;0;4.35;-1;0;24.51;50;25.64
36;18;50;29.01;-1;0;53.91;100;54.25
37;19;0;4.77;-1;0;24.62;50;25.79
38;19;50;29.05;-1;0;54.14;100;54.34
39;20;0;4.45;-1;0;22.39;50;23.31
40;20;50;26.73;-1;0;48.11;100;48.36
41;21;0;4.43;-1;0;22.84;50;23.77
42;21;50;26.74;-1;0;49.32;100;49.35
43;22;0;5.46;-1;0;22.44;50;23.37
44;22;50;26.89;-1;0;49.02;100;49.04
45;23;0;6.02;-1;0;25.86;50;26.11
46;23;50;33.02;-1;0;54.91;100;55.4
47;23;100;60.95;-1;0;85.4;150;85.59
48;23;150;91.24;-1;0;115.88;200;116.33
49;24;0;4.62;-1;0;27.11;50;28.4
50;24;50;30.89;-1;0;57.39;100;58.62
51;24;100;60.97;-1;0;87.36;150;88.78
52;24;150;91.11;-1;0;117.81;200;119.01
53;24;200;121.37;-1;0;147.69;250;149
54;24;250;151.49;-1;0;177.87;300;179.13
55;24;300;181.43;-1;0;207.75;350;209.01
56;24;350;211.67;-1;0;238.05;400;239.21
57;24;400;241.63;-1;0;267.43;450;268.96
58;24;450;271.55;-1;0;297.53;500;298.98
59;24;500;301.53;-1;0;327.59;550;328.86
60;24;550;331.32;-1;0;357.67;600;358.87
61;24;600;361.29;-1;0;387.21;650;388.62
62;24;650;391.09;-1;0;417.05;700;418.55
63;24;700;420.91;-1;0;446.85;750;448.38
64;24;750;450.74;-1;0;477.05;800;478.37
65;24;800;480.67;-1;0;506.91;850;508.13
66;24;850;510.59;-1;0;536.24;900;537.78
67;24;900;540.13;-1;0;566.37;950;567.62
68;24;950;570.07;-1;0;596.19;1000;597.45
69;24;1000;599.73;-1;0;625.95;1050;627.22
70;24;1050;629.63;-1;0;655.73;1100;657.01
71;24;1100;659.37;-1;0;685.56;1150;686.84
72;24;1150;689.35;-1;0;715.41;1200;716.74
73;24;1200;719.07;-1;0;745.2;1250;746.52
74;24;1250;748.87;-1;0;775.41;1300;776.7
75;24;1300;778.86;-1;0;805.61;1350;806.83
76;24;1350;809.23;-1;0;835.77;1400;837
77;24;1400;839.29;-1;0;865.61;1450;866.89
78;24;1450;869.27;-1;0;895.21;1500;896.09
79;25;0;4.44;-1;0;22.35;50;23.31
80;25;50;26.89;-1;0;48.03;100;48.09
81;26;0;6.86;-1;0;26.87;50;26.88
82;26;50;33.44;-1;0;57.35;100;57.37
83;27;0;5.79;-1;0;26.01;50;26.05
84;27;50;31.47;-1;0;55.95;100;55.98
85;27;100;61.94;-1;0;86.14;150;86.17
86;27;150;91.74;-1;0;117.76;200;117.77
87;28;0;6.01;-1;0;26.55;50;26.6
88;28;50;32.35;-1;0;58.03;100;58.08
89;28;100;63.91;-1;0;92.2;150;93.43
90;28;150;97.01;-1;0;122.17;200;122.29
91;29;0;-1;-1;0;-1;50;26.15
92;29;50;-1;-1;0;-1;100;53.24
93;30;0;6.13;-1;0;24.47;50;25.7
94;30;50;31.85;-1;0;52.84;100;53.46
95;31;0;5.23;-1;0;25.46;50;26.75
96;31;50;29.45;-1;0;55.24;100;56.13
97;31;100;59.03;-1;0;85.44;150;86.89
98;31;150;89.92;-1;0;117.26;200;118.33
99;32;0;6.13;-1;0;25.7;50;26.89
100;32;50;31.95;-1;0;54.5;100;54.9
101;33;0;4.68;-1;0;23.82;50;25.29
102;33;50;29.2;-1;0;51.46;100;52.67
103;33;100;55.92;-1;0;78.96;150;80.28
104;33;150;83.27;-1;0;107.9;200;108.26
105;34;0;4.74;-1;0;23.28;50;24.41
106;34;50;28.03;-1;0;50.5;100;51.66
107;34;100;55.16;-1;0;77.66;150;78.94
108;34;150;82.26;-1;0;106.48;200;106.87
109;35;0;-1;-1;0;-1;50;24.75
110;35;50;-1;-1;0;-1;100;52.64
111;35;100;-1;-1;0;-1;150;80.99
112;35;150;-1;-1;0;-1;200;108.97
113;36;0;5.47;-1;0;22.75;50;24.14
114;36;50;28.07;-1;0;49.67;100;50.85
115;36;100;54.63;-1;0;77.37;150;78.48
116;36;150;82.81;-1;0;105.83;200;106.34
117;37;0;5.14;-1;0;26.75;50;28.01
118;37;50;31.22;-1;0;56.89;100;58.3
119;37;100;60.89;-1;0;88.43;150;89.71
120;37;150;92.49;-1;0;120.45;200;120.99
121;38;0;7.51;-1;0;29.11;50;30.26
122;38;50;36.69;-1;0;63.19;100;64.28
123;38;100;70.99;-1;0;97.77;150;98.29
124;38;150;104.67;-1;0;132.53;200;133.4
125;39;0;7.52;-1;0;28.69;50;29.41
126;39;50;36.37;-1;0;61.72;100;63.1
127;39;100;70;-1;0;96.01;150;97.34
128;39;150;104.51;-1;0;131.91;200;132.82
129;40;0;4.62;-1;0;22.06;50;23.15
130;40;50;26.75;-1;0;47.58;100;47.9
131;41;0;6.73;-1;0;24.98;50;26.04
132;41;50;31.63;-1;0;52.8;100;53.01
133;42;0;6.54;-1;0;24.48;50;25.61
134;42;50;31.37;-1;0;52.3;100;52.86
135;43;0;5.15;-1;0;25.92;50;27.15
136;43;50;30.02;-1;0;55.52;100;56.71
137;43;100;59.88;-1;0;85.9;150;87.06
138;43;150;90.34;-1;0;116.58;200;117.3
139;44;0;5.81;-1;0;23.94;50;24.94
140;44;50;29.06;-1;0;51;100;52
141;44;100;55.51;-1;0;78.2;150;79.35
142;44;150;83.17;-1;0;106.54;200;106.91
143;45;0;-1;-1;0;-1;50;24.22
144;45;50;-1;-1;0;-1;100;51.16
145;45;100;-1;-1;0;-1;150;78.86
146;45;150;-1;-1;0;-1;200;106.88
147;46;0;4.69;-1;0;22.84;50;23.91
148;46;50;27.64;-1;0;49.5;100;50.74
149;46;100;54.38;-1;0;77.28;150;78.55
150;46;150;82.17;-1;0;106.7;200;106.96
151;47;0;4.36;-1;0;22.57;50;23.77
152;47;50;26.92;-1;0;49.53;100;50.66
153;47;100;53.44;-1;0;76.56;150;78.16
154;47;150;80.73;-1;0;106.01;200;106.49
155;48;0;5.64;-1;0;23.42;50;24.74
156;48;50;28.54;-1;0;50.86;100;51.92
157;48;100;55.87;-1;0;78.48;150;79.68
158;48;150;84.02;-1;0;106.9;200;107.44
159;49;0;4.98;-1;0;24.18;50;25.48
160;49;50;28.92;-1;0;51.64;100;53.03
161;49;100;55.9;-1;0;79.33;150;80.67
162;49;150;83.4;-1;0;107.58;200;107.84
163;50;0;-1;-1;0;-1;50;23.41
165;52;0;-1;-1;0;-1;50;23.54
166;53;0;6.5;-1;0;25.24;50;26.59
167;53;50;32.06;-1;0;53.44;100;53.64
168;54;0;5.27;-1;0;26.23;50;27.29
169;54;50;33.29;-1;0;58.84;100;59.97
170;55;0;6.16;-1;0;25.92;50;26.83
171;55;50;33.3;-1;0;57.6;100;57.83
172;56;0;4.62;-1;0;25.3;50;26.41
173;56;50;29.66;-1;0;54.69;100;54.95
174;57;0;5.97;-1;0;24.32;50;25.53
175;57;50;29.35;-1;0;51.98;100;53.03
176;57;100;56.58;-1;0;79.82;150;81.1
177;57;150;85.07;-1;0;108.2;200;108.47
178;58;0;5.28;-1;0;24.65;50;25.77
179;58;50;29.26;-1;0;52.51;100;53.74
180;58;100;56.72;-1;0;80.92;150;82.03
181;58;150;84.89;-1;0;110.11;200;110.41
182;59;0;6.1;-1;0;24.44;50;25.75
183;59;50;31.16;-1;0;52.76;100;52.97
184;60;0;6.4;-1;0;24.55;50;25.63
185;60;50;31.79;-1;0;52.34;100;53
186;61;0;5.17;-1;0;22.71;50;23.41
187;62;0;4.66;-1;0;23.14;50;23.39
188;63;0;5.66;-1;0;23.63;50;24.9
189;63;50;28.83;-1;0;50.89;100;51.97
190;63;100;55.9;-1;0;78.78;150;79.91
191;63;150;84.26;-1;0;107.08;200;107.6
192;64;0;4.85;-1;0;23.74;50;25.16
193;64;50;28.49;-1;0;51.34;100;52.47
194;64;100;55.21;-1;0;78.53;150;80.1
195;64;150;82.74;-1;0;107.74;200;108.07
196;65;0;5.15;-1;0;25.38;50;26.68
197;65;50;29.32;-1;0;54.53;100;55.74
198;65;100;58.48;-1;0;84.4;150;85.91
199;65;150;88.49;-1;0;116.34;200;116.55
200;66;0;5.88;-1;0;24.72;50;26.22
201;66;50;30;-1;0;53.84;100;54.07
202;67;0;5.8;-1;0;27.02;50;27.95
203;68;0;4.96;-1;0;28.59;50;28.69
204;68;50;33.56;-1;0;62.17;100;62.47
205;68;100;68.01;-1;0;100.02;150;100.79
206;68;150;104.47;-1;0;132.15;200;132.35
207;69;0;6.27;-1;0;26.54;50;27.52
208;69;50;33.31;-1;0;55.75;100;56.77
209;69;100;62.66;-1;0;85.05;150;86.27
210;69;150;92.55;-1;0;116.08;200;116.42
211;70;0;6.61;-1;0;26.89;50;28.02
212;70;50;33.98;-1;0;56.77;100;58.34
213;70;100;62.43;-1;0;87.41;150;88.27
214;70;150;92.68;-1;0;117.53;200;117.7
215;71;0;6.87;-1;0;26.57;50;27.88
216;71;50;34.02;-1;0;57.09;100;58.2
217;71;100;63.47;-1;0;88.49;150;89.79
218;71;150;95.64;-1;0;120.25;200;120.63
219;72;0;5.01;-1;0;27.27;50;28.5
220;72;50;30.93;-1;0;57.25;100;58.54
221;72;100;60.81;-1;0;87.89;150;89.58
222;72;150;91.67;-1;0;121.61;200;121.86
223;73;0;3.81;-1;0;26.92;50;27.99
224;73;50;30.4;-1;0;56.92;100;58.2
225;73;100;60.38;-1;0;87.6;150;88.92
226;73;150;91.16;-1;0;119.66;200;120.04
227;74;0;5;-1;0;27.92;50;28.89
228;74;50;32.71;-1;0;58.67;100;60.17
229;74;100;63.68;-1;0;89.97;150;91.45
230;74;150;94.72;-1;0;121.61;200;121.92
231;75;0;4.76;-1;0;26.43;50;27.65
232;75;50;30.93;-1;0;56.87;100;58.07
233;75;100;60.88;-1;0;87.51;150;88.97
234;75;150;91.64;-1;0;119.39;200;119.54
235;76;0;4.33;-1;0;25.75;50;27.01
236;76;50;30.26;-1;0;55.09;100;56.27
237;76;100;59.46;-1;0;84.06;150;85.37
238;76;150;88.58;-1;0;113.58;200;114.83
239;76;200;118.01;-1;0;143;250;144.16
240;76;250;147.14;-1;0;172.34;300;173.63
241;76;300;176.87;-1;0;202;350;203.22
242;76;350;206.22;-1;0;231.86;400;233.21
243;76;400;236.32;-1;0;261.99;450;263.23
244;76;450;266.26;-1;0;292.2;500;293.51
245;76;500;296.5;-1;0;322.3;550;323.54
246;76;550;326.47;-1;0;352.8;600;354
247;76;600;357.01;-1;0;382.74;650;383.97
248;76;650;386.72;-1;0;413.24;700;414.67
249;76;700;417.46;-1;0;443.24;750;444.55
250;76;750;447.91;-1;0;472.7;800;473.07
251;77;0;6.45;-1;0;26.38;50;27.77
252;77;50;34.18;-1;0;55.85;100;57.2
253;77;100;63.61;-1;0;85.59;150;86.84
254;77;150;93.61;-1;0;116.33;200;116.63
255;78;0;6.37;-1;0;26.35;50;27.52
256;78;50;33.37;-1;0;56.17;100;57.59
257;78;100;62.88;-1;0;86.33;150;87.55
258;78;150;91.31;-1;0;116.97;200;117.06
259;79;0;5.89;-1;0;24.75;50;25.86
260;79;50;29.58;-1;0;52.97;100;53.34
261;80;0;5.47;-1;0;28.47;50;28.63
262;80;50;33.71;-1;0;61.85;100;62.32
263;80;100;68.25;-1;0;100.15;150;100.61
264;80;150;104.35;-1;0;131.99;200;132.12
265;81;0;5.53;-1;0;25.65;50;27.02
266;81;50;30.12;-1;0;55.12;100;56.68
267;81;100;59.73;-1;0;85.53;150;87.13
268;81;150;90.07;-1;0;117.15;200;117.31
269;82;0;3.54;-1;0;26.9;50;28.16
270;82;50;30.7;-1;0;57.49;100;58.56
271;82;100;60.84;-1;0;88.94;150;90.02
272;82;150;92.16;-1;0;121.32;200;121.47
273;83;0;-1;-1;0;-1;50;28.39
274;83;50;-1;-1;0;-1;100;59.48
275;83;100;-1;-1;0;-1;150;90.41
276;83;150;-1;-1;0;-1;200;120.61
277;84;0;4.45;-1;0;26.16;50;27.44
278;84;50;30.12;-1;0;56.1;100;57.45
279;84;100;60.09;-1;0;87.5;150;88.81
280;84;150;91.2;-1;0;119.62;200;120.06
281;85;0;4.83;-1;0;21.73;50;21.86
282;86;0;-1;-1;0;-1;50;22.19
283;87;0;6.03;-1;0;25.29;50;25.3
284;88;0;6.12;-1;0;26.3;50;26.35
285;89;0;6.27;-1;0;24.23;50;24.34
286;89;50;31.75;-1;0;51.64;100;52.31
287;90;0;6.26;-1;0;31.25;50;32.23
288;91;0;6.14;-1;0;24.63;50;25.98
289;91;50;30.04;-1;0;53.3;100;53.32
290;92;0;-1;-1;0;-1;50;21.67
291;93;0;4.51;-1;0;21.55;50;21.95
292;94;0;5.75;-1;0;25.52;50;25.53
293;95;0;6.22;-1;0;25.91;50;26.07
294;96;0;-1;-1;0;-1;50;28.2
295;96;50;-1;-1;0;-1;100;57.74
296;96;100;-1;-1;0;-1;150;88.05
297;96;150;-1;-1;0;-1;200;118.64
298;97;0;-1;-1;0;-1;50;26.56
299;97;50;-1;-1;0;-1;100;55.72
300;97;100;-1;-1;0;-1;150;85.28
301;97;150;-1;-1;0;-1;200;116.37
302;98;0;5.32;-1;0;28.07;50;28.2
303;98;50;33.26;-1;0;61.34;100;61.95
304;98;100;68.31;-1;0;100.06;150;100.65
305;98;150;104.31;-1;0;133.14;200;133.22
306;99;0;5.99;-1;0;27.53;50;27.7
307;99;50;32.45;-1;0;59.27;100;59.72
308;99;100;64.05;-1;0;92.21;150;93.78
309;99;150;97.35;-1;0;125.91;200;126.23
310;99;200;131.71;-1;0;162.73;250;163.26
311;99;250;168.57;-1;0;199.57;300;200.97
312;99;300;203.87;-1;0;230.51;350;232.05
313;99;350;234.03;-1;0;261.91;400;262.07
314;100;0;6.64;-1;0;24.55;50;25.93
315;100;50;32.97;-1;0;52.73;100;52.96
316;101;0;5.43;-1;0;26.64;50;28.02
317;101;50;34.52;-1;0;59.12;100;60.3
318;102;0;5.48;-1;0;23.5;50;23.7
319;102;50;31.18;-1;0;51.24;100;51.26
320;103;0;4.31;-1;0;22.22;50;23.28
321;103;50;27.06;-1;0;47.51;100;47.98
322;104;0;7.26;-1;0;28.58;50;29.68
323;104;50;35.95;-1;0;61.05;100;61.27
324;105;0;5.51;-1;0;31.01;50;31.5
325;105;50;37.26;-1;0;67.47;100;68.22
326;106;0;6.07;-1;0;25.91;50;26.39
327;106;50;32.5;-1;0;57.43;100;58.2
328;107;0;4.01;-1;0;25.12;50;26.19
329;107;50;29.47;-1;0;54.68;100;54.74
330;108;0;4.57;-1;0;25.81;50;26.93
331;108;50;30.12;-1;0;55.2;100;56.29
332;108;100;59.29;-1;0;84.28;150;85.35
333;108;150;88.11;-1;0;113.18;200;114.68
334;108;200;117.67;-1;0;142.5;250;143.87
335;108;250;146.8;-1;0;172.3;300;173.58
336;108;300;176.32;-1;0;201.64;350;202.77
337;108;350;205.51;-1;0;231.24;400;232.51
338;108;400;235.48;-1;0;260.87;450;262.11
339;108;450;264.98;-1;0;290.8;500;292.08
340;108;500;294.76;-1;0;320.76;550;321.96
341;108;550;324.89;-1;0;351.32;600;352.52
342;108;600;355.32;-1;0;381.1;650;382.63
343;108;650;385.1;-1;0;412.58;700;413.94
344;108;700;416.98;-1;0;442.63;750;443.95
345;108;750;447.04;-1;0;472.42;800;472.85
346;109;0;-1;-1;0;-1;50;21.81
347;110;0;-1;-1;0;-1;50;25.46
348;111;0;-1;-1;0;-1;50;22.02
349;112;0;6.47;-1;0;24.99;50;26.08
350;112;50;31.35;-1;0;53.09;100;53.22
351;113;0;5.26;-1;0;27.29;50;27.79
352;113;50;33.7;-1;0;59.64;100;60.6
353;114;0;5.63;-1;0;22.92;50;23.68
354;114;50;30.53;-1;0;51.45;100;51.46
355;115;0;-1;-1;0;-1;50;23.18
356;115;50;-1;-1;0;-1;100;47.82
357;116;0;6.13;-1;0;24.69;50;24.89
358;117;0;6.1;-1;0;24.65;50;24.72
359;118;0;5.65;-1;0;24.11;50;24.42
360;119;0;5.95;-1;0;23.52;50;23.8
362;121;0;5.73;-1;0;24.12;50;24.47
363;122;0;5.83;-1;0;24.43;50;24.92
364;123;0;6.42;-1;0;24.86;50;24.92
365;124;0;5.31;-1;0;24.21;50;24.51
366;125;0;-1;-1;0;-1;50;24.32
367;126;0;4.06;-1;0;23.81;50;24.17
368;127;0;5.21;-1;0;23.96;50;24.17
369;128;0;5.06;-1;0;23.9;50;23.97
370;129;0;-1;-1;0;-1;50;24.29
371;130;0;5.5;-1;0;24.24;50;24.65
372;131;0;4.87;-1;0;24.64;50;24.67
373;132;0;5.64;-1;0;24.08;50;24.59
374;133;0;5.93;-1;0;25.21;50;25.65
375;134;0;6.51;-1;0;25.73;50;25.76
376;135;0;-1;-1;0;-1;50;25.3
377;136;0;6.32;-1;0;25.57;50;25.59
378;137;0;5.95;-1;0;25.69;50;25.87
379;138;0;6.51;-1;0;25.73;50;25.85
380;139;0;6.29;-1;0;25.71;50;25.84
381;140;0;5.12;-1;0;26.77;50;27.13
382;141;0;5.99;-1;0;27.13;50;27.54
383;142;0;5.61;-1;0;26.16;50;26.68
384;143;0;5.83;-1;0;25.99;50;26.21
385;144;0;5.83;-1;0;26.11;50;26.55
386;145;0;5.87;-1;0;26.78;50;27.1
387;146;0;6.08;-1;0;26.67;50;27.13
388;147;0;6;-1;0;26.48;50;27.3
389;148;0;5.44;-1;0;30.03;50;30.72
390;149;0;5.65;-1;0;30.15;50;30.35
391;150;0;5.77;-1;0;30.05;50;30.23
392;151;0;5.79;-1;0;28.91;50;29.35
393;152;0;5.82;-1;0;29.73;50;30.22
394;153;0;5.05;-1;0;29.32;50;30.19
395;154;0;6.18;-1;0;29.37;50;30.31
396;155;0;6.29;-1;0;29.81;50;30.77
397;156;0;5.5;-1;0;22.91;50;23.54
399;158;0;5.06;-1;0;23.52;50;23.56
400;159;0;4.89;-1;0;23.17;50;23.18
401;160;0;4.23;-1;0;22.76;50;23.01
402;161;0;5.17;-1;0;22.57;50;23.08
403;162;0;5.23;-1;0;22.83;50;23
404;163;0;4.99;-1;0;22.93;50;23.14
405;164;0;5.08;-1;0;22.82;50;23.09
406;165;0;7.13;-1;0;27.41;50;27.85
407;166;0;7.18;-1;0;27.25;50;27.9
408;167;0;6.91;-1;0;27.31;50;27.46
409;168;0;6.31;-1;0;26.85;50;27.36
410;169;0;6.64;-1;0;27.38;50;27.74
411;170;0;7.1;-1;0;27.54;50;28.16
412;171;0;7.01;-1;0;27.83;50;28.01
413;172;0;3.69;-1;0;21.87;50;21.92
414;173;0;4.9;-1;0;21.4;50;21.69
415;174;0;2.65;-1;0;21.32;50;21.61
416;175;0;3.75;-1;0;21.58;50;21.73
417;176;0;4.14;-1;0;21.68;50;21.8
418;177;0;4.17;-1;0;21.98;50;22.19
419;178;0;6.32;-1;0;26.24;50;26.74
420;178;50;33.23;-1;0;57.83;100;58.1
423;180;0;5.38;-1;0;26.03;50;26.88
424;180;50;31.15;-1;0;57.11;100;57.65
425;181;0;5.57;-1;0;26.49;50;26.59
426;181;50;33.12;-1;0;57.52;100;57.56
427;182;0;6;-1;0;26.79;50;26.89
428;182;50;32.15;-1;0;56.51;100;57.37
429;183;0;6.53;-1;0;26.11;50;26.94
430;183;50;34.5;-1;0;57.93;100;58.05
431;184;0;6.63;-1;0;26.91;50;27.09
432;184;50;34.04;-1;0;57.93;100;58.41
433;185;0;6.31;-1;0;26.28;50;26.54
434;185;50;31.45;-1;0;57.58;100;58.21
435;186;0;5.19;-1;0;24.1;50;25.83
436;186;50;28.72;-1;0;53.41;100;53.56
437;187;0;5.07;-1;0;25.12;50;26.14
438;187;50;29.97;-1;0;53.52;100;53.69
439;188;0;-1;-1;0;-1;50;25.75
440;188;50;-1;-1;0;-1;100;53.44
441;189;0;-1;-1;0;-1;50;25.67
442;189;50;-1;-1;0;-1;100;53.05
443;190;0;4.93;-1;0;24.79;50;25.72
444;190;50;29.3;-1;0;53.17;100;53.74
445;191;0;5.71;-1;0;24.43;50;25.56
446;191;50;29.97;-1;0;53.29;100;53.43
447;192;0;5.7;-1;0;24.46;50;25.89
448;192;50;29.22;-1;0;53.82;100;54.15
449;193;0;4.95;-1;0;22.08;50;23.05
450;193;50;26.57;-1;0;48.05;100;48.08
451;194;0;5.09;-1;0;21.63;50;22.5
452;194;50;26.85;-1;0;47.21;100;47.37
453;195;0;4.29;-1;0;21.72;50;22.7
454;195;50;25.44;-1;0;47.24;100;47.45
455;196;0;4.76;-1;0;21.86;50;22.83
456;196;50;27.32;-1;0;47.34;100;47.74
457;197;0;4.33;-1;0;22.38;50;23.41
458;197;50;26.36;-1;0;47.63;100;47.84
459;198;0;5.09;-1;0;22.64;50;23.55
460;198;50;27.55;-1;0;48.35;100;48.47
461;199;0;5.05;-1;0;22.14;50;23.13
462;199;50;26.49;-1;0;48.24;100;48.3
463;200;0;5.62;-1;0;23.62;50;23.65
464;200;50;30.88;-1;0;51.26;100;51.43
465;201;0;5.77;-1;0;24.13;50;24.21
466;201;50;31.21;-1;0;51.31;100;51.45
467;202;0;5.54;-1;0;23.58;50;23.88
468;202;50;30.15;-1;0;50.82;100;50.93
469;203;0;5.47;-1;0;23.15;50;23.58
470;203;50;30.89;-1;0;49.85;100;50.18
471;204;0;5.96;-1;0;23.36;50;23.8
472;204;50;31.36;-1;0;50.68;100;50.99
473;205;0;5.98;-1;0;23.94;50;24.23
474;205;50;30.42;-1;0;50.86;100;51.11
475;206;0;5.33;-1;0;23.57;50;23.64
476;206;50;30.73;-1;0;51.47;100;51.86
477;207;0;5.48;-1;0;23.68;50;24.1
478;207;50;29.45;-1;0;51.32;100;51.39
479;208;0;6.17;-1;0;24.76;50;25.98
480;208;50;31.92;-1;0;52.56;100;53.02
481;209;0;5.83;-1;0;24.78;50;25.92
482;209;50;31.29;-1;0;52.69;100;52.9
483;210;0;6.62;-1;0;24.44;50;25.5
484;210;50;30.15;-1;0;52.56;100;52.88
485;211;0;5.95;-1;0;23.97;50;25.16
486;211;50;30.48;-1;0;52.51;100;52.97
487;212;0;5.86;-1;0;24.5;50;25.89
488;212;50;32.17;-1;0;53.36;100;53.51
489;213;0;6.13;-1;0;25.01;50;25.99
490;213;50;32.38;-1;0;52.99;100;53.34
491;214;0;6.46;-1;0;27.34;50;27.87
492;214;50;33.91;-1;0;58.87;100;59.52
493;215;0;6.2;-1;0;27.42;50;27.79
494;215;50;33.98;-1;0;58.74;100;59.5
495;216;0;6.15;-1;0;26.69;50;27.01
496;216;50;33.56;-1;0;57.61;100;58.1
497;217;0;-1;-1;0;-1;50;26.64
498;217;50;-1;-1;0;-1;100;57.66
499;218;0;6;-1;0;26.12;50;26.94
500;218;50;33.86;-1;0;58.29;100;58.94
501;219;0;5.41;-1;0;26.42;50;27.67
502;219;50;33.08;-1;0;57.97;100;58.58
503;220;0;6.34;-1;0;26.39;50;26.85
504;220;50;33.47;-1;0;58.27;100;58.75
505;221;0;6.57;-1;0;27.06;50;27.7
506;221;50;33.94;-1;0;58.87;100;59.31
507;222;0;6.09;-1;0;25.23;50;25.6
508;222;50;31.86;-1;0;54.56;100;55.05
509;222;100;61.1;-1;0;84.6;150;85.28
510;222;150;91.9;-1;0;114.86;200;115.69
511;223;0;5.9;-1;0;25.4;50;25.55
512;223;50;31.24;-1;0;54.21;100;54.88
513;223;100;60.49;-1;0;83.85;150;84.67
514;223;150;90.35;-1;0;114.48;200;115.18
515;224;0;5.9;-1;0;24.96;50;25.06
516;224;50;31.18;-1;0;53.06;100;53.19
517;224;100;59.3;-1;0;82.09;150;82.96
518;224;150;88.49;-1;0;114.27;200;114.28
519;225;0;6.08;-1;0;24.96;50;25.5
520;225;50;30.68;-1;0;53.84;100;54.58
521;225;100;59.67;-1;0;83.7;150;84.34
522;225;150;89.56;-1;0;114.18;200;114.43
523;226;0;5.54;-1;0;24.33;50;24.57
524;226;50;31.43;-1;0;52.4;100;53.12
525;226;100;60.21;-1;0;81;150;81.76
526;226;150;88.57;-1;0;111.09;200;111.1
527;227;0;6.16;-1;0;25.1;50;25.29
528;227;50;31.78;-1;0;53.46;100;54.29
529;227;100;60.59;-1;0;84;150;84.05
530;227;150;89.8;-1;0;114.38;200;114.5
531;228;0;5.9;-1;0;24.53;50;25.66
532;228;50;30.44;-1;0;54.38;100;54.75
533;228;100;59.78;-1;0;84.44;150;85.32
534;228;150;90.11;-1;0;116.38;200;116.69
535;229;0;6.24;-1;0;25.74;50;25.8
536;229;50;32.33;-1;0;55.08;100;55.14
537;229;100;61.09;-1;0;85.48;150;85.59
538;229;150;91.54;-1;0;116.04;200;116.33
539;230;0;6.85;-1;0;27.07;50;28.62
540;230;50;36.13;-1;0;57.47;100;58.86
541;230;100;65.93;-1;0;87.53;150;88.97
542;230;150;96.11;-1;0;118.29;200;118.56
543;231;0;6.72;-1;0;26.12;50;27.45
544;231;50;33.33;-1;0;55.66;100;56.98
545;231;100;62.66;-1;0;85.4;150;86.81
546;231;150;92.22;-1;0;116.52;200;116.67
547;232;0;6.38;-1;0;25.52;50;26.84
548;232;50;32.99;-1;0;54.59;100;55.49
549;232;100;62.46;-1;0;83.48;150;84.95
550;232;150;92.12;-1;0;114.39;200;114.62
551;233;0;6.24;-1;0;26.21;50;27.4
552;233;50;34.38;-1;0;55.4;100;56.41
553;233;100;63.97;-1;0;84.67;150;85.58
554;233;150;92.33;-1;0;114.23;200;114.46
555;234;0;6.91;-1;0;26.12;50;27.23
556;234;50;32.77;-1;0;55.52;100;56.74
557;234;100;61.7;-1;0;85.28;150;86.48
558;234;150;91.3;-1;0;116.16;200;116.33
559;235;0;7.1;-1;0;26.56;50;27.81
560;235;50;34.96;-1;0;55.46;100;57.01
561;235;100;64.35;-1;0;85.6;150;86.83
562;235;150;93.9;-1;0;116.68;200;117.05
563;236;0;-1;-1;0;-1;50;29.45
564;236;50;-1;-1;0;-1;100;62.38
565;236;100;-1;-1;0;-1;150;96.11
566;236;150;-1;-1;0;-1;200;130.34
567;237;0;-1;-1;0;-1;50;29.57
568;237;50;-1;-1;0;-1;100;62.03
569;237;100;-1;-1;0;-1;150;94.9
570;237;150;-1;-1;0;-1;200;128.58
571;238;0;-1;-1;0;-1;50;29.02
572;238;50;-1;-1;0;-1;100;61.21
573;238;100;-1;-1;0;-1;150;94.13
574;238;150;-1;-1;0;-1;200;128.48
575;239;0;-1;-1;0;-1;50;29.24
576;239;50;-1;-1;0;-1;100;61.46
577;239;100;-1;-1;0;-1;150;94.32
578;239;150;-1;-1;0;-1;200;127.66
579;240;0;8.12;-1;0;28.5;50;29.74
580;240;50;37.15;-1;0;60.97;100;62.31
581;240;100;69.17;-1;0;94.11;150;94.74
582;240;150;101.59;-1;0;126.21;200;126.99
583;241;0;6.91;-1;0;28.31;50;29.24
584;241;50;36.79;-1;0;61.06;100;62.23
585;241;100;69.8;-1;0;93.9;150;95.12
586;241;150;102.21;-1;0;126.85;200;127.35
587;242;0;8.22;-1;0;28.25;50;28.82
588;242;50;36.55;-1;0;61.67;100;62.02
589;242;100;69.31;-1;0;94.28;150;95.59
590;242;150;102.51;-1;0;127.87;200;129.23
591;243;0;8.3;-1;0;28.06;50;29.54
592;243;50;36.79;-1;0;60.87;100;62.46
593;243;100;70.07;-1;0;94.7;150;96.11
594;243;150;102.9;-1;0;128.39;200;129.73
595;244;0;5.11;-1;0;25.78;50;27.21
596;244;50;30.47;-1;0;55.4;100;56.69
597;244;100;60.05;-1;0;85.74;150;86.78
598;244;150;90.66;-1;0;117.86;200;118.48
599;245;0;4.77;-1;0;26.79;50;27.77
600;245;50;30.76;-1;0;56.13;100;57.36
601;245;100;60.48;-1;0;86.75;150;87.8
602;245;150;90.86;-1;0;118.75;200;118.78
603;246;0;4.67;-1;0;25.93;50;27.21
604;246;50;29.91;-1;0;55.28;100;56.52
605;246;100;59.19;-1;0;85.38;150;86.57
606;246;150;89.17;-1;0;116.19;200;116.29
607;247;0;5.25;-1;0;25.48;50;26.72
608;247;50;30.24;-1;0;54.78;100;55.78
609;247;100;59.27;-1;0;85.11;150;86.06
610;247;150;89.43;-1;0;116.02;200;116.27
611;248;0;5.2;-1;0;25.74;50;27.15
612;248;50;30.13;-1;0;55.2;100;56.57
613;248;100;59.2;-1;0;85.54;150;86.98
614;248;150;89.7;-1;0;116.14;200;116.42
615;249;0;5.27;-1;0;26.88;50;27.93
616;249;50;31.33;-1;0;57.02;100;58.05
617;249;100;61.51;-1;0;87.43;150;88.55
618;249;150;91.85;-1;0;118.68;200;118.76
619;250;0;4.56;-1;0;26.53;50;27.81
620;250;50;30.37;-1;0;56.86;100;58.14
621;250;100;60.61;-1;0;87.69;150;89.07
622;250;150;91.51;-1;0;119.2;200;119.36
623;251;0;5.31;-1;0;22.82;50;23.96
624;251;50;28.73;-1;0;49.97;100;51.03
625;251;100;56.13;-1;0;77.25;150;78.58
626;251;150;82.74;-1;0;105.69;200;105.74
627;252;0;-1;-1;0;-1;50;24.6
628;252;50;-1;-1;0;-1;100;51.4
629;252;100;-1;-1;0;-1;150;78.87
630;252;150;-1;-1;0;-1;200;106.1
631;253;0;5;-1;0;23.38;50;24.4
632;253;50;27.84;-1;0;50.16;100;51.43
633;253;100;54.89;-1;0;77.16;150;78.49
634;253;150;82.24;-1;0;104.98;200;105.34
635;254;0;5.72;-1;0;23.71;50;24.87
636;254;50;28.58;-1;0;49.8;100;51.28
637;254;100;55.09;-1;0;77.26;150;78.52
638;254;150;82.23;-1;0;104.48;200;104.79
639;255;0;5.25;-1;0;23.95;50;24.88
640;255;50;28.15;-1;0;50.23;100;51.38
641;255;100;54.96;-1;0;77.17;150;78.36
642;255;150;81.28;-1;0;104.89;200;105.19
643;256;0;5.01;-1;0;23.84;50;24.97
644;256;50;29.05;-1;0;50.95;100;52.23
645;256;100;56.11;-1;0;78.25;150;79.66
646;256;150;83.84;-1;0;105.37;200;105.72
647;257;0;5.23;-1;0;23.63;50;24.93
648;257;50;27.76;-1;0;51.28;100;52.38
649;257;100;55.07;-1;0;78.96;150;80.11
650;257;150;82.77;-1;0;106.92;200;107.34
651;258;0;4.98;-1;0;23.74;50;24.94
652;258;50;28.25;-1;0;51.5;100;52.5
653;258;100;55.89;-1;0;79.16;150;80.25
654;258;150;83.56;-1;0;107.32;200;107.66
655;259;0;6.48;-1;0;27.08;50;27.57
656;259;50;34.4;-1;0;60.7;100;61.09
657;259;100;66.93;-1;0;97.8;150;98.35
658;259;150;104.56;-1;0;129.66;200;130.03
659;260;0;6.04;-1;0;27.47;50;28.06
660;260;50;32.9;-1;0;61.01;100;61.4
661;260;100;66.5;-1;0;99.06;150;99.71
662;260;150;103.2;-1;0;131.35;200;131.7
663;261;0;6.16;-1;0;27.81;50;28.26
664;261;50;33.99;-1;0;60.57;100;60.88
665;261;100;66.47;-1;0;97.68;150;98.66
666;261;150;102.9;-1;0;129.47;200;129.99
667;262;0;6.33;-1;0;27.37;50;28.1
668;262;50;33.7;-1;0;60.53;100;60.91
669;262;100;65.62;-1;0;98.73;150;99.05
670;262;150;102.01;-1;0;129.83;200;130.12
671;263;0;6.12;-1;0;27.19;50;27.85
672;263;50;33.07;-1;0;60.15;100;60.92
673;263;100;68.16;-1;0;98.23;150;98.8
674;263;150;102.2;-1;0;130.49;200;130.76
675;264;0;6.55;-1;0;27.7;50;28.52
676;264;50;33.96;-1;0;61.42;100;61.87
677;264;100;67.69;-1;0;97.77;150;99.43
678;264;150;102.68;-1;0;130.34;200;130.65
679;265;0;5.17;-1;0;28.34;50;28.4
680;265;50;32.93;-1;0;62.1;100;62.5
681;265;100;67.71;-1;0;99.82;150;100.6
682;265;150;103.78;-1;0;132.26;200;132.42
683;266;0;-1;-1;0;-1;50;25.18
684;266;50;-1;-1;0;-1;100;54.08
685;266;100;-1;-1;0;-1;150;88.96
686;266;150;-1;-1;0;-1;200;118.04
687;267;0;5.66;-1;0;24.65;50;25.54
688;267;50;31.23;-1;0;54.75;100;55.14
689;267;100;62.05;-1;0;87.63;150;89
690;267;150;93.25;-1;0;116.31;200;116.76
691;268;0;-1;-1;0;-1;50;24.9
692;268;50;-1;-1;0;-1;100;54.83
693;268;100;-1;-1;0;-1;150;88.42
694;268;150;-1;-1;0;-1;200;116.95
695;269;0;5.24;-1;0;24.59;50;25.08
696;269;50;31.91;-1;0;54.32;100;54.41
697;269;100;61.1;-1;0;87.98;150;89.55
698;269;150;94.3;-1;0;117.81;200;118.12
699;270;0;5.75;-1;0;24.35;50;25.12
700;270;50;32.57;-1;0;55.34;100;55.75
701;270;100;62.32;-1;0;88.06;150;88.74
702;270;150;92.89;-1;0;116.73;200;117.25
703;271;0;-1;-1;0;-1;50;25.55
704;271;50;-1;-1;0;-1;100;55.49
705;271;100;-1;-1;0;-1;150;89.97
706;271;150;-1;-1;0;-1;200;118.18
707;272;0;5.36;-1;0;24.56;50;25.68
708;272;50;32.66;-1;0;54.96;100;55.41
709;272;100;62.15;-1;0;89.3;150;90.43
710;272;150;95.27;-1;0;118.22;200;118.52
711;273;0;5.77;-1;0;25.55;50;25.72
712;273;50;32.9;-1;0;54.83;100;55.13
713;273;100;62.07;-1;0;88.38;150;89.8
714;273;150;93.89;-1;0;117.95;200;118.35
715;274;0;-1;-1;0;-1;50;29.86
716;274;50;-1;-1;0;-1;100;64.82
717;274;100;-1;-1;0;-1;150;102.57
718;274;150;-1;-1;0;-1;200;139.1
719;274;200;-1;-1;0;-1;250;178.92
720;274;250;-1;-1;0;-1;300;219.74
721;274;300;-1;-1;0;-1;350;253.5
722;274;350;-1;-1;0;-1;400;285.61
723;275;0;-1;-1;0;-1;50;29.67
724;275;50;-1;-1;0;-1;100;63.51
725;275;100;-1;-1;0;-1;150;99.81
726;275;150;-1;-1;0;-1;200;135.51
727;275;200;-1;-1;0;-1;250;175.28
728;275;250;-1;-1;0;-1;300;216.05
729;275;300;-1;-1;0;-1;350;248.89
730;275;350;-1;-1;0;-1;400;280.84
731;276;0;-1;-1;0;-1;50;29.72
732;276;50;-1;-1;0;-1;100;63.49
733;276;100;-1;-1;0;-1;150;98.9
734;276;150;-1;-1;0;-1;200;133.63
735;276;200;-1;-1;0;-1;250;172.71
736;276;250;-1;-1;0;-1;300;212.46
737;276;300;-1;-1;0;-1;350;245.28
738;276;350;-1;-1;0;-1;400;276.81
739;277;0;-1;-1;0;-1;50;29.32
740;277;50;-1;-1;0;-1;100;62.43
741;277;100;-1;-1;0;-1;150;97.93
742;277;150;-1;-1;0;-1;200;133.11
743;277;200;-1;-1;0;-1;250;171.41
744;277;250;-1;-1;0;-1;300;210.99
745;277;300;-1;-1;0;-1;350;242.88
746;277;350;-1;-1;0;-1;400;274.76
747;278;0;-1;-1;0;-1;50;3.3
748;278;50;-1;-1;0;-1;100;63.96
749;278;100;-1;-1;0;-1;150;100.78
750;278;150;-1;-1;0;-1;200;136.6
751;278;200;-1;-1;0;-1;250;174.59
752;278;250;-1;-1;0;-1;300;213.45
753;278;300;-1;-1;0;-1;350;246.07
754;278;350;-1;-1;0;-1;400;276.81
755;279;0;-1;-1;0;-1;50;29.65
756;279;50;-1;-1;0;-1;100;63.54
757;279;100;-1;-1;0;-1;150;99.62
758;279;150;-1;-1;0;-1;200;135.31
759;279;200;-1;-1;0;-1;250;173.71
760;279;250;-1;-1;0;-1;300;213.54
761;279;300;-1;-1;0;-1;350;246.45
762;279;350;-1;-1;0;-1;400;278.08
763;280;0;-1;-1;0;-1;50;29.46
764;280;50;-1;-1;0;-1;100;63.45
765;280;100;-1;-1;0;-1;150;99.97
766;280;150;-1;-1;0;-1;200;136.5
767;280;200;-1;-1;0;-1;250;176.66
768;280;250;-1;-1;0;-1;300;218.49
769;280;300;-1;-1;0;-1;350;252.55
770;280;350;-1;-1;0;-1;400;286.03
771;281;0;-1;-1;0;-1;50;29.59
772;281;50;-1;-1;0;-1;100;63.91
773;281;100;-1;-1;0;-1;150;99.42
774;281;150;-1;-1;0;-1;200;134.87
775;281;200;-1;-1;0;-1;250;174.61
776;281;250;-1;-1;0;-1;300;215.2
777;281;300;-1;-1;0;-1;350;248.3
778;281;350;-1;-1;0;-1;400;280.74
779;282;0;5.82;-1;0;27.21;50;27.26
780;282;50;32.82;-1;0;57.29;100;58.05
781;282;100;63.9;-1;0;89.34;150;90.58
782;282;150;95.14;-1;0;122.59;200;122.72
783;282;200;128.11;-1;0;157.02;250;158.25
784;282;250;163.52;-1;0;192.85;300;193.85
785;282;300;197.16;-1;0;223.14;350;224.28
786;282;350;227.2;-1;0;252.68;400;252.79
787;283;0;5.98;-1;0;25.8;50;26.17
788;283;50;32.93;-1;0;55.94;100;56.33
789;283;100;63.06;-1;0;89.28;150;90.57
790;283;150;95.88;-1;0;123.6;200;123.86
791;283;200;130.78;-1;0;157.71;250;158.68
792;283;250;166.21;-1;0;192.8;300;194.19
793;283;300;198.47;-1;0;222.12;350;223.29
794;283;350;-1;-1;0;-1;400;251.17
795;284;0;6.11;-1;0;25.95;50;26.98
796;284;50;33.76;-1;0;56.73;100;57.71
797;284;100;64.22;-1;0;88.99;150;90.48
798;284;150;95.36;-1;0;121.95;200;122.25
799;284;200;128.89;-1;0;156.55;250;158.1
800;284;250;164.49;-1;0;192.41;300;194.13
801;284;300;198.28;-1;0;222.41;350;223.64
802;284;350;227.85;-1;0;251.33;400;251.56
811;286;0;5.9;-1;0;26.56;50;26.63
812;286;50;31.41;-1;0;56.99;100;57.53
813;286;100;62.32;-1;0;88.64;150;90.02
814;286;150;94.12;-1;0;121.07;200;121.47
815;286;200;127.26;-1;0;157.25;250;158.25
816;286;250;164.03;-1;0;194.6;300;195.44
817;286;300;199.41;-1;0;224.1;350;225.64
818;286;350;228.83;-1;0;253.76;400;254.33
819;287;0;5.13;-1;0;26.2;50;27.37
820;287;50;32.2;-1;0;57.6;100;58.04
821;287;100;62.98;-1;0;90.37;150;91.51
822;287;150;95.4;-1;0;123.24;200;123.66
823;287;200;128.82;-1;0;159.29;250;160
824;287;250;165.85;-1;0;195.05;300;196.21
825;287;300;199.67;-1;0;225.42;350;226.85
826;287;350;230.13;-1;0;256.52;400;256.75
827;288;0;6.1;-1;0;26.04;50;26.67
828;288;50;31.85;-1;0;56.46;100;57.44
829;288;100;62.93;-1;0;88.22;150;89.65
830;288;150;93.82;-1;0;121.12;200;121.31
831;288;200;127.72;-1;0;154.75;250;156.55
832;288;250;163.09;-1;0;190.19;300;191.72
833;288;300;195.39;-1;0;219.93;350;221.3
834;288;350;223.74;-1;0;249.62;400;250.02
835;289;0;-1;-1;0;-1;50;26.58
836;289;50;-1;-1;0;-1;100;57.6
837;289;100;-1;-1;0;-1;150;90.41
838;289;150;-1;-1;0;-1;200;122.72
839;289;200;-1;-1;0;-1;250;159.12
840;289;250;-1;-1;0;-1;300;196.75
841;289;300;-1;-1;0;-1;350;227.23
842;289;350;-1;-1;0;-1;400;257.06
851;291;0;4.7;-1;0;22.36;50;22.37
852;292;0;4.61;-1;0;22.41;50;22.75
853;293;0;5.12;-1;0;22.21;50;22.22
854;294;0;4.5;-1;0;22.94;50;23.89
855;294;50;27.37;-1;0;49.24;100;49.5
856;295;0;0;-1;0;22.38;50;23.32
857;295;50;27.27;-1;0;47.76;100;48.08
858;296;0;-1;-1;0;-1;50;22.97
859;296;50;-1;-1;0;-1;100;47.3
860;297;0;4.57;-1;0;23.33;50;24.39
861;297;50;27.91;-1;0;51.13;100;52.47
862;297;100;55.34;-1;0;79.69;150;80.95
863;297;150;84.2;-1;0;110;200;110.01
864;298;0;4.55;-1;0;22.95;50;23.94
865;298;50;27.52;-1;0;49.72;100;50.7
866;298;100;53.65;-1;0;77.16;150;78.34
867;298;150;81.38;-1;0;105.17;200;105.26
868;299;0;4.56;-1;0;23.25;50;24.53
869;299;50;27.93;-1;0;50.16;100;51.5
870;299;100;54.76;-1;0;77.47;150;79.07
871;299;150;82.04;-1;0;105.88;200;105.95
872;300;0;4.33;-1;0;21.86;50;23.39
873;300;50;26.73;-1;0;48.17;100;48.32
874;301;0;4.9;-1;0;22.23;50;23.07
875;301;50;26.44;-1;0;47.43;100;47.56
876;302;0;5.13;-1;0;22.54;50;23.37
877;302;50;26.89;-1;0;48.18;100;48.28
878;303;0;5.17;-1;0;22.2;50;23.31
879;303;50;26.69;-1;0;48.14;100;48.3
880;304;0;6.02;-1;0;26.07;50;27.02
881;304;50;32.25;-1;0;56.36;100;57.23
882;304;100;62.59;-1;0;88.55;150;90.09
883;304;150;94.63;-1;0;121.82;200;122.46
884;304;200;128.05;-1;0;156.44;250;157.7
885;304;250;163.6;-1;0;191.77;300;192.95
886;304;300;196.17;-1;0;221.56;350;222.86
887;304;350;225.84;-1;0;251.88;400;252.15
888;305;0;5.61;-1;0;26.02;50;26.1
889;305;50;31.95;-1;0;56.1;100;56.3
890;305;100;62.51;-1;0;88.72;150;89.97
891;305;150;95.5;-1;0;122.13;200;122.41
892;305;200;127.72;-1;0;156.16;250;157.02
893;305;250;162.73;-1;0;190.3;300;191.51
894;305;300;196.7;-1;0;219.46;350;221.07
895;305;350;224.93;-1;0;249.91;400;250.09
896;306;0;6.15;-1;0;25.93;50;26.54
897;306;50;32.02;-1;0;56.43;100;57.08
898;307;0;6.21;-1;0;26.81;50;28.34
899;307;50;34.84;-1;0;60.18;100;60.75
900;308;0;5.21;-1;0;24.91;50;26.53
901;308;50;29.6;-1;0;53.75;100;55.19
902;308;100;58.22;-1;0;83.07;150;84.64
903;308;150;87.74;-1;0;112.59;200;113.95
904;308;200;116.9;-1;0;142.26;250;143.63
905;308;250;146.68;-1;0;172.69;300;174.25
906;308;300;176.91;-1;0;203.29;350;205.17
907;308;350;207.8;-1;0;233.97;400;235.01
908;309;0;5.97;-1;0;29.38;50;29.4
909;309;50;34.49;-1;0;62.53;100;63.28
910;309;100;67.62;-1;0;98.2;150;99.63
911;309;150;102.88;-1;0;134.76;200;135.1
912;309;200;141.07;-1;0;173.56;250;174.78
913;309;250;181.2;-1;0;214.2;300;215.8
914;309;300;219.35;-1;0;248;350;249.24
915;309;350;252.1;-1;0;281.55;400;281.98
916;310;0;5.71;-1;0;24.98;50;25.97
917;310;50;30.97;-1;0;53.93;100;54.28
918;311;0;4.32;-1;0;24.06;50;25.35
919;311;50;28.57;-1;0;53;100;53.05
920;312;0;4.43;-1;0;24.9;50;26.09
921;312;50;28.87;-1;0;54.54;100;54.83
922;313;0;4.11;-1;0;24.84;50;25.75
923;313;50;28.6;-1;0;54.09;100;54.45
924;314;0;-1;-1;0;-1;50;26.35
925;314;50;-1;-1;0;-1;100;56.16
926;315;0;6.1;-1;0;25.27;50;25.73
927;315;50;31.46;-1;0;55.58;100;56.14
928;315;100;62.03;-1;0;88.7;150;89.82
929;315;150;95.13;-1;0;122.6;200;122.81
930;315;200;128.43;-1;0;156.15;250;157.32
931;315;250;162.91;-1;0;191.12;300;192.26
932;315;300;197.5;-1;0;221.03;350;222.5
933;315;350;226.9;-1;0;250.9;400;251.22
934;316;0;-1;-1;0;-1;50;26.46
935;316;50;-1;-1;0;-1;100;56.33
936;317;0;6.18;-1;0;25.84;50;26.18
937;317;50;33.46;-1;0;55.64;100;56.51
938;318;0;6.12;-1;0;26.49;50;26.55
939;318;50;34;-1;0;56.42;100;56.92
940;319;0;6.05;-1;0;25.07;50;26.02
941;319;50;31.73;-1;0;55.83;100;55.89
942;320;0;5.85;-1;0;26.52;50;26.85
943;320;50;32.45;-1;0;55.88;100;56.4
944;321;0;6.15;-1;0;26.41;50;26.49
945;321;50;33.78;-1;0;56.46;100;56.56
946;322;0;-1;-1;0;-1;50;26.89
947;322;50;-1;-1;0;-1;100;57.19
948;323;0;4.99;-1;0;23.65;50;24.66
949;323;50;28.32;-1;0;51.29;100;51.35
950;324;0;4.89;-1;0;23.05;50;24.31
951;324;50;27.52;-1;0;52.13;100;52.24
952;325;0;5.68;-1;0;24.68;50;25.9
953;325;50;30.83;-1;0;53.41;100;53.42
954;326;0;4.05;-1;0;23.52;50;24.69
955;326;50;27.73;-1;0;52.08;100;52.26
956;327;0;5.63;-1;0;24.36;50;25.83
957;327;50;30.8;-1;0;53.89;100;54.02
958;328;0;5.15;-1;0;23.75;50;24.72
959;328;50;28.57;-1;0;52.55;100;52.68
960;329;0;-1;-1;0;-1;50;25.07
961;329;50;-1;-1;0;-1;100;52.87
962;330;0;4.18;-1;0;23.49;50;24.46
963;330;50;27.19;-1;0;51.8;100;52.05
964;331;0;-1;-1;0;-1;50;25.29
965;331;50;-1;-1;0;-1;100;53.16
966;332;0;-1;-1;0;-1;50;25.2
967;332;50;-1;-1;0;-1;100;52.84
968;333;0;-1;-1;0;-1;50;25.61
969;333;50;-1;-1;0;-1;100;52.62
970;334;0;-1;-1;0;-1;50;25.41
971;334;50;-1;-1;0;-1;100;53.62
972;335;0;-1;-1;0;-1;50;24.99
973;335;50;-1;-1;0;-1;100;52.9
974;336;0;4.62;-1;0;24.14;50;25.38
975;336;50;28.64;-1;0;52.82;100;53.07
976;337;0;-1;-1;0;-1;50;25.89
977;337;50;-1;-1;0;-1;100;53.78
978;338;0;6.48;-1;0;28.1;50;29.17
979;338;50;35.09;-1;0;60.38;100;60.69
980;339;0;5.97;-1;0;24.47;50;25.97
981;339;50;31.73;-1;0;52.87;100;53.13
982;340;0;6.02;-1;0;24.58;50;25.72
983;340;50;31.31;-1;0;52.82;100;53.49
984;341;0;4.91;-1;0;21.99;50;23.15
985;341;50;26.32;-1;0;48.23;100;48.58
986;342;0;4.48;-1;0;21.8;50;22.54
987;342;50;25.8;-1;0;46.98;100;47.41
988;343;0;4.42;-1;0;21.76;50;22.65
989;343;50;25.94;-1;0;48.04;100;48.27
990;344;0;5.14;-1;0;21.76;50;22.7
991;344;50;27.86;-1;0;47.82;100;48.09
992;345;0;5.1;-1;0;23.86;50;25.07
993;345;50;28.76;-1;0;50.73;100;52.02
994;345;100;55.05;-1;0;78.04;150;79.33
995;345;150;81.88;-1;0;107.24;200;107.75
996;346;0;5.76;-1;0;23.41;50;24.58
997;346;50;28.64;-1;0;50.53;100;51.53
998;346;100;55.38;-1;0;77.75;150;78.97
999;346;150;82.72;-1;0;106.15;200;106.75
1000;347;0;5.98;-1;0;25.57;50;26.11
1001;347;50;32.14;-1;0;55.51;100;56.27
1002;348;0;6.08;-1;0;24.7;50;25.75
1003;348;50;31.7;-1;0;52.94;100;53.62
1004;349;0;4.28;-1;0;21.7;50;22.81
1005;349;50;26.05;-1;0;47.34;100;47.52
1006;350;0;4.14;-1;0;20.94;50;22.1
1007;350;50;25.3;-1;0;47.48;100;47.62
1008;351;0;4.03;-1;0;21.47;50;22.61
1009;351;50;25.71;-1;0;47.68;100;48.01
1010;352;0;4.59;-1;0;21.59;50;22.61
1011;352;50;26.47;-1;0;47.57;100;47.94
1012;353;0;5.33;-1;0;25.99;50;27.16
1013;353;50;30.09;-1;0;54.89;100;56.66
1014;353;100;59.87;-1;0;85.53;150;86.96
1015;353;150;89.99;-1;0;116.59;200;116.88
1016;354;0;5.55;-1;0;25.74;50;25.76
1017;354;50;31.89;-1;0;54.5;100;55.19
1018;354;100;60.79;-1;0;84.46;150;85.09
1019;354;150;90.86;-1;0;115.48;200;115.85
1020;355;0;5.42;-1;0;28.5;50;28.52
1021;355;50;33.27;-1;0;61.93;100;62.59
1022;355;100;68.46;-1;0;100.9;150;101.98
1023;355;150;105.74;-1;0;133.99;200;134.2
1024;356;0;5.12;-1;0;28.1;50;28.14
1025;356;50;32.65;-1;0;60.65;100;61.47
1026;356;100;66.98;-1;0;97.67;150;99.53
1027;356;150;102.88;-1;0;130.96;200;131.11
1028;357;0;6.33;-1;0;25.74;50;25.77
1029;357;50;30.57;-1;0;54.48;100;54.91
1030;358;0;5.26;-1;0;25.89;50;27.18
1031;358;50;30.43;-1;0;55.25;100;56.64
1032;358;100;59.89;-1;0;85.75;150;87.02
1033;358;150;89.89;-1;0;116.77;200;117.35
1034;359;0;5.83;-1;0;24.88;50;25.77
1035;359;50;31.88;-1;0;54.45;100;54.77
1036;359;100;60.04;-1;0;84.75;150;84.98
1037;359;150;90.86;-1;0;115.59;200;115.68
1038;360;0;-1;-1;0;-1;50;28.47
1039;360;50;-1;-1;0;-1;100;62.06
1040;360;100;-1;-1;0;-1;150;99.76
1041;360;150;-1;-1;0;-1;200;130.84
1042;361;0;4.82;-1;0;22.33;50;23.23
1043;361;50;26.51;-1;0;47.87;100;48.25
1044;362;0;5.66;-1;0;22.4;50;23.57
1045;362;50;29.18;-1;0;48.46;100;48.68
1046;363;0;7.58;-1;0;28.49;50;29.25
1047;363;50;36.72;-1;0;61.07;100;62.05
1048;363;100;69.35;-1;0;94.35;150;95.46
1049;363;150;102.37;-1;0;128.47;200;129.54
1050;364;0;-1;-1;0;-1;50;24.94
1051;364;50;-1;-1;0;-1;100;51.72
1052;364;100;-1;-1;0;-1;150;79.24
1053;364;150;-1;-1;0;-1;200;107.3
1054;365;0;-1;-1;0;-1;50;24.81
1055;365;50;-1;-1;0;-1;100;51.9
1056;365;100;-1;-1;0;-1;150;80.31
1057;365;150;-1;-1;0;-1;200;108.09
1058;366;0;4.72;-1;0;22.76;50;23.77
1059;366;50;27.87;-1;0;49.63;100;50.64
1060;366;100;54.83;-1;0;77.25;150;78.52
1061;366;150;82.09;-1;0;106.35;200;106.84
1062;367;0;4.6;-1;0;23.04;50;23.97
1063;367;50;27.15;-1;0;49.17;100;50.59
1064;367;100;53.72;-1;0;76.94;150;78.35
1065;367;150;80.72;-1;0;106.15;200;106.65
1066;368;0;4.93;-1;0;21.68;50;22.81
1067;368;50;26.48;-1;0;47.62;100;47.82
1068;369;0;4.83;-1;0;21.23;50;22.55
1069;369;50;27.05;-1;0;46.75;100;47.23
1070;370;0;4.45;-1;0;21.53;50;22.81
1071;370;50;25.99;-1;0;47.46;100;47.52
1072;371;0;5.62;-1;0;22.22;50;23.28
1073;371;50;26.8;-1;0;47.66;100;47.72
1074;372;0;5.3;-1;0;21.5;50;22.52
1075;372;50;26.67;-1;0;46.84;100;47.11
1076;373;0;4.87;-1;0;22.31;50;23.41
1077;373;50;27.81;-1;0;47.57;100;47.8
1078;374;0;-1;-1;0;-1;50;23.22
1079;374;50;-1;-1;0;-1;100;47.81
1080;375;0;4.77;-1;0;21.83;50;23.17
1081;375;50;26.39;-1;0;47.17;100;47.56
1082;376;0;7.75;-1;0;28.36;50;29.44
1083;376;50;36.65;-1;0;61.39;100;62.59
1084;376;100;69.54;-1;0;95.12;150;96.19
1085;376;150;102.94;-1;0;128.84;200;129.97
1086;377;0;5.41;-1;0;24.83;50;25.86
1087;377;50;29.52;-1;0;53.47;100;53.67
1088;378;0;5.97;-1;0;24.79;50;25.82
1089;378;50;29.54;-1;0;53.45;100;53.71
1090;379;0;6.3;-1;0;25.84;50;27.36
1091;379;50;32.43;-1;0;55.91;100;57.49
1092;379;100;61.83;-1;0;87.39;150;88.95
1093;379;150;92.86;-1;0;117.59;200;117.96
1094;380;0;5.81;-1;0;25.7;50;26.98
1095;380;50;32.54;-1;0;55.22;100;56.6
1096;380;100;61.66;-1;0;86.23;150;87.53
1097;380;150;92.9;-1;0;118.35;200;119.02
1098;381;0;5.52;-1;0;26.44;50;27.42
1099;381;50;30.7;-1;0;56.16;100;57.46
1100;381;100;60.7;-1;0;86.26;150;87.81
1101;381;150;91.51;-1;0;117.02;200;117.61
1102;382;0;4.61;-1;0;26.03;50;27.46
1103;382;50;30.95;-1;0;56.05;100;57.68
1104;382;100;60.53;-1;0;87.03;150;88.27
1105;382;150;90.94;-1;0;118.35;200;118.59
1106;383;0;4.67;-1;0;26.87;50;27.93
1107;383;50;31.23;-1;0;57.23;100;58.38
1108;383;100;61.44;-1;0;87.15;150;88.79
1109;383;150;91.28;-1;0;119.1;200;119.39
1110;384;0;4.49;-1;0;25.33;50;27.07
1111;384;50;29.21;-1;0;55.91;100;57.07
1112;384;100;59.29;-1;0;86.51;150;88.21
1113;384;150;90.35;-1;0;119.05;200;119.46
1114;385;0;5.76;-1;0;25.26;50;25.32
1115;385;50;32.49;-1;0;55.54;100;55.81
1116;385;100;61.32;-1;0;88.82;150;89.44
1117;385;150;95.37;-1;0;117.64;200;118.3
1118;386;0;4.89;-1;0;24.6;50;25.48
1119;386;50;28.87;-1;0;52.71;100;53.12
1120;387;0;5.48;-1;0;25.22;50;26.17
1121;387;50;29.55;-1;0;53.7;100;54.1
1122;388;0;4.73;-1;0;21.62;50;22.88
1123;388;50;26.67;-1;0;47.6;100;47.72
1124;389;0;6.49;-1;0;25.77;50;27.01
1125;389;50;32.32;-1;0;55.19;100;56.74
1126;389;100;61.63;-1;0;85.83;150;87.32
1127;389;150;91.71;-1;0;116.27;200;116.83
1128;390;0;5.53;-1;0;26.44;50;27.68
1129;390;50;30.76;-1;0;56.44;100;57.57
1130;390;100;60.66;-1;0;86.78;150;88.23
1131;390;150;91.84;-1;0;117.94;200;118.08
1132;391;0;4.42;-1;0;26.12;50;27.42
1133;391;50;30.43;-1;0;56.2;100;57.51
1134;391;100;60.66;-1;0;86.88;150;88.34
1135;391;150;90.84;-1;0;118.17;200;118.82
1136;392;0;4.53;-1;0;26.69;50;27.65
1137;392;50;30.94;-1;0;57.07;100;58.32
1138;392;100;61.47;-1;0;88.17;150;89.37
1139;392;150;92.03;-1;0;120.55;200;120.86
1140;393;0;4.8;-1;0;26.4;50;27.8
1141;393;50;30.6;-1;0;56.85;100;58.15
1142;393;100;60.41;-1;0;87.86;150;89.71
1143;393;150;92.06;-1;0;120.36;200;120.39
1144;394;0;6.06;-1;0;24.18;50;24.29
1145;394;50;32.03;-1;0;51.52;100;51.53
1146;395;0;5.79;-1;0;23.72;50;23.73
1147;395;50;30.93;-1;0;51.25;100;51.32
1148;396;0;-1;-1;0;-1;50;21.97
1149;397;0;4.71;-1;0;21.15;50;21.65
1150;398;0;5.16;-1;0;24.49;50;24.82
1151;399;0;4.39;-1;0;23.83;50;24.12
1152;400;0;5.81;-1;0;24.41;50;24.69
1153;401;0;-1;-1;0;-1;50;21.32
1154;402;0;3.74;-1;0;21.41;50;21.66
1155;403;0;3.85;-1;0;21.46;50;21.67
1157;405;0;3.26;-1;0;21.67;50;21.73
1158;406;0;4.08;-1;0;21.48;50;21.75
1159;407;0;3.87;-1;0;21.68;50;21.86
1160;408;0;-1;-1;0;-1;50;21.88
1161;409;0;5.02;-1;0;21.52;50;21.89
1162;410;0;4.28;-1;0;21.9;50;21.92
1163;411;0;5.96;-1;0;24.08;50;25.5
1164;411;50;31.37;-1;0;52.28;100;52.77
1165;412;0;6.32;-1;0;26.4;50;27.59
1166;412;50;33.86;-1;0;59.67;100;59.94
1167;413;0;5.81;-1;0;23.14;50;23.85
1168;413;50;30.27;-1;0;51.77;100;52.05
1169;414;0;5.09;-1;0;22.09;50;22.93
1170;414;50;27.39;-1;0;48.41;100;48.65
1171;415;0;4.98;-1;0;21.12;50;21.53
1172;416;0;4.5;-1;0;21.74;50;21.87
1173;417;0;-1;-1;0;-1;50;21.42
1174;418;0;3.78;-1;0;21.12;50;21.6
1175;419;0;5.01;-1;0;21.42;50;21.67
1176;420;0;5.25;-1;0;24.37;50;24.76
1177;421;0;5.91;-1;0;24.07;50;24.63
1178;422;0;4.52;-1;0;23.81;50;24.08
1179;423;0;4.3;-1;0;21.29;50;21.6
1180;424;0;3.96;-1;0;21.64;50;21.78
1181;425;0;3.73;-1;0;21.56;50;21.75
1182;426;0;4.65;-1;0;21.43;50;21.67
1183;427;0;4.55;-1;0;21.27;50;21.55
1184;428;0;5.4;-1;0;24;50;24.3
1185;429;0;3.68;-1;0;24.27;50;24.32
1186;430;0;4.84;-1;0;23.94;50;24.07
1187;431;0;5.14;-1;0;23.56;50;23.81
1188;432;0;4.42;-1;0;24.01;50;24.21
1189;433;0;4.36;-1;0;24.39;50;24.41
1190;434;0;4.71;-1;0;24.15;50;24.36
1191;435;0;4.02;-1;0;24.08;50;24.32
1192;436;0;3.73;-1;0;21.73;50;21.78
1193;437;0;4.72;-1;0;21.43;50;21.72
1194;438;0;3.84;-1;0;21.46;50;21.57
1195;439;0;4.63;-1;0;20.89;50;21.07
1196;440;0;3.7;-1;0;21.39;50;21.72
1197;441;0;4.85;-1;0;21.47;50;21.6
1198;442;0;3.95;-1;0;21.57;50;21.79
1199;443;0;6;-1;0;30.38;50;30.98
1200;443;50;37.08;-1;0;65.72;100;66.19
1201;444;0;6.61;-1;0;30.91;50;31.26
1202;444;50;36.81;-1;0;65.18;100;66.02
1203;445;0;6.7;-1;0;29.34;50;30.74
1204;445;50;36.93;-1;0;63.86;100;64.95
1205;446;0;5.69;-1;0;29.73;50;30.41
1206;446;50;35.29;-1;0;64.66;100;65.22
1207;447;0;5.69;-1;0;30.21;50;30.71
1208;447;50;35.92;-1;0;64.94;100;65.54
1209;448;0;6.79;-1;0;30.33;50;30.93
1210;448;50;37.04;-1;0;64.91;100;66.07
1211;449;0;6.84;-1;0;30.61;50;31.62
1212;449;50;37.77;-1;0;65.35;100;65.9
1213;450;0;6.97;-1;0;30.46;50;31.68
1214;450;50;37.62;-1;0;66.2;100;66.94
1215;451;0;6.28;-1;0;25.96;50;27.1
1216;451;50;33.54;-1;0;58.84;100;59.36
1217;452;0;6.78;-1;0;26.77;50;27.3
1218;452;50;33.95;-1;0;58.16;100;58.84
1219;453;0;6.62;-1;0;26.28;50;27.27
1220;453;50;33.78;-1;0;57.8;100;58.33
1221;454;0;6.18;-1;0;26.34;50;26.73
1222;454;50;32.98;-1;0;56.69;100;57.37
1223;455;0;6.16;-1;0;26.32;50;27.04
1224;455;50;33.7;-1;0;57.76;100;58
1225;456;0;5.77;-1;0;26.58;50;27.44
1226;456;50;33;-1;0;58.68;100;58.99
1229;458;0;6.04;-1;0;26.82;50;27.83
1230;458;50;33.91;-1;0;57.92;100;58.99
1231;459;0;6.9;-1;0;27.28;50;28.39
1232;459;50;35.23;-1;0;58.89;100;59.11
1233;460;0;-1;-1;0;-1;50;28.4
1234;460;50;-1;-1;0;-1;100;58.7
1235;461;0;-1;-1;0;-1;50;28.2
1236;461;50;-1;-1;0;-1;100;57.47
1237;462;0;6.73;-1;0;27.13;50;28.24
1238;462;50;35.67;-1;0;57.51;100;58.05
1239;463;0;6.34;-1;0;26.6;50;27.91
1240;463;50;33.02;-1;0;57.52;100;57.72
1241;464;0;7.27;-1;0;27.03;50;28.12
1242;464;50;34.98;-1;0;58.13;100;58.43
1243;465;0;7.02;-1;0;27.42;50;28.58
1244;465;50;33.61;-1;0;58.04;100;58.45
1245;466;0;6.95;-1;0;27.97;50;29.26
1246;466;50;34.24;-1;0;59.23;100;59.53
1247;467;0;6.5;-1;0;24.67;50;25.64
1248;467;50;31.53;-1;0;52.35;100;52.78
1249;468;0;6;-1;0;23.72;50;24.96
1250;468;50;31.11;-1;0;51.68;100;51.98
1251;469;0;5.97;-1;0;24.21;50;25.64
1252;469;50;31.86;-1;0;52.47;100;52.79
1253;470;0;6.08;-1;0;23.74;50;25.26
1254;470;50;31.47;-1;0;51.84;100;52.19
1255;471;0;5.83;-1;0;23.78;50;24.9
1256;471;50;31.09;-1;0;51.9;100;52
1257;472;0;5.85;-1;0;24.37;50;25.54
1258;472;50;31.15;-1;0;52.04;100;52.3
1259;473;0;6.05;-1;0;24.19;50;25.4
1260;473;50;31.36;-1;0;52.34;100;52.51
1261;474;0;6.49;-1;0;24.36;50;25.36
1262;474;50;30.42;-1;0;52.71;100;52.95
1263;475;0;4.93;-1;0;24.14;50;25.31
1264;475;50;29.28;-1;0;53.06;100;53.23
1265;476;0;4.84;-1;0;23.97;50;25.42
1266;476;50;28.53;-1;0;52.11;100;52.59
1267;477;0;5.09;-1;0;23.93;50;25.19
1268;477;50;28.54;-1;0;52.25;100;52.52
1269;478;0;5.11;-1;0;23.77;50;25.08
1270;478;50;28.49;-1;0;51.63;100;51.96
1271;479;0;4.74;-1;0;24.16;50;25.1
1272;479;50;28.69;-1;0;52.07;100;52.27
1273;480;0;4.8;-1;0;24.78;50;25.74
1274;480;50;29.03;-1;0;52.55;100;52.68
1275;481;0;4.78;-1;0;24.26;50;25.26
1276;481;50;27.99;-1;0;52.51;100;52.79
1277;482;0;5.97;-1;0;24.46;50;25.33
1278;482;50;29.57;-1;0;52.74;100;52.83
1279;483;0;4.46;-1;0;22.23;50;23.54
1280;483;50;26.76;-1;0;48.07;100;48.1
1281;484;0;5.56;-1;0;22.2;50;23.42
1282;484;50;26.74;-1;0;47.96;100;48.04
1283;485;0;4.06;-1;0;21.65;50;22.97
1284;485;50;26.21;-1;0;47.67;100;47.86
1285;486;0;5.08;-1;0;21.71;50;22.49
1286;486;50;26.79;-1;0;47.23;100;47.44
1287;487;0;4.73;-1;0;21.03;50;22.39
1288;487;50;26.88;-1;0;46.69;100;47.02
1289;488;0;4.77;-1;0;21.88;50;23.12
1290;488;50;25.88;-1;0;47.58;100;47.82
1291;489;0;4.77;-1;0;21.57;50;22.71
1292;489;50;27.08;-1;0;46.86;100;47.08
1293;490;0;5.49;-1;0;23.53;50;24.03
1294;490;50;29.86;-1;0;50.65;100;50.92
1295;491;0;5.14;-1;0;23.39;50;23.65
1296;491;50;29.6;-1;0;50.34;100;50.88
1297;492;0;5.96;-1;0;23.66;50;23.67
1298;492;50;31.2;-1;0;50.18;100;50.74
1299;493;0;4.92;-1;0;21.89;50;22.95
1300;493;50;29.27;-1;0;48.52;100;49.45
1301;494;0;5.52;-1;0;23.08;50;23.65
1302;494;50;30.4;-1;0;49.14;100;49.68
1303;495;0;5.69;-1;0;23.58;50;24.13
1304;495;50;30.11;-1;0;51.06;100;51.49
1305;496;0;5.52;-1;0;23.5;50;23.83
1306;496;50;29.99;-1;0;50.9;100;50.92
1307;497;0;5.62;-1;0;23.58;50;24.23
1308;497;50;31.25;-1;0;50.32;100;51.09
1309;498;0;6.3;-1;0;28.44;50;28.5
1310;498;50;34.28;-1;0;61.44;100;62
1311;498;100;67.02;-1;0;99.96;150;101.27
1312;498;150;104.06;-1;0;131.88;200;132.38
1313;499;0;6.64;-1;0;27.31;50;27.99
1314;499;50;35.11;-1;0;59.99;100;60.49
1315;499;100;66.67;-1;0;96.31;150;97.77
1316;499;150;103.09;-1;0;128.28;200;128.52
1317;500;0;6.07;-1;0;27.47;50;27.98
1318;500;50;34.65;-1;0;60.39;100;60.66
1319;500;100;67.35;-1;0;97.11;150;97.7
1320;500;150;104.27;-1;0;128.45;200;128.65
1325;502;0;6.8;-1;0;27.14;50;27.72
1326;502;50;34.91;-1;0;60.54;100;61.04
1327;502;100;67.27;-1;0;97;150;97.91
1328;502;150;103.44;-1;0;128.85;200;129.15
1329;503;0;5.98;-1;0;26.83;50;27.22
1330;503;50;32.77;-1;0;60.17;100;60.42
1331;503;100;66.38;-1;0;97.62;150;98.36
1332;503;150;102.2;-1;0;129.35;200;129.57
1333;504;0;5.33;-1;0;26.67;50;27.53
1334;504;50;32.73;-1;0;58.65;100;58.96
1335;505;0;5.67;-1;0;28.17;50;28.25
1336;505;50;32.65;-1;0;61.25;100;61.71
1337;505;100;66.58;-1;0;98.03;150;99.22
1338;505;150;102.4;-1;0;129.77;200;130.05
1339;506;0;5.96;-1;0;27.59;50;27.99
1340;506;50;33.74;-1;0;60.61;100;61.2
1341;506;100;66.3;-1;0;99.3;150;100.43
1342;506;150;104.07;-1;0;132.15;200;132.86
1343;507;0;5.71;-1;0;25.12;50;25.25
1344;507;50;31.68;-1;0;54.36;100;54.76
1345;507;100;60.96;-1;0;88.41;150;89.2
1346;507;150;93.89;-1;0;117.47;200;117.7
1347;508;0;5.54;-1;0;24.46;50;24.91
1348;508;50;29.83;-1;0;53.91;100;54.25
1349;508;100;60.4;-1;0;86.36;150;87.72
1350;508;150;91.73;-1;0;115.99;200;116.17
1351;509;0;5.78;-1;0;24.96;50;25.14
1352;509;50;32.16;-1;0;54.4;100;54.69
1353;509;100;61.19;-1;0;86.55;150;87.64
1354;509;150;92.7;-1;0;115.9;200;116.22
1355;510;0;-1;-1;0;-1;50;24.78
1356;510;50;-1;-1;0;-1;100;53.78
1357;510;100;-1;-1;0;-1;150;87.63
1358;510;150;-1;-1;0;-1;200;115
1359;511;0;5.5;-1;0;25.03;50;25.06
1360;511;50;31.51;-1;0;54.14;100;54.52
1361;511;100;60.33;-1;0;87.45;150;87.82
1362;511;150;91.18;-1;0;115.14;200;115.28
1363;512;0;5.6;-1;0;24.04;50;24.21
1364;512;50;29.17;-1;0;52.96;100;53.64
1365;512;100;60.07;-1;0;85.78;150;86.62
1366;512;150;90.57;-1;0;116.66;200;117.31
1367;513;0;-1;-1;0;-1;50;25.43
1368;513;50;-1;-1;0;-1;100;54.05
1369;513;100;-1;-1;0;-1;150;88.36
1370;513;150;-1;-1;0;-1;200;117.49
1371;514;0;5.43;-1;0;24.69;50;24.7
1372;514;50;31.9;-1;0;53.56;100;53.85
1373;514;100;60.5;-1;0;88.1;150;89.07
1374;514;150;93.96;-1;0;117.58;200;117.68
1375;515;0;6.49;-1;0;26.86;50;27.43
1376;515;50;33.71;-1;0;60.7;100;61.36
1377;515;100;66.95;-1;0;96.62;150;98.23
1378;515;150;103.42;-1;0;128.54;200;129.04
1379;516;0;-1;-1;0;-1;50;25.76
1380;516;50;-1;-1;0;-1;100;54.01
1381;516;100;-1;-1;0;-1;150;82.61
1382;516;150;-1;-1;0;-1;200;111.71
1383;516;200;-1;-1;0;-1;250;140.56
1384;516;250;-1;-1;0;-1;300;169.22
1385;516;300;-1;-1;0;-1;350;197.65
1386;516;350;-1;-1;0;-1;400;225.39
1387;517;0;-1;-1;0;-1;50;25.89
1388;517;50;-1;-1;0;-1;100;53.87
1389;517;100;-1;-1;0;-1;150;82.17
1390;517;150;-1;-1;0;-1;200;110.45
1391;517;200;-1;-1;0;-1;250;138.73
1392;517;250;-1;-1;0;-1;300;167.36
1393;517;300;-1;-1;0;-1;350;195.82
1394;517;350;-1;-1;0;-1;400;223.52
1395;518;0;-1;-1;0;-1;50;26.66
1396;518;50;-1;-1;0;-1;100;55.05
1397;518;100;-1;-1;0;-1;150;83.58
1398;518;150;-1;-1;0;-1;200;112.24
1399;518;200;-1;-1;0;-1;250;140.77
1400;518;250;-1;-1;0;-1;300;169.36
1401;518;300;-1;-1;0;-1;350;197.43
1402;518;350;-1;-1;0;-1;400;224.88
1403;519;0;-1;-1;0;-1;50;26.79
1404;519;50;-1;-1;0;-1;100;54.91
1405;519;100;-1;-1;0;-1;150;83.27
1406;519;150;-1;-1;0;-1;200;111.86
1407;519;200;-1;-1;0;-1;250;139.97
1408;519;250;-1;-1;0;-1;300;168.72
1409;519;300;-1;-1;0;-1;350;197.01
1410;519;350;-1;-1;0;-1;400;224.07
1411;520;0;-1;-1;0;-1;50;26.58
1412;520;50;-1;-1;0;-1;100;54.98
1413;520;100;-1;-1;0;-1;150;83.38
1414;520;150;-1;-1;0;-1;200;111.87
1415;520;200;-1;-1;0;-1;250;139.98
1416;520;250;-1;-1;0;-1;300;168.45
1417;520;300;-1;-1;0;-1;350;196.57
1418;520;350;-1;-1;0;-1;400;224.07
1419;521;0;-1;-1;0;-1;50;-1
1420;521;50;-1;-1;0;-1;100;-1
1421;521;100;-1;-1;0;-1;150;-1
1422;521;150;-1;-1;0;-1;200;-1
1423;521;200;-1;-1;0;-1;250;-1
1424;521;250;-1;-1;0;-1;300;-1
1425;521;300;-1;-1;0;-1;350;-1
1426;521;350;-1;-1;0;-1;400;-1
1427;522;0;-1;-1;0;-1;50;25.5
1428;522;50;-1;-1;0;-1;100;53.63
1429;522;100;-1;-1;0;-1;150;82.14
1430;522;150;-1;-1;0;-1;200;110.92
1431;522;200;-1;-1;0;-1;250;139.65
1432;522;250;-1;-1;0;-1;300;168.31
1433;522;300;-1;-1;0;-1;350;196.81
1434;522;350;-1;-1;0;-1;400;223.94
1435;523;0;-1;-1;0;-1;50;25.89
1436;523;50;-1;-1;0;-1;100;53.85
1437;523;100;-1;-1;0;-1;150;82.1
1438;523;150;-1;-1;0;-1;200;110.65
1439;523;200;-1;-1;0;-1;250;139.15
1440;523;250;-1;-1;0;-1;300;167.71
1441;523;300;-1;-1;0;-1;350;196.13
1442;523;350;-1;-1;0;-1;400;223.36
1443;524;0;-1;-1;0;-1;50;28.95
1444;524;50;-1;-1;0;-1;100;62.17
1445;524;100;-1;-1;0;-1;150;97.53
1446;524;150;-1;-1;0;-1;200;132.38
1447;524;200;-1;-1;0;-1;250;171.8
1448;524;250;-1;-1;0;-1;300;212.1
1449;524;300;-1;-1;0;-1;350;244.4
1450;524;350;-1;-1;0;-1;400;275.98
1451;525;0;-1;-1;0;-1;50;29.1
1452;525;50;-1;-1;0;-1;100;61.82
1453;525;100;-1;-1;0;-1;150;97.38
1454;525;150;-1;-1;0;-1;200;131.77
1455;525;200;-1;-1;0;-1;250;172.18
1456;525;250;-1;-1;0;-1;300;213.03
1457;525;300;-1;-1;0;-1;350;244.45
1458;525;350;-1;-1;0;-1;400;274.9
1459;526;0;-1;-1;0;-1;50;28.99
1460;526;50;-1;-1;0;-1;100;62.31
1461;526;100;-1;-1;0;-1;150;97.16
1462;526;150;-1;-1;0;-1;200;132.22
1463;526;200;-1;-1;0;-1;250;170.02
1464;526;250;-1;-1;0;-1;300;208.63
1465;526;300;-1;-1;0;-1;350;240.01
1466;526;350;-1;-1;0;-1;400;272.08
1467;527;0;-1;-1;0;-1;50;29.75
1468;527;50;-1;-1;0;-1;100;62.99
1469;527;100;-1;-1;0;-1;150;98.23
1470;527;150;-1;-1;0;-1;200;132.45
1471;527;200;-1;-1;0;-1;250;171.52
1472;527;250;-1;-1;0;-1;300;210.62
1473;527;300;-1;-1;0;-1;350;242.07
1474;527;350;-1;-1;0;-1;400;272.76
1475;528;0;-1;-1;0;-1;50;29.57
1476;528;50;-1;-1;0;-1;100;63.1
1477;528;100;-1;-1;0;-1;150;99.53
1478;528;150;-1;-1;0;-1;200;134.85
1479;528;200;-1;-1;0;-1;250;173.38
1480;528;250;-1;-1;0;-1;300;213.27
1481;528;300;-1;-1;0;-1;350;244.91
1482;528;350;-1;-1;0;-1;400;275.13
1483;529;0;0.87;-1;0;0.87;50;30.34
1484;529;50;-1;-1;0;-1;100;63.77
1485;529;100;-1;-1;0;-1;150;100.13
1486;529;150;-1;-1;0;-1;200;135.26
1487;529;200;-1;-1;0;-1;250;174.95
1488;529;250;-1;-1;0;-1;300;214.58
1489;529;300;-1;-1;0;-1;350;246.82
1490;529;350;-1;-1;0;-1;400;277.75
1491;530;0;-1;-1;0;-1;50;29.49
1492;530;50;-1;-1;0;-1;100;63.44
1493;530;100;-1;-1;0;-1;150;99.92
1494;530;150;-1;-1;0;-1;200;136.41
1495;530;200;-1;-1;0;-1;250;176.17
1496;530;250;-1;-1;0;-1;300;216.49
1497;530;300;-1;-1;0;-1;350;249.39
1498;530;350;-1;-1;0;-1;400;280.65
1499;531;0;5.56;-1;0;25.43;50;25.96
1500;531;50;31.56;-1;0;54.85;100;55.24
1501;531;100;60.38;-1;0;84.69;150;85.47
1502;531;150;89.81;-1;0;115.81;200;115.88
1503;532;0;6.01;-1;0;25.03;50;25.57
1504;532;50;31.05;-1;0;54.67;100;55.13
1505;532;100;60.76;-1;0;84.01;150;84.71
1506;532;150;90.36;-1;0;114.43;200;114.52
1507;533;0;-1;-1;0;-1;50;24.66
1508;533;50;-1;-1;0;-1;100;53.32
1509;533;100;-1;-1;0;-1;150;83.61
1510;533;150;-1;-1;0;-1;200;114.93
1511;534;0;-1;-1;0;-1;50;24.48
1512;534;50;-1;-1;0;-1;100;53.48
1513;534;100;-1;-1;0;-1;150;82.15
1514;534;150;-1;-1;0;-1;200;111.25
1515;535;0;6.12;-1;0;25.58;50;25.63
1516;535;50;33.56;-1;0;54.9;100;55.05
1517;535;100;62.17;-1;0;83.96;150;84.97
1518;535;150;91.27;-1;0;115.02;200;115.19
1519;536;0;5.62;-1;0;24.84;50;24.95
1520;536;50;30.56;-1;0;52.82;100;53.32
1521;536;100;59.13;-1;0;82.34;150;83.1
1522;536;150;89.09;-1;0;114.26;200;114.45
1523;537;0;6.11;-1;0;24.85;50;25.54
1524;537;50;31.71;-1;0;53.71;100;54.46
1525;537;100;59.75;-1;0;83.81;150;84.66
1526;537;150;89.63;-1;0;115.25;200;115.46
1527;538;0;5.64;-1;0;24.84;50;25.52
1528;538;50;32.9;-1;0;53.68;100;54.43
1529;538;100;61.47;-1;0;83.28;150;83.9
1530;538;150;90.57;-1;0;113.66;200;113.73
1531;539;0;6.38;-1;0;28.52;50;28.59
1532;539;50;33.97;-1;0;61.2;100;61.24
1533;539;100;66.6;-1;0;93.68;150;94.44
1534;539;150;99.82;-1;0;127.54;200;127.7
1535;540;0;6.63;-1;0;27.62;50;28.48
1536;540;50;33.56;-1;0;60.72;100;60.75
1537;540;100;65.57;-1;0;93.56;150;93.72
1538;540;150;98.41;-1;0;127.64;200;127.85
1539;541;0;5.91;-1;0;28.16;50;28.68
1540;541;50;33.14;-1;0;60.12;100;60.99
1541;541;100;65.47;-1;0;92.35;150;93.3
1542;541;150;97.46;-1;0;126.08;200;126.53
1543;542;0;6.21;-1;0;26.41;50;26.92
1544;542;50;32.06;-1;0;58.15;100;58.21
1545;542;100;63.55;-1;0;90.56;150;91.03
1546;542;150;95.67;-1;0;123.83;200;123.86
1547;543;0;6.08;-1;0;27.66;50;28.38
1548;543;50;33.28;-1;0;59.72;100;59.8
1549;543;100;64.84;-1;0;91.4;150;92.37
1550;543;150;97;-1;0;124.7;200;125.65
1551;544;0;6.69;-1;0;27.24;50;28.12
1552;544;50;35.19;-1;0;59.76;100;60.39
1553;544;100;67.23;-1;0;92.65;150;93.2
1554;544;150;100.85;-1;0;124.35;200;125.3
1555;545;0;5.43;-1;0;28.52;50;28.92
1556;545;50;33.21;-1;0;61.59;100;61.62
1557;545;100;66.11;-1;0;95.04;150;95.11
1558;545;150;99;-1;0;128.81;200;129.48
1559;546;0;6.66;-1;0;28.38;50;29.02
1560;546;50;36.24;-1;0;60.22;100;61.09
1561;546;100;67.93;-1;0;92.92;150;94.01
1562;546;150;100.59;-1;0;127.88;200;127.9
1563;547;0;5.42;-1;0;23.1;50;24.23
1564;547;50;27.63;-1;0;49.6;100;50.73
1565;547;100;54.18;-1;0;76.61;150;77.97
1566;547;150;80.81;-1;0;104.58;200;104.68
1567;548;0;5.44;-1;0;23.68;50;25.03
1568;548;50;29.03;-1;0;50.3;100;51.65
1569;548;100;55.84;-1;0;77.16;150;78.43
1570;548;150;82.16;-1;0;104.52;200;105.01
1571;549;0;5.09;-1;0;23.69;50;24.96
1572;549;50;29.48;-1;0;50.67;100;51.96
1573;549;100;56.63;-1;0;77.53;150;78.83
1574;549;150;82.92;-1;0;105.34;200;105.78
1575;550;0;5.11;-1;0;23.73;50;24.81
1576;550;50;28.29;-1;0;49.71;100;51.38
1577;550;100;54.97;-1;0;76.67;150;77.8
1578;550;150;81.13;-1;0;103.93;200;104.26
1579;551;0;5.23;-1;0;23.45;50;24.58
1580;551;50;28.6;-1;0;49.57;100;50.94
1581;551;100;55.05;-1;0;76.45;150;77.81
1582;551;150;81.75;-1;0;104.71;200;105.12
1583;552;0;5.1;-1;0;23.24;50;24.21
1584;552;50;27.45;-1;0;49.39;100;50.46
1585;552;100;53.53;-1;0;76.42;150;77.38
1586;552;150;80.54;-1;0;104.2;200;104.22
1587;553;0;5.1;-1;0;22.7;50;23.95
1588;553;50;26.81;-1;0;48.18;100;49.78
1589;553;100;52.77;-1;0;75.04;150;76.56
1590;553;150;79.04;-1;0;104.84;200;105.26
1591;554;0;6.2;-1;0;23.18;50;24.24
1592;554;50;28.34;-1;0;49.2;100;50.25
1593;554;100;54.45;-1;0;76.26;150;77.28
1594;554;150;81.71;-1;0;104.42;200;104.66
1595;555;0;4.68;-1;0;26.01;50;27.29
1596;555;50;30.2;-1;0;55.51;100;56.64
1597;555;100;59.31;-1;0;84.99;150;86.46
1598;555;150;89;-1;0;115.45;200;115.91
1599;556;0;5.48;-1;0;25.62;50;27.07
1600;556;50;30.91;-1;0;55.16;100;56.27
1601;556;100;59.95;-1;0;84.56;150;85.91
1602;556;150;89.48;-1;0;115.02;200;115.45
1603;557;0;4.72;-1;0;25.83;50;27.15
1604;557;50;30.41;-1;0;54.85;100;56.15
1605;557;100;59.87;-1;0;84.24;150;85.55
1606;557;150;89.67;-1;0;114.81;200;115.21
1607;558;0;4.79;-1;0;25.8;50;27.04
1608;558;50;29.81;-1;0;54.87;100;55.85
1609;558;100;58.58;-1;0;83.63;150;84.7
1610;558;150;87.3;-1;0;113.23;200;113.5
1611;559;0;4.63;-1;0;25.73;50;26.77
1612;559;50;30.14;-1;0;54.04;100;55.1
1613;559;100;58.47;-1;0;83.1;150;84.18
1614;559;150;87.31;-1;0;113.56;200;113.92
1615;560;0;5.3;-1;0;25.53;50;26.69
1616;560;50;29.57;-1;0;54.02;100;55.28
1617;560;100;58.26;-1;0;83.23;150;84.65
1618;560;150;87.19;-1;0;114.87;200;115.01
1619;561;0;4.85;-1;0;25.32;50;26.4
1620;561;50;29.89;-1;0;54.24;100;55.36
1621;561;100;58.68;-1;0;83.56;150;84.95
1622;561;150;88.21;-1;0;114.14;200;114.7
1623;562;0;-1;-1;0;-1;50;26.98
1624;562;50;-1;-1;0;-1;100;56.42
1625;562;100;-1;-1;0;-1;150;86.16
1626;562;150;-1;-1;0;-1;200;116.39
1627;563;0;-1;-1;0;-1;50;27.89
1628;563;50;-1;-1;0;-1;100;57.54
1629;563;100;-1;-1;0;-1;150;86.77
1630;563;150;-1;-1;0;-1;200;116.39
1631;564;0;-1;-1;0;-1;50;27.66
1632;564;50;-1;-1;0;-1;100;57.06
1633;564;100;-1;-1;0;-1;150;87.55
1634;564;150;-1;-1;0;-1;200;119.06
1635;565;0;6.03;-1;0;25.43;50;27.11
1636;565;50;33.64;-1;0;54.65;100;55.63
1637;565;100;61.99;-1;0;83.47;150;84.65
1638;565;150;90.81;-1;0;113.87;200;114.15
1639;566;0;5.94;-1;0;25.58;50;26.71
1640;566;50;33.58;-1;0;54;100;55.18
1641;566;100;61.84;-1;0;82.74;150;83.93
1642;566;150;90.42;-1;0;112.9;200;113.27
1643;567;0;6.19;-1;0;25.89;50;27.02
1644;567;50;32.91;-1;0;54.55;100;55.72
1645;567;100;61.48;-1;0;83.83;150;85.08
1646;567;150;92.13;-1;0;114.61;200;114.72
1647;568;0;7.15;-1;0;26.45;50;27.57
1648;568;50;33.3;-1;0;55.62;100;56.96
1649;568;100;62.04;-1;0;85.33;150;86.71
1650;568;150;91.5;-1;0;115.79;200;116.15
1651;569;0;6.32;-1;0;26.19;50;27.19
1652;569;50;33.77;-1;0;54.88;100;56.11
1653;569;100;61.59;-1;0;84.1;150;85.32
1654;569;150;91.7;-1;0;114.95;200;115.49
1655;570;0;6.14;-1;0;26.36;50;27.48
1656;570;50;33.54;-1;0;56.02;100;57.12
1657;570;100;62.53;-1;0;86.37;150;87.3
1658;570;150;92.91;-1;0;116.9;200;117.32
1659;571;0;6.87;-1;0;28.09;50;29.62
1660;571;50;35.31;-1;0;60.51;100;61.9
1661;571;100;66.89;-1;0;93.37;150;94.81
1662;571;150;99.78;-1;0;127.68;200;128.24
1663;572;0;6.75;-1;0;28.01;50;29.39
1664;572;50;34.43;-1;0;60.45;100;61.54
1665;572;100;66.04;-1;0;92.43;150;93.6
1666;572;150;97.42;-1;0;124.33;200;124.68
1667;573;0;7.67;-1;0;28.21;50;29.59
1668;573;50;36.73;-1;0;60.37;100;61.61
1669;573;100;68.47;-1;0;92.63;150;94.08
1670;573;150;101.86;-1;0;126.01;200;126.39
1671;574;0;6.79;-1;0;28.49;50;29.92
1672;574;50;34.93;-1;0;60.99;100;62.14
1673;574;100;66.78;-1;0;93.43;150;94.72
1674;574;150;98.56;-1;0;125.76;200;126.17
1675;575;0;6.73;-1;0;28.79;50;29.77
1676;575;50;35.2;-1;0;60.57;100;61.55
1677;575;100;66.76;-1;0;92.79;150;93.99
1678;575;150;99.1;-1;0;125.68;200;126.4
1679;576;0;5.9;-1;0;28.08;50;29.3
1680;576;50;33.94;-1;0;59.18;100;60.74
1681;576;100;65.54;-1;0;91.43;150;92.91
1682;576;150;97.66;-1;0;125.32;200;125.42
1683;577;0;7.51;-1;0;29.24;50;30.46
1684;577;50;34.16;-1;0;61.68;100;62.68
1685;577;100;66.56;-1;0;94.64;150;95.77
1686;577;150;99.28;-1;0;128.34;200;128.48
1687;578;0;6.98;-1;0;28.9;50;29.95
1688;578;50;34.51;-1;0;61.08;100;62.13
1689;578;100;66.11;-1;0;93.94;150;95.44
1690;578;150;99.48;-1;0;127.92;200;128.26
1691;579;0;8.15;-1;0;28.08;50;29.66
1692;579;50;36.98;-1;0;61.31;100;62.38
1693;579;100;69.11;-1;0;93.18;150;94.26
1694;579;150;100.7;-1;0;126.17;200;127.24
1695;580;0;7.01;-1;0;28.17;50;28.96
1696;580;50;35.55;-1;0;60.43;100;60.77
1697;580;100;67.37;-1;0;91.95;150;93.35
1698;580;150;99.81;-1;0;126.3;200;127.13
1699;581;0;6.69;-1;0;27.15;50;28.14
1700;581;50;35.71;-1;0;59.06;100;60.09
1701;581;100;67.39;-1;0;92.05;150;92.98
1702;581;150;100.14;-1;0;126.21;200;127.01
1703;582;0;6.4;-1;0;28.27;50;29.35
1704;582;50;35.17;-1;0;60.7;100;61.72
1705;582;100;67.37;-1;0;93.26;150;94.17
1706;582;150;99.52;-1;0;125.41;200;126.38
1707;583;0;5.53;-1;0;27.94;50;28.62
1708;583;50;34.32;-1;0;60.61;100;61.34
1709;583;100;66.93;-1;0;93.5;150;94.49
1710;583;150;99.71;-1;0;127.73;200;128.19
1711;584;0;-1;-1;0;-1;50;28.98
1712;584;50;-1;-1;0;-1;100;61.84
1713;584;100;-1;-1;0;-1;150;94.5
1714;584;150;-1;-1;0;-1;200;127.93
1715;585;0;6.87;-1;0;28.31;50;29.34
1716;585;50;36.44;-1;0;61.2;100;62.11
1717;585;100;68.61;-1;0;94.47;150;95.48
1718;585;150;101.74;-1;0;127.67;200;128.42
1719;586;0;6.48;-1;0;28.46;50;29.5
1720;586;50;36.04;-1;0;60.86;100;61.9
1721;586;100;68.21;-1;0;94.44;150;95.24
1722;586;150;101.46;-1;0;128.5;200;128.88
1723;587;0;6.45;-1;0;31.04;50;32.6
1724;587;50;38.49;-1;0;67.74;100;68.35
1725;587;100;74.35;-1;0;104.84;150;105.32
1726;587;150;111.01;-1;0;142.41;200;142.65
1727;588;0;6.21;-1;0;30.61;50;31.27
1728;588;50;36.81;-1;0;65.44;100;66.47
1729;588;100;71.94;-1;0;101.8;150;102.57
1730;588;150;108.2;-1;0;139.44;200;139.92
1735;590;0;6.7;-1;0;32.07;50;32.73
1736;590;50;39.52;-1;0;67.18;100;68.61
1737;590;100;75.31;-1;0;103.6;150;104.73
1738;590;150;111.11;-1;0;140.43;200;140.84
1739;591;0;5.85;-1;0;31.1;50;31.64
1740;591;50;37.16;-1;0;65.64;100;67.06
1741;591;100;72.36;-1;0;101.89;150;102.48
1742;591;150;107.76;-1;0;138.17;200;138.95
1743;592;0;6.48;-1;0;31.55;50;32.37
1744;592;50;38.64;-1;0;67.01;100;68.33
1745;592;100;74.61;-1;0;103.9;150;104.73
1746;592;150;110.81;-1;0;140.14;200;140.88
1747;593;0;6.15;-1;0;31.26;50;32.84
1748;593;50;38.83;-1;0;68.05;100;69.15
1749;593;100;74.91;-1;0;105.17;150;105.59
1750;593;150;111.18;-1;0;141.44;200;142.06
1751;594;0;7.34;-1;0;31.65;50;32.7
1752;594;50;39.61;-1;0;68.16;100;69.05
1753;594;100;75.62;-1;0;104.55;150;105.98
1754;594;150;112.54;-1;0;142.83;200;143.72
1755;595;0;5.91;-1;0;31.28;50;32.49
1756;595;50;38.68;-1;0;67.99;100;68.95
1757;595;100;75.12;-1;0;105.12;150;106.2
1758;595;150;112.24;-1;0;144.16;200;144.57
1759;596;0;5.37;-1;0;25.45;50;27.25
1760;596;50;30.34;-1;0;55.33;100;56.46
1761;596;100;59.51;-1;0;84.61;150;85.93
1762;596;150;88.96;-1;0;113.96;200;115.29
1763;596;200;118.23;-1;0;143.33;250;144.81
1764;596;250;147.78;-1;0;172.91;300;174.54
1765;596;300;177.15;-1;0;203.19;350;204.63
1766;596;350;207.35;-1;0;233.52;400;235.02
1767;596;400;237.6;-1;0;264.03;450;265.74
1768;596;450;268.48;-1;0;294.75;500;296.3
1769;596;500;298.99;-1;0;325.61;550;327.18
1770;596;550;329.84;-1;0;356.49;600;357.95
1771;596;600;360.7;-1;0;387.7;650;389.09
1772;596;650;391.57;-1;0;418.54;700;419.91
1773;596;700;422.41;-1;0;449.51;750;450.98
1774;596;750;453.65;-1;0;479.75;800;480.16
1775;597;0;6.09;-1;0;25.99;50;26.36
1776;597;50;33.09;-1;0;56.15;100;56.22
1777;598;0;6.13;-1;0;24.93;50;25.84
1778;598;50;32.59;-1;0;55.47;100;55.73
1779;599;0;5.82;-1;0;25.48;50;26.16
1780;599;50;31.69;-1;0;55.61;100;55.72
1781;600;0;5.98;-1;0;25.66;50;25.71
1782;600;50;31.97;-1;0;55.56;100;55.64
1783;601;0;5.74;-1;0;26.47;50;26.91
1784;601;50;32.46;-1;0;56.29;100;56.91
1785;602;0;-1;-1;0;-1;50;26.5
1786;602;50;-1;-1;0;-1;100;55.59
1787;603;0;6.44;-1;0;26.39;50;26.45
1788;603;50;33.03;-1;0;57.01;100;57.05
1789;604;0;-1;-1;0;-1;50;26.09
1790;604;50;-1;-1;0;-1;100;56.33
1791;604;100;-1;-1;0;-1;150;90.39
1792;604;150;-1;-1;0;-1;200;123.35
1793;604;200;-1;-1;0;-1;250;158.13
1794;604;250;-1;-1;0;-1;300;193.79
1795;604;300;-1;-1;0;-1;350;223.31
1796;604;350;-1;-1;0;-1;400;251.32
1797;605;0;-1;-1;0;-1;50;26.27
1798;605;50;-1;-1;0;-1;100;56.23
1799;605;100;-1;-1;0;-1;150;88.59
1800;605;150;-1;-1;0;-1;200;120.33
1801;605;200;-1;-1;0;-1;250;154.35
1802;605;250;-1;-1;0;-1;300;189.47
1803;605;300;-1;-1;0;-1;350;219.77
1804;605;350;-1;-1;0;-1;400;249.42
1805;606;0;4.01;-1;0;4.01;50;26.44
1806;606;50;-1;-1;0;-1;100;57.12
1807;606;100;-1;-1;0;-1;150;89.23
1808;606;150;-1;-1;0;-1;200;120.58
1809;606;200;-1;-1;0;-1;250;157.27
1810;606;250;-1;-1;0;-1;300;194.06
1811;606;300;-1;-1;0;-1;350;222.96
1812;606;350;-1;-1;0;-1;400;250.38
1813;607;0;-1;-1;0;-1;50;26.4
1814;607;50;-1;-1;0;-1;100;56.86
1815;607;100;-1;-1;0;-1;150;88.73
1816;607;150;-1;-1;0;-1;200;119.99
1817;607;200;-1;-1;0;-1;250;156.11
1818;607;250;-1;-1;0;-1;300;191.94
1819;607;300;-1;-1;0;-1;350;221.59
1820;607;350;-1;-1;0;-1;400;251.22
1821;608;0;-1;-1;0;-1;50;27.09
1822;608;50;-1;-1;0;-1;100;57.6
1823;608;100;-1;-1;0;-1;150;89.66
1824;608;150;-1;-1;0;-1;200;121.42
1825;608;200;-1;-1;0;-1;250;156.69
1826;608;250;-1;-1;0;-1;300;192.14
1827;608;300;-1;-1;0;-1;350;222.16
1828;608;350;-1;-1;0;-1;400;250.59
1829;609;0;-1;-1;0;-1;50;26.38
1830;609;50;-1;-1;0;-1;100;56.65
1831;609;100;-1;-1;0;-1;150;89.41
1832;609;150;-1;-1;0;-1;200;121.01
1833;609;200;-1;-1;0;-1;250;157.05
1834;609;250;-1;-1;0;-1;300;193.56
1835;609;300;-1;-1;0;-1;350;222.32
1836;609;350;-1;-1;0;-1;400;250.28
1837;610;0;-1;-1;0;-1;50;27.02
1838;610;50;-1;-1;0;-1;100;57.44
1839;610;100;-1;-1;0;-1;150;89.94
1840;610;150;-1;-1;0;-1;200;121.49
1841;610;200;-1;-1;0;-1;250;157.32
1842;610;250;-1;-1;0;-1;300;193.26
1843;610;300;-1;-1;0;-1;350;222.45
1844;610;350;-1;-1;0;-1;400;250.59
