idNageur;Prénom;Nom;Sexe;DateDeNaissance;Nationalité;Club;idCourse;idCompetition;LongeurBassin;DistanceCourse;StyleDeNage;Round;Date;TempsDebutCourse;TempsFinalCourse;idAnalyse
569053;Joris;BOUCHAUT;m;19950101;FRA;DAUPHINS TOULOUSE OEC;7;1;50;4;4;1;20210517;7.24;24.89;1
629072;Mélanie;HENIQUE;f;19920101;FRA;CN MARSEILLE;2;1;50;1;4;1;20210517;9.79;24.96;2
1172496;Yohann;NDOYE BROUARD;m;20000101;FRA;DAUPHINS D'ANNECY;3;1;50;1;2;1;20210517;16.25;25.93;3
1186968;Maxence;ORANGE;m;19980101;FRA;NANTES NATATION;3;1;50;1;2;1;20210517;7.5;57.69;4
1076939;Theo;BUSSIERE;m;19950101;FRA;CN MARSEILLE;4;1;50;2;3;1;20210517;14.28;53.93;5
764954;Antoine;VIQUERAT;m;19980101;FRA;DAUPHINS TOULOUSE OEC;4;1;50;2;3;1;20210517;68.24;55.51;6
961314;Marie;WATTEL;f;19970101;FRA;CN MARSEILLE;5;1;50;2;1;1;20210517;123.73;54.74;7
608455;Assia;TOUATI;f;19950101;FRA;DAUPHINS TOULOUSE OEC;6;1;50;8;4;1;20210517;178.45;55.07;8
720557;Charlotte;BONNET;f;19950101;FRA;OLYMPIC NICE NATATION;6;1;50;8;4;1;20210517;14.24;61.4;9
1466696;Lison;NOWACZYK;f;20030101;FRA;STADE BÉTHUNE PÉLICAN CLUB;6;1;50;8;4;1;20210517;17.73;61.43;10
622289;Anouchka;MARTIN;f;19930101;FRA;CN MARSEILLE;6;1;50;8;4;1;20210517;23.93;230.48;11
35;Kliment;KOLESNIKOV;m;20000709;RUS;b'';3;1;50;1;2;1;20210517;0.8;24.23;12
629072;Mélanie;HENIQUE;f;19920101;FRA;CN MARSEILLE;8;1;50;1;4;2;20210517;19.99;25.08;13
1172496;Yohann;NDOYE BROUARD;m;20000101;FRA;DAUPHINS D'ANNECY;9;1;50;1;2;2;20210517;9.09;25.11;14
961314;Marie;WATTEL;f;19970101;FRA;CN MARSEILLE;10;1;50;2;1;2;20210517;10.39;57.48;15
961314;Marie;WATTEL;f;19970101;FRA;CN MARSEILLE;11;1;50;8;4;3;20210517;10.83;53.97;16
720557;Charlotte;BONNET;f;19950101;FRA;OLYMPIC NICE NATATION;11;1;50;8;4;3;20210517;64.82;53.36;17
608455;Assia;TOUATI;f;19950101;FRA;DAUPHINS TOULOUSE OEC;11;1;50;8;4;3;20210517;118.18;54.25;18
622289;Anouchka;MARTIN;f;19930101;FRA;CN MARSEILLE;11;1;50;8;4;3;20210517;172.45;54.34;19
1155520;Julien;BEROL;m;20010101;FRA;CN MARSEILLE;12;1;50;2;4;1;20210518;12.86;48.36;20
842444;Maxime;GROUSSET;m;19990101;FRA;AMIENS METROPOLE NAT.;12;1;50;2;4;1;20210518;13.81;49.35;21
1020299;Charles;RIHOUX;m;19980101;FRA;OLYMPIC NICE NATATION;12;1;50;2;4;1;20210518;18.56;49.04;22
1376245;Léon;MARCHAND;m;20020101;FRA;DAUPHINS TOULOUSE OEC;13;1;50;3;1;1;20210518;10.95;116.33;23
681980;Damien;JOLY;m;19920101;FRA;MONTPELLIER METROPOLE NATATION;14;1;50;6;4;1;20210518;12.92;896.09;24
842444;Maxime;GROUSSET;m;19990101;FRA;AMIENS METROPOLE NAT.;15;1;50;2;4;2;20210518;3.32;48.09;25
961314;Marie;WATTEL;f;19970101;FRA;CN MARSEILLE;16;1;50;2;1;3;20210518;11.83;57.37;26
1376245;Léon;MARCHAND;m;20020101;FRA;DAUPHINS TOULOUSE OEC;17;1;50;3;1;2;20210518;7.1;117.77;27
1150269;Clément;BIDARD;m;20010101;FRA;MULHOUSE ON;18;1;50;3;5;1;20210519;7.06;122.29;28
720557;Charlotte;BONNET;f;19950101;FRA;OLYMPIC NICE NATATION;19;1;50;3;4;1;20210519;12.61;53.24;29
1172496;Yohann;NDOYE BROUARD;m;20000101;FRA;DAUPHINS D'ANNECY;20;1;50;2;2;1;20210519;9.5;53.46;30
1186968;Maxence;ORANGE;m;19980101;FRA;NANTES NATATION;20;1;50;2;2;1;20210519;7.57;118.33;31
1230332;Mewen;TOMAC;m;20010101;FRA;AMIENS METROPOLE NAT.;20;1;50;2;2;1;20210519;13.25;54.9;32
1025151;Jonathan;ATSU;m;19960101;FRA;DAUPHINS TOULOUSE OEC;21;1;50;9;4;1;20210519;9.91;108.26;33
1155613;Enzo;TESIC;m;20000101;FRA;AMIENS METROPOLE NAT.;21;1;50;9;4;1;20210519;118.17;106.87;34
888067;Roman;FUCHS;m;19980101;FRA;AMIENS METROPOLE NAT.;21;1;50;9;4;1;20210519;225.03;108.97;35
713589;Jordan;POTHAIN;m;19940101;FRA;OLYMPIC NICE NATATION;21;1;50;9;4;1;20210519;334.0;106.34;36
1376245;Léon;MARCHAND;m;20020101;FRA;DAUPHINS TOULOUSE OEC;22;1;50;3;3;1;20210519;3.0;120.99;37
608455;Assia;TOUATI;f;19950101;FRA;DAUPHINS TOULOUSE OEC;19;1;50;3;4;1;20210519;5.47;133.4;38
764954;Antoine;VIQUERAT;m;19980101;FRA;DAUPHINS TOULOUSE OEC;22;1;50;3;3;1;20210519;7.24;132.82;39
842444;Maxime;GROUSSET;m;19990101;FRA;AMIENS METROPOLE NAT.;23;1;50;2;4;3;20210519;15.33;47.9;40
1172496;Yohann;NDOYE BROUARD;m;20000101;FRA;DAUPHINS D'ANNECY;24;1;50;2;2;2;20210519;16.62;53.01;41
1230332;Mewen;TOMAC;m;20010101;FRA;AMIENS METROPOLE NAT.;24;1;50;2;2;2;20210519;15.79;52.86;42
720557;Charlotte;BONNET;f;19950101;FRA;OLYMPIC NICE NATATION;25;1;50;3;4;2;20210519;14.25;117.3;43
713589;Jordan;POTHAIN;m;19940101;FRA;OLYMPIC NICE NATATION;26;1;50;9;4;3;20210519;20.65;106.91;44
1155613;Enzo;TESIC;m;20000101;FRA;AMIENS METROPOLE NAT.;26;1;50;9;4;3;20210519;127.57;106.88;45
1230332;Mewen;TOMAC;m;20010101;FRA;AMIENS METROPOLE NAT.;26;1;50;9;4;3;20210519;234.39;106.96;46
1025151;Jonathan;ATSU;m;19960101;FRA;DAUPHINS TOULOUSE OEC;26;1;50;9;4;3;20210519;341.4;106.49;47
1025151;Jonathan;ATSU;m;19960101;FRA;DAUPHINS TOULOUSE OEC;27;1;50;3;4;1;20210520;0.15;107.44;48
888067;Roman;FUCHS;m;19980101;FRA;AMIENS METROPOLE NAT.;27;1;50;3;4;1;20210520;9.77;107.84;49
713589;Jordan;POTHAIN;m;19940101;FRA;OLYMPIC NICE NATATION;27;1;50;3;4;1;20210520;13.36;23.41;50
681980;Damien;JOLY;m;19920101;FRA;MONTPELLIER METROPOLE NATATION;28;1;50;6;4;3;20210519;18.13;23.54;52
842444;Maxime;GROUSSET;m;19990101;FRA;AMIENS METROPOLE NAT.;29;1;50;1;1;1;20210520;4.99;53.64;53
158014;Florent;MANAUDOU;m;19900101;FRA;CN MARSEILLE;29;1;50;1;1;1;20210520;58.74;59.97;54
158014;Florent;MANAUDOU;m;19900101;FRA;CN MARSEILLE;29;1;50;1;1;1;20210520;118.71;57.83;55
1172496;Yohann;NDOYE BROUARD;m;20000101;FRA;DAUPHINS D'ANNECY;30;1;50;8;5;1;20210520;176.56;54.95;56
1076939;Theo;BUSSIERE;m;19950101;FRA;CN MARSEILLE;30;1;50;8;5;1;20210520;3.43;108.47;57
961314;Marie;WATTEL;f;19970101;FRA;CN MARSEILLE;30;1;50;8;5;1;20210520;13.28;110.41;58
608455;Assia;TOUATI;f;19950101;FRA;DAUPHINS TOULOUSE OEC;30;1;50;8;5;1;20210520;19.31;52.97;59
1172496;Yohann;NDOYE BROUARD;m;20000101;FRA;DAUPHINS D'ANNECY;31;1;50;2;2;3;20210520;21.35;53.0;60
1230332;Mewen;TOMAC;m;20010101;FRA;AMIENS METROPOLE NAT.;31;1;50;2;2;3;20210520;18.74;23.41;61
1025151;Jonathan;ATSU;m;19960101;FRA;DAUPHINS TOULOUSE OEC;32;1;50;3;4;2;20210520;4.45;23.39;62
713589;Jordan;POTHAIN;m;19940101;FRA;OLYMPIC NICE NATATION;32;1;50;3;4;2;20210520;9.01;107.6;63
842444;Maxime;GROUSSET;m;19990101;FRA;AMIENS METROPOLE NAT.;33;1;50;1;1;2;20210520;17.75;108.07;64
158014;Florent;MANAUDOU;m;19900101;FRA;CN MARSEILLE;33;1;50;1;1;2;20210520;14.51;116.55;65
720557;Charlotte;BONNET;f;19950101;FRA;OLYMPIC NICE NATATION;34;1;50;3;4;3;20210520;4.69;54.07;66
961314;Marie;WATTEL;f;19970101;FRA;CN MARSEILLE;35;1;50;2;4;1;20210521;17.37;27.95;67
1076939;Theo;BUSSIERE;m;19950101;FRA;CN MARSEILLE;36;1;50;1;3;1;20210521;9.6;132.35;68
1085477;Cyrielle;DUHAMEL;f;20000101;FRA;STADE BÉTHUNE PÉLICAN CLUB;37;1;50;3;5;1;20210521;11.16;116.42;69
419164;Antoine;HERLEM;m;19990101;FRA;DAUPHINS TOULOUSE OEC;38;1;50;3;2;1;20210521;8.52;117.7;70
1172496;Yohann;NDOYE BROUARD;m;20000101;FRA;DAUPHINS D'ANNECY;38;1;50;3;2;1;20210521;16.08;120.63;71
1230332;Mewen;TOMAC;m;20010101;FRA;AMIENS METROPOLE NAT.;38;1;50;3;2;1;20210521;5.04;121.86;72
600630;Margaux;FABRE;f;19920101;FRA;CANET 66 NATATION;39;1;50;9;4;1;20210521;126.83;120.04;73
1413946;Oceane;CARNEZ;f;20020101;FRA;STADE BÉTHUNE PÉLICAN CLUB;39;1;50;9;4;1;20210521;246.94;121.92;74
1477472;Lucile;TESSARIOL;f;20040101;FRA;SA MÉRIGNAC;39;1;50;9;4;1;20210521;368.84;119.54;75
608455;Assia;TOUATI;f;19950101;FRA;DAUPHINS TOULOUSE OEC;39;1;50;9;4;1;20210521;11.21;473.07;76
569053;Joris;BOUCHAUT;m;19950101;FRA;DAUPHINS TOULOUSE OEC;40;1;50;5;4;1;20210521;24.48;116.63;77
419164;Antoine;HERLEM;m;19990101;FRA;DAUPHINS TOULOUSE OEC;41;1;50;3;2;2;20210521;16.28;117.06;78
1172496;Yohann;NDOYE BROUARD;m;20000101;FRA;DAUPHINS D'ANNECY;41;1;50;3;2;2;20210521;17.92;53.34;79
961314;Marie;WATTEL;f;19970101;FRA;CN MARSEILLE;42;1;50;2;4;2;20210521;8.12;132.12;80
1085477;Cyrielle;DUHAMEL;f;20000101;FRA;STADE BÉTHUNE PÉLICAN CLUB;43;1;50;3;5;2;20210521;3.88;117.31;81
720557;Charlotte;BONNET;f;19950101;FRA;OLYMPIC NICE NATATION;44;1;50;9;4;3;20210521;121.19;121.47;82
1477472;Lucile;TESSARIOL;f;20040101;FRA;SA MÉRIGNAC;44;1;50;9;4;3;20210521;242.65;120.61;83
1413946;Oceane;CARNEZ;f;20020101;FRA;STADE BÉTHUNE PÉLICAN CLUB;44;1;50;9;4;3;20210521;363.27;120.06;84
608455;Assia;TOUATI;f;19950101;FRA;DAUPHINS TOULOUSE OEC;44;1;50;9;4;3;20210521;8.84;21.86;85
158014;Florent;MANAUDOU;m;19900101;FRA;CN MARSEILLE;45;1;50;1;4;1;20210522;5.61;22.19;86
842444;Maxime;GROUSSET;m;19990101;FRA;AMIENS METROPOLE NAT.;45;1;50;1;4;1;20210522;3.52;25.3;87
629072;Mélanie;HENIQUE;f;19920101;FRA;CN MARSEILLE;46;1;50;1;1;1;20210522;20.39;26.35;88
961314;Marie;WATTEL;f;19970101;FRA;CN MARSEILLE;46;1;50;1;1;1;20210522;6.9;52.31;89
1724832;Justine;DELMAS;f;20050101;FRA;CNO ST-GERMAIN-EN-LAYE;47;1;50;1;3;1;20210522;12.78;32.23;90
319802;Mehdy;METELLA;m;19920101;FRA;CN MARSEILLE;48;1;50;2;1;1;20210522;10.33;53.32;91
961314;Marie;WATTEL;f;19970101;FRA;CN MARSEILLE;50;1;50;2;4;3;20210522;13.7;21.67;92
842444;Maxime;GROUSSET;m;19990101;FRA;AMIENS METROPOLE NAT.;51;1;50;1;4;2;20210522;23.04;21.95;93
158014;Florent;MANAUDOU;m;19900101;FRA;CN MARSEILLE;51;1;50;1;4;2;20210522;14.06;25.53;94
629072;Mélanie;HENIQUE;f;19920101;FRA;CN MARSEILLE;52;1;50;1;1;2;20210522;14.65;26.07;95
961314;Marie;WATTEL;f;19970101;FRA;CN MARSEILLE;52;1;50;1;1;2;20210522;17.14;118.64;96
419164;Antoine;HERLEM;m;19990101;FRA;DAUPHINS TOULOUSE OEC;53;1;50;3;2;3;20210522;20.98;116.37;97
1172496;Yohann;NDOYE BROUARD;m;20000101;FRA;DAUPHINS D'ANNECY;53;1;50;3;2;3;20210522;17.91;133.22;98
1085477;Cyrielle;DUHAMEL;f;20000101;FRA;STADE BÉTHUNE PÉLICAN CLUB;54;1;50;3;5;3;20210522;10.2;262.07;99
969675;Emilien;MATTENET;m;20000101;FRA;CHARLEVILLE-MÉZIÈRES NATATION;55;1;50;4;5;1;20210523;20.16;52.96;100
1172496;Yohann;NDOYE BROUARD;m;20000101;FRA;DAUPHINS D'ANNECY;56;1;50;8;5;1;20210523;73.17;60.3;101
1076939;Theo;BUSSIERE;m;19950101;FRA;CN MARSEILLE;56;1;50;8;5;1;20210523;133.49;51.26;102
319802;Mehdy;METELLA;m;19920101;FRA;CN MARSEILLE;56;1;50;8;5;1;20210523;184.71;47.98;103
842444;Maxime;GROUSSET;m;19990101;FRA;AMIENS METROPOLE NAT.;56;1;50;8;5;1;20210523;7.39;61.27;104
424393;Mathilde;CINI;f;19940101;FRA;VALENCE TRIATHLON;56;1;50;8;5;1;20210523;68.63;68.22;105
1724832;Justine;DELMAS;f;20050101;FRA;CNO ST-GERMAIN-EN-LAYE;56;1;50;8;5;1;20210523;136.84;58.2;106
961314;Marie;WATTEL;f;19970101;FRA;CN MARSEILLE;56;1;50;8;5;1;20210523;195.08;54.74;107
608455;Assia;TOUATI;f;19950101;FRA;DAUPHINS TOULOUSE OEC;56;1;50;8;5;1;20210523;6.81;472.85;108
569053;Joris;BOUCHAUT;m;19950101;FRA;DAUPHINS TOULOUSE OEC;57;1;50;5;4;3;20210522;19.02;21.81;109
842444;Maxime;GROUSSET;m;19990101;FRA;AMIENS METROPOLE NAT.;58;1;50;1;4;3;20210523;13.47;25.46;110
629072;Mélanie;HENIQUE;f;19920101;FRA;CN MARSEILLE;59;1;50;1;1;3;20210523;14.05;22.02;111
158014;Florent;MANAUDOU;m;19900101;FRA;CN MARSEILLE;58;1;50;1;4;3;20210523;19.28;53.22;112
1172496;Yohann;NDOYE BROUARD;m;20000101;FRA;DAUPHINS D'ANNECY;60;1;50;8;5;3;20210523;72.59;60.6;113
1076939;Theo;BUSSIERE;m;19950101;FRA;CN MARSEILLE;60;1;50;8;5;3;20210523;133.18;51.46;114
319802;Mehdy;METELLA;m;19920101;FRA;CN MARSEILLE;60;1;50;8;5;3;20210523;184.64;47.82;115
842444;Maxime;GROUSSET;m;19990101;FRA;AMIENS METROPOLE NAT.;60;1;50;8;5;3;20210523;20.74;24.89;116
40;Viktar;STASELOVICH;m;19940528;BLR;b'';61;1;50;1;2;3;20210518;22.24;24.72;117
39;Grigory;TARASEVICH;m;19950801;RUS;b'';61;1;50;1;2;3;20210518;14.16;24.42;118
36;Robert-Andrei;GLINTA;m;19970418;ROU;b'';61;1;50;1;2;3;20210518;14.34;23.8;119
38;Apostolos;CHRISTOU;m;19961101;GRE;b'';61;1;50;1;2;3;20210518;15.46;24.47;121
37;Hugo;GONZALEZ DE OLIVEIRA;m;19990219;ESP;b'';61;1;50;1;2;3;20210518;19.92;24.92;122
41;Conor;FERGUSON;m;19991011;IRL;b'';61;1;50;1;2;3;20210518;5.17;24.92;123
42;Simone;SABBIONI;m;19961003;ITA;b'';61;1;50;1;2;3;20210518;25.24;24.51;124
48;Anna;HOPKIN;f;19960424;GBR;b'';62;1;50;1;4;3;20210518;11.78;24.32;125
2291767;Femke;HEEMSKERK;f;19870921;NED;b'';62;1;50;1;4;3;20210518;5.7;24.17;126
45;Katarzyna;WASICK;f;19920322;POL;b'';62;1;50;1;4;3;20210518;12.97;24.17;127
1727717;Pernille;BLUME;f;19940514;DEN;CN MARSEILLE;62;1;50;1;4;3;20210518;12.49;23.97;128
43;Ranomi;KROMOWIDJOJO;f;19900820;NED;b'';62;1;50;1;4;3;20210518;9.9;24.29;129
46;Maria;KAMENEVA;f;19990527;RUS;b'';62;1;50;1;4;3;20210518;13.59;24.65;130
49;Michelle;COLEMAN;f;19931031;SWE;b'';62;1;50;1;4;3;20210518;5.79;24.67;131
50;Barbora;SEEMANOVA;f;20000401;CZE;b'';62;1;50;1;4;3;20210518;11.09;24.59;132
214;Konrad;CZERNIAK;m;19890611;POL;b'';63;1;50;1;1;3;20210521;19.94;25.65;133
213;Nyls;KORSTANJE;m;19990205;NED;b'';63;1;50;1;1;3;20210521;12.66;25.76;134
212;Szebasztian;SZABO;m;19960311;HUN;b'';63;1;50;1;1;3;20210521;14.79;25.3;135
211;Andrey;ZHILKIN;m;19950309;RUS;b'';63;1;50;1;1;3;20210521;17.41;25.59;136
210;Andriy;GOVOROV;m;19920410;UKR;b'';63;1;50;1;1;3;20210521;19.06;25.87;137
209;Andrei;MINAKOV;m;20020317;RUS;b'';63;1;50;1;1;3;20210521;14.62;25.85;138
208;Thomas;CECCON;m;20010127;ITA;b'';63;1;50;1;1;3;20210521;7.94;25.84;139
207;Piero;CODIA;m;19891022;ITA;b'';63;1;50;1;1;3;20210521;23.44;27.13;140
206;Sara;JUNEVIK;f;20000214;SWE;b'';59;1;50;1;1;3;20210523;23.34;27.54;141
205;Jeanette;OTTESEN;f;19871230;DEN;b'';59;1;50;1;1;3;20210523;10.51;26.68;142
204;Arina;SURKOVA;f;19980717;RUS;b'';59;1;50;1;1;3;20210523;15.35;26.21;143
203;Emilie;BECKMANN;f;19970204;DEN;b'';59;1;50;1;1;3;20210523;20.94;26.55;144
43;Ranomi;KROMOWIDJOJO;f;19900820;NED;b'';59;1;50;1;1;3;20210523;15.08;27.1;145
202;Maaike;DE WAARD;f;19961011;NED;b'';59;1;50;1;1;3;20210523;16.76;27.13;146
201;Anna;NTOUNTOUNAKI;f;19950909;GRE;b'';59;1;50;1;1;3;20210523;2.3;27.3;147
200;Kirill;PRIGODA;m;19951229;RUS;b'';64;1;50;1;3;3;20210522;13.66;30.72;148
199;Arno;KAMMINGA;m;19951022;NED;b'';64;1;50;1;3;3;20210522;11.24;30.35;149
2186159;Jan;KOZAKIEWICZ;m;19960224;POL;b'';64;1;50;1;3;3;20210522;13.82;30.23;150
197;Ilya;SHYMANOVICH;m;19940802;BLR;b'';64;1;50;1;3;3;20210522;12.56;29.35;151
196;Adam;PEATY;m;19941228;GBR;b'';64;1;50;1;3;3;20210522;15.6;30.22;152
195;Nicolo;MARTINENGHI;m;19990801;ITA;b'';64;1;50;1;3;3;20210522;14.24;30.19;153
194;Alessandro;PINZUTTI;m;19990510;ITA;b'';64;1;50;1;3;3;20210522;12.79;30.31;154
193;Lucas;MATZERATH;m;20000503;GER;b'';64;1;50;1;3;3;20210522;6.26;30.77;155
192;Tatiana;BELONOGOFF;f;20010716;RUS;b'';65;1;50;1;3;3;20210523;21.29;23.54;156
190;Ida;HULKKO;f;19981212;FIN;b'';65;1;50;1;3;3;20210523;14.25;23.56;158
189;Yuliya;EFIMOVA;f;19920403;RUS;b'';65;1;50;1;3;3;20210523;10.64;23.18;159
188;Benedetta;PILATO;f;20050118;ITA;b'';65;1;50;1;3;3;20210523;13.53;23.01;160
187;Sarah;VASEY;f;19960829;GBR;b'';65;1;50;1;3;3;20210523;21.85;23.08;161
1879107;Arianna;CASTIGLIONI;f;19970815;ITA;b'';65;1;50;1;3;3;20210523;19.16;23.0;162
185;Veera;KIVIRINTA;f;19950406;FIN;b'';65;1;50;1;3;3;20210523;15.4;23.14;163
2672695;Benjamin;PROUD;m;19940921;GBR;b'';58;1;50;1;4;3;20210523;2.5;23.09;164
231;Ari-Pekka;LIUKKONEN;m;19890209;FIN;b'';58;1;50;1;4;3;20210523;13.7;27.85;165
232;Kristian;GKOLOMEEV;m;19930704;GRE;b'';58;1;50;1;4;3;20210523;11.1;27.9;166
233;Thom;DE BOER;m;19911224;NED;b'';58;1;50;1;4;3;20210523;15.1;27.46;167
218;Alessandro;MIRESSI;m;19981002;ITA;b'';58;1;50;1;4;3;20210523;20.76;27.36;168
215;Freya;ANDERSON;f;20010304;GBR;b'';50;1;50;2;4;3;20210522;19.35;27.74;169
216;Signe;BRO;f;19990305;DEN;b'';50;1;50;2;4;3;20210522;20.07;28.16;170
43;Ranomi;KROMOWIDJOJO;f;19900820;NED;b'';50;1;50;2;4;3;20210522;5.52;28.01;171
2291767;Femke;HEEMSKERK;f;19870921;NED;b'';50;1;50;2;4;3;20210522;9.22;21.92;172
50;Barbora;SEEMANOVA;f;20000401;CZE;b'';50;1;50;2;4;3;20210522;16.49;21.69;173
48;Anna;HOPKIN;f;19960424;GBR;b'';50;1;50;2;4;3;20210522;11.55;21.61;174
49;Michelle;COLEMAN;f;19931031;SWE;b'';50;1;50;2;4;3;20210522;16.96;21.73;175
217;David;POPOVICI;m;20040915;ROU;b'';23;1;50;2;4;3;20210519;15.93;21.8;176
35;Kliment;KOLESNIKOV;m;20000709;RUS;b'';23;1;50;2;4;3;20210519;17.19;22.19;177
218;Alessandro;MIRESSI;m;19981002;ITA;b'';23;1;50;2;4;3;20210519;25.48;58.1;178
219;Nandor;NEMETH;m;19991119;HUN;b'';23;1;50;2;4;3;20210519;5.86;57.65;180
220;Roman;MITYUKOV;m;20000730;SUI;b'';23;1;50;2;4;3;20210519;11.26;57.56;181
221;Thomas;DEAN;m;20000502;GBR;b'';23;1;50;2;4;3;20210519;9.48;57.37;182
234;Anastasiya;SHKURDAI;f;20030103;BLR;b'';16;1;50;2;1;3;20210518;13.64;58.05;183
204;Arina;SURKOVA;f;19980717;RUS;b'';16;1;50;2;1;3;20210518;5.52;58.41;184
235;Svetlana;CHIMROVA;f;19960415;RUS;b'';16;1;50;2;1;3;20210518;4.98;58.21;185
236;Louise;HANSSON;f;19961124;SWE;b'';16;1;50;2;1;3;20210518;29.11;53.56;186
201;Anna;NTOUNTOUNAKI;f;19950909;GRE;b'';16;1;50;2;1;3;20210518;5.89;53.69;187
237;Elena;DI LIDDO;f;19930908;ITA;b'';16;1;50;2;1;3;20210518;8.87;53.44;188
238;Ilaria;BIANCHI;f;19900106;ITA;b'';16;1;50;2;1;3;20210518;3.19;53.05;189
222;Cassie;WILD;f;20000612;GBR;b'';66;1;50;1;2;3;20210519;14.56;53.74;190
223;Caroline;PILHATSCH;f;19990301;AUT;b'';66;1;50;1;2;3;20210519;14.46;53.43;191
224;Anastasia;FESIKOVA;f;19900508;RUS;b'';66;1;50;1;2;3;20210519;4.37;54.15;192
225;Kathleen;DAWSON;f;19971003;GBR;b'';66;1;50;1;2;3;20210519;7.05;48.08;193
226;Kira;TOUSSAINT;f;19940522;NED;b'';66;1;50;1;2;3;20210519;9.1;47.37;194
202;Maaike;DE WAARD;f;19961011;NED;b'';66;1;50;1;2;3;20210519;15.23;47.45;195
227;Mimosa;JALLOW;f;19940617;FIN;b'';66;1;50;1;2;3;20210519;9.25;47.74;196
228;Julie Kepp;JENSEN;f;20000103;DEN;b'';66;1;50;1;2;3;20210519;14.24;47.84;197
229;Lorenzo;ZAZZERI;m;19940809;ITA;b'';58;1;50;1;4;3;20210523;15.56;48.47;198
248;Berkay Oemer;OEGRETIR;m;19980216;TUR;b'';67;1;50;2;3;3;20210518;8.39;48.3;199
194;Alessandro;PINZUTTI;m;19990510;ITA;b'';67;1;50;2;3;3;20210518;18.83;51.43;200
199;Arno;KAMMINGA;m;19951022;NED;b'';67;1;50;2;3;3;20210518;15.8;51.45;201
196;Adam;PEATY;m;19941228;GBR;b'';67;1;50;2;3;3;20210518;9.29;50.93;202
195;Nicolo;MARTINENGHI;m;19990801;ITA;b'';67;1;50;2;3;3;20210518;15.52;50.18;203
249;James;WILBY;m;19931112;GBR;b'';67;1;50;2;3;3;20210518;7.21;50.99;204
197;Ilya;SHYMANOVICH;m;19940802;BLR;b'';67;1;50;2;3;3;20210518;17.37;51.11;205
250;Andrius;SIDLAUSKAS;m;19970605;LTU;b'';67;1;50;2;3;3;20210518;17.94;51.86;206
208;Thomas;CECCON;m;20010127;ITA;b'';31;1;50;2;2;3;20210520;9.67;51.39;207
37;Hugo;GONZALEZ DE OLIVEIRA;m;19990219;ESP;b'';31;1;50;2;2;3;20210520;15.67;53.02;208
36;Robert-Andrei;GLINTA;m;19970418;ROU;b'';31;1;50;2;2;3;20210520;13.83;52.9;209
38;Apostolos;CHRISTOU;m;19961101;GRE;b'';31;1;50;2;2;3;20210520;10.09;52.88;210
246;Evgeny;RYLOV;m;19960923;RUS;b'';31;1;50;2;2;3;20210520;14.74;52.97;211
247;Luke;GREENBANK;m;19970917;GBR;b'';31;1;50;2;2;3;20210520;16.89;53.51;212
239;Mikhail;VEKOVISCHCHEV;m;19980805;RUS;b'';68;1;50;2;1;3;20210529;6.74;53.34;213
240;Noe;PONTI;m;20010601;SUI;b'';68;1;50;2;1;3;20210529;17.37;59.52;214
241;Josif;MILADINOV;m;20030623;BUL;b'';68;1;50;2;1;3;20210529;12.59;59.5;215
242;Kristof;MILAK;m;20000220;HUN;b'';68;1;50;2;1;3;20210529;4.68;58.1;216
243;James;GUY;m;19951126;GBR;b'';68;1;50;2;1;3;20210529;12.48;57.66;217
244;Jakub;MAJERSKI;m;20000818;POL;b'';68;1;50;2;1;3;20210529;12.19;58.94;218
212;Szebasztian;SZABO;m;19960311;HUN;b'';68;1;50;2;1;3;20210529;12.49;58.58;219
245;Federico;BURDISSO;m;20010920;ITA;b'';68;1;50;2;1;3;20210529;13.33;58.75;220
287;Abbie;WOOD;f;19990302;GBR;b'';54;1;50;3;5;3;20210522;3.26;59.31;221
288;Ilaria;CUSINATO;f;19991005;ITA;b'';54;1;50;3;5;3;20210522;18.06;115.69;222
289;Anastasia;GORBENKO;f;20030807;ISR;b'';54;1;50;3;5;3;20210522;14.65;115.18;223
290;Katinka;HOSSZU;f;19890503;HUN;b'';54;1;50;3;5;3;20210522;5.47;114.28;224
1313951;Maria;UGOLKOVA;f;19890718;SUI;b'';54;1;50;3;5;3;20210522;13.93;114.43;225
292;Sara;FRANCESCHI;f;19990201;ITA;b'';54;1;50;3;5;3;20210522;16.01;111.1;226
293;Dalma;SEBESTYEN;f;19970123;HUN;b'';54;1;50;3;5;3;20210522;16.53;114.5;227
275;Laszlo;CSEH;m;19851203;HUN;b'';69;1;50;3;5;3;20210520;16.41;116.69;228
37;Hugo;GONZALEZ DE OLIVEIRA;m;19990219;ESP;b'';69;1;50;3;5;3;20210520;5.35;116.33;229
1506752;Jérémy;DESPLANCHES;m;19940807;SUI;b'';69;1;50;3;5;3;20210520;12.44;118.56;230
277;Hubert;KOS;m;20030328;HUN;b'';69;1;50;3;5;3;20210520;10.55;116.67;231
278;Alberto;RAZZETTI;m;19990602;ITA;b'';69;1;50;3;5;3;20210520;13.33;114.62;232
271;Duncan W;SCOTT;m;19970506;GBR;b'';69;1;50;3;5;3;20210520;24.54;114.46;233
279;Max;LITCHFIELD;m;19950304;GBR;b'';69;1;50;3;5;3;20210520;20.93;116.33;234
280;Andreas;VAZAIOS;m;19940509;GRE;b'';69;1;50;3;5;3;20210520;8.01;117.05;235
249;James;WILBY;m;19931112;GBR;b'';70;1;50;3;3;3;20210520;20.61;130.34;236
259;Ross;MURDOCH;m;19940114;GBR;b'';70;1;50;3;3;3;20210520;9.35;128.58;237
260;Matti;MATTSSON;m;19931005;FIN;b'';70;1;50;3;3;3;20210520;4.71;128.48;238
2888573;Erik;PERSSON;m;19940112;SWE;b'';70;1;50;3;3;3;20210520;11.15;127.66;239
262;Anton;CHUPKOV;m;19970222;RUS;b'';70;1;50;3;3;3;20210520;9.21;126.99;240
199;Arno;KAMMINGA;m;19951022;NED;b'';70;1;50;3;3;3;20210520;8.29;127.35;241
200;Kirill;PRIGODA;m;19951229;RUS;b'';70;1;50;3;3;3;20210520;13.05;129.23;242
263;Caspar;CORBEAU;m;20010304;NED;b'';70;1;50;3;3;3;20210520;7.93;129.73;243
256;Jakub;SKIERKA;m;19981004;POL;b'';53;1;50;3;2;3;20210522;5.29;118.48;244
257;Adam;TELEGDY;m;19951101;HUN;b'';53;1;50;3;2;3;20210522;13.34;118.78;245
247;Luke;GREENBANK;m;19970917;GBR;b'';53;1;50;3;2;3;20210522;11.26;116.29;246
246;Evgeny;RYLOV;m;19960923;RUS;b'';53;1;50;3;2;3;20210522;14.45;116.27;247
220;Roman;MITYUKOV;m;20000730;SUI;b'';53;1;50;3;2;3;20210522;10.29;116.42;248
2204443;Radoslaw;KAWECKI;m;19910816;POL;b'';53;1;50;3;2;3;20210522;15.73;118.76;249
264;Andrea;MUREZ;f;19920129;ISR;b'';71;1;50;3;4;3;20210521;1.72;119.36;250
1333493;Valentine;DUMONT;f;20000702;BEL;b'';71;1;50;3;4;3;20210521;8.74;105.74;251
266;Federica;PELLEGRINI;f;19880805;ITA;b'';71;1;50;3;4;3;20210521;14.74;106.1;252
50;Barbora;SEEMANOVA;f;20000401;CZE;b'';34;1;50;3;4;3;20210520;14.69;105.34;253
215;Freya;ANDERSON;f;20010304;GBR;b'';71;1;50;3;4;3;20210521;16.15;104.79;254
267;Katja;FAIN;f;20010831;SLO;b'';71;1;50;3;4;3;20210521;19.46;105.19;255
268;Julia;MROZINSKI;f;20000216;GER;b'';71;1;50;3;4;3;20210521;17.26;105.72;256
242;Kristof;MILAK;m;20000220;HUN;b'';72;1;50;3;4;3;20210522;17.63;107.34;257
269;Antonio;DJAKOVIC;m;20021008;SUI;b'';72;1;50;3;4;3;20210522;10.45;107.66;258
221;Thomas;DEAN;m;20000502;GBR;b'';72;1;50;3;4;3;20210522;12.45;130.03;259
270;Martin;MALYUTIN;m;19990705;RUS;b'';72;1;50;3;4;3;20210522;4.52;131.7;260
271;Duncan W;SCOTT;m;19970506;GBR;b'';72;1;50;3;4;3;20210522;14.32;129.99;261
272;Danas;RAPSYS;m;19950521;LTU;b'';72;1;50;3;4;3;20210522;14.8;130.12;262
273;Robin;HANSON;m;20010402;SWE;b'';72;1;50;3;4;3;20210522;6.74;130.76;263
274;Velimir;STJEPANOVIC;m;19930807;SRB;b'';72;1;50;3;4;3;20210522;14.15;130.65;264
251;Louis;CROENEN;m;19940103;BEL;b'';73;1;50;3;1;3;20210519;5.47;132.42;265
240;Noe;PONTI;m;20010601;SUI;b'';73;1;50;3;1;3;20210519;22.79;118.04;266
245;Federico;BURDISSO;m;20010920;ITA;b'';73;1;50;3;1;3;20210519;7.72;116.76;267
252;Tamas;KENDERESI;m;19961213;HUN;b'';73;1;50;3;1;3;20210519;15.39;116.95;268
242;Kristof;MILAK;m;20000220;HUN;b'';73;1;50;3;1;3;20210519;13.3;118.12;269
253;Antani;IVANOV;m;19990717;BUL;b'';73;1;50;3;1;3;20210519;10.34;117.25;270
254;Giacomo;CARINI;m;19970702;ITA;b'';73;1;50;3;1;3;20210519;15.88;118.18;271
255;Alexander;KUDASHEV;m;19951205;RUS;b'';73;1;50;3;1;3;20210519;16.49;118.52;272
294;Zoe;VOGELMANN;f;20030921;GER;b'';74;1;50;4;5;3;20210517;4.02;118.35;273
295;Anja;CREVAR;f;20000524;SRB;b'';74;1;50;4;5;3;20210517;0.0;285.61;274
296;Aimee;WILLMOTT;f;19930226;GBR;b'';74;1;50;4;5;3;20210517;0.0;280.84;275
290;Katinka;HOSSZU;f;19890503;HUN;b'';74;1;50;4;5;3;20210517;0.0;276.81;276
297;Viktoria;MIHALYVARI-FARKAS;f;20031126;HUN;b'';74;1;50;4;5;3;20210517;0.0;274.76;277
288;Ilaria;CUSINATO;f;19991005;ITA;b'';74;1;50;4;5;3;20210517;0.0;276.81;278
298;Catalina;CORRO LORENTE;f;19950414;ESP;b'';74;1;50;4;5;3;20210517;0.0;278.08;279
292;Sara;FRANCESCHI;f;19990201;ITA;b'';74;1;50;4;5;3;20210517;0.0;286.03;280
281;Pier Andrea;MATTEAZZI;m;19971205;ITA;b'';75;1;50;4;5;3;20210523;0.0;280.74;281
278;Alberto;RAZZETTI;m;19990602;ITA;b'';75;1;50;4;5;3;20210523;24.37;252.79;282
279;Max;LITCHFIELD;m;19950304;GBR;b'';75;1;50;4;5;3;20210523;17.95;251.17;283
1760402;David;VERRASZTO;m;19880822;HUN;b'';75;1;50;4;5;3;20210523;19.4;251.56;284
284;Joan Lluis;PONS RAMON;m;19961209;ESP;b'';75;1;50;4;5;3;20210523;21.73;254.33;286
285;Ilya;BORODIN;m;20030214;RUS;b'';75;1;50;4;5;3;20210523;17.61;256.75;287
286;Maxim;STUPIN;m;20000511;RUS;b'';75;1;50;4;5;3;20210523;20.51;250.02;288
217;David;POPOVICI;m;20040915;ROU;b'';76;2;50;2;4;2;20210708;0.0;257.06;289
217;David;POPOVICI;m;20040915;ROU;b'';78;2;50;1;4;2;20210713;10.91;22.37;291
217;David;POPOVICI;m;20040915;ROU;b'';79;2;50;1;4;3;20210714;9.84;22.75;292
217;David;POPOVICI;m;20040915;ROU;b'';80;2;50;2;4;1;20210719;11.95;22.22;293
217;David;POPOVICI;m;20040915;ROU;b'';81;2;50;3;4;2;20210710;9.37;49.5;294
217;David;POPOVICI;m;20040915;ROU;b'';82;2;50;3;4;3;20210713;7.29;48.08;295
217;David;POPOVICI;m;20040915;ROU;b'';83;2;50;3;4;1;20210718;13.16;47.3;296
217;David;POPOVICI;m;20040915;ROU;b'';84;2;50;1;4;1;20210716;9.46;110.01;297
217;David;POPOVICI;m;20040915;ROU;b'';85;2;50;8;4;1;20210707;7.56;105.26;298
217;David;POPOVICI;m;20040915;ROU;b'';86;2;50;8;4;3;20210708;12.85;105.95;299
217;David;POPOVICI;m;20040915;ROU;b'';15;1;50;2;4;2;20210518;6.69;48.32;300
217;David;POPOVICI;m;20040915;ROU;b'';12;1;50;2;4;1;20210518;7.6;47.56;301
1683523;David;AUBRY;m;19960101;FRA;MONTPELLIER METROPOLE NATATION;87;3;50;4;4;1;20210724;6.47;48.28;302
632125;Fantine;LESAFFRE;f;19941110;FRA;b'';88;3;50;4;5;1;20210724;11.59;48.3;303
1376245;Léon;MARCHAND;m;20020101;FRA;DAUPHINS TOULOUSE OEC;88;3;50;4;5;1;20210724;20.17;252.15;304
961314;Marie;WATTEL;f;19970101;FRA;CN MARSEILLE;89;3;50;2;1;1;20210724;6.99;250.09;305
472571;Beryl;GASTALDELLO;f;19950216;FRA;b'';90;3;50;8;4;1;20210724;3.8;57.08;306
720557;Charlotte;BONNET;f;19950101;FRA;OLYMPIC NICE NATATION;90;3;50;8;4;1;20210724;4.66;60.75;307
600630;Margaux;FABRE;f;19920101;FRA;CANET 66 NATATION;90;3;50;8;4;1;20210724;4.06;235.01;308
622289;Anouchka;MARTIN;f;19930101;FRA;CN MARSEILLE;90;3;50;8;4;1;20210724;6.81;281.98;309
1076939;Theo;BUSSIERE;m;19950101;FRA;CN MARSEILLE;91;3;50;2;3;1;20210724;12.38;54.28;310
1376245;Léon;MARCHAND;m;20020101;FRA;DAUPHINS TOULOUSE OEC;92;3;50;4;5;3;20210725;66.67;53.05;311
961314;Marie;WATTEL;f;19970101;FRA;CN MARSEILLE;93;3;50;2;1;2;20210725;119.73;54.83;312
313;Emma;MCKEON;f;19940524;AUS;b'';93;3;50;2;1;2;20210725;174.55;54.45;313
316;Torri;HUSKE;f;20021207;USA;b'';93;3;50;2;1;2;20210725;7.35;56.16;314
236;Louise;HANSSON;f;19961124;SWE;b'';93;3;50;2;1;2;20210725;2.35;251.22;315
312;Yufei;ZHANG;f;19980419;CHN;b'';93;3;50;2;1;2;20210725;7.33;56.33;316
1579632;Sarah;SJOESTROEM;f;19930817;SWE;b'';93;3;50;2;1;2;20210725;7.33;56.51;317
319;Margaret;MACNEIL;f;20000226;CAN;b'';93;3;50;2;1;2;20210725;7.34;56.92;318
234;Anastasiya;SHKURDAI;f;20030103;BLR;b'';93;3;50;2;1;2;20210725;5.52;55.89;319
313;Emma;MCKEON;f;19940524;AUS;b'';94;3;50;8;4;3;20210725;5.53;56.4;320
335;Cate;CAMPBELL;f;19920520;AUS;b'';94;3;50;8;4;3;20210725;5.54;56.56;321
334;Kayla;SANCHEZ;f;20010407;CAN;b'';94;3;50;8;4;3;20210725;5.52;57.19;322
333;Penny;OLEKSIAK;f;20000613;CAN;b'';94;3;50;8;4;3;20210725;114.64;51.35;323
337;Erika;BROWN;f;19980827;USA;b'';94;3;50;8;4;3;20210725;165.98;52.24;324
336;Abbey;WEITZEIL;f;19961203;USA;b'';94;3;50;8;4;3;20210725;8.51;53.42;325
1727717;Pernille;BLUME;f;19940514;DEN;CN MARSEILLE;94;3;50;8;4;3;20210725;169.05;52.26;326
2291767;Femke;HEEMSKERK;f;19870921;NED;b'';94;3;50;8;4;3;20210725;8.54;54.02;327
43;Ranomi;KROMOWIDJOJO;f;19900820;NED;b'';94;3;50;8;4;3;20210725;62.56;52.68;328
48;Anna;HOPKIN;f;19960424;GBR;b'';94;3;50;8;4;3;20210725;0.0;52.87;329
215;Freya;ANDERSON;f;20010304;GBR;b'';94;3;50;8;4;3;20210725;170.2;52.05;330
216;Signe;BRO;f;19990305;DEN;b'';94;3;50;8;4;3;20210725;0.0;53.16;331
1579632;Sarah;SJOESTROEM;f;19930817;SWE;b'';94;3;50;8;4;3;20210725;0.0;52.84;332
49;Michelle;COLEMAN;f;19931031;SWE;b'';94;3;50;8;4;3;20210725;0.0;52.62;333
338;Qingfeng;WU;f;20030128;CHN;b'';94;3;50;8;4;3;20210725;0.0;53.62;334
472571;Beryl;GASTALDELLO;f;19950216;FRA;b'';95;3;50;2;2;1;20210725;0.0;52.9;335
1025151;Jonathan;ATSU;m;19960101;FRA;DAUPHINS TOULOUSE OEC;96;3;50;3;4;1;20210725;8.53;53.07;336
713589;Jordan;POTHAIN;m;19940101;FRA;OLYMPIC NICE NATATION;96;3;50;3;4;1;20210725;0.0;53.78;337
1230332;Mewen;TOMAC;m;20010101;FRA;AMIENS METROPOLE NAT.;95;3;50;2;2;1;20210725;4.69;60.69;338
1172496;Yohann;NDOYE BROUARD;m;20000101;FRA;DAUPHINS D'ANNECY;95;3;50;2;2;1;20210725;5.62;53.13;339
70779;Clément;MIGNON;m;20130315;b'';b'';97;3;50;8;4;1;20210725;5.57;53.49;340
842444;Maxime;GROUSSET;m;19990101;FRA;AMIENS METROPOLE NAT.;97;3;50;8;4;1;20210725;3.9;48.58;341
1020299;Charles;RIHOUX;m;19980101;FRA;OLYMPIC NICE NATATION;97;3;50;8;4;1;20210725;52.47;47.41;342
319802;Mehdy;METELLA;m;19920101;FRA;CN MARSEILLE;97;3;50;8;4;1;20210725;99.91;48.27;343
961314;Marie;WATTEL;f;19970101;FRA;CN MARSEILLE;98;3;50;2;1;3;20210726;148.19;48.09;344
1230332;Mewen;TOMAC;m;20010101;FRA;AMIENS METROPOLE NAT.;99;3;50;2;2;2;20210726;15.85;107.75;345
842444;Maxime;GROUSSET;m;19990101;FRA;AMIENS METROPOLE NAT.;100;3;50;8;4;3;20210726;7.76;106.75;346
158014;Florent;MANAUDOU;m;19900101;FRA;CN MARSEILLE;100;3;50;8;4;3;20210726;4.62;56.27;347
70779;Clément;MIGNON;m;20130315;b'';b'';100;3;50;8;4;3;20210726;4.59;53.62;348
319802;Mehdy;METELLA;m;19920101;FRA;CN MARSEILLE;100;3;50;8;4;3;20210726;6.37;47.52;349
720557;Charlotte;BONNET;f;19950101;FRA;OLYMPIC NICE NATATION;101;3;50;3;4;1;20210726;53.91;47.62;350
1376245;Léon;MARCHAND;m;20020101;FRA;DAUPHINS TOULOUSE OEC;102;3;50;3;1;1;20210726;101.53;48.01;351
1085477;Cyrielle;DUHAMEL;f;20000101;FRA;STADE BÉTHUNE PÉLICAN CLUB;103;3;50;3;5;1;20210726;149.54;47.94;352
632125;Fantine;LESAFFRE;f;19941110;FRA;b'';103;3;50;3;5;1;20210726;8.56;116.88;353
1172496;Yohann;NDOYE BROUARD;m;20000101;FRA;DAUPHINS D'ANNECY;99;3;50;2;2;2;20210726;4.59;115.85;354
720557;Charlotte;BONNET;f;19950101;FRA;OLYMPIC NICE NATATION;104;3;50;3;4;2;20210727;5.18;134.2;355
1376245;Léon;MARCHAND;m;20020101;FRA;DAUPHINS TOULOUSE OEC;105;3;50;3;1;2;20210727;4.79;131.11;356
1085477;Cyrielle;DUHAMEL;f;20000101;FRA;STADE BÉTHUNE PÉLICAN CLUB;106;3;50;3;5;2;20210727;4.51;54.91;357
842444;Maxime;GROUSSET;m;19990101;FRA;AMIENS METROPOLE NAT.;107;3;50;2;4;1;20210727;3.94;117.35;358
319802;Mehdy;METELLA;m;19920101;FRA;CN MARSEILLE;107;3;50;2;4;1;20210727;10.66;115.68;359
764954;Antoine;VIQUERAT;m;19980101;FRA;DAUPHINS TOULOUSE OEC;108;3;50;3;3;1;20210727;7.92;130.84;360
713589;Jordan;POTHAIN;m;19940101;FRA;OLYMPIC NICE NATATION;109;3;50;9;4;1;20210727;2.66;48.25;361
1025151;Jonathan;ATSU;m;19960101;FRA;DAUPHINS TOULOUSE OEC;109;3;50;9;4;1;20210727;4.91;48.68;362
1155613;Enzo;TESIC;m;20000101;FRA;AMIENS METROPOLE NAT.;109;3;50;9;4;1;20210727;3.16;129.54;363
1255901;Hadrien;SALVAN;m;20130315;b'';b'';109;3;50;9;4;1;20210727;8.77;107.3;364
842444;Maxime;GROUSSET;m;19990101;FRA;AMIENS METROPOLE NAT.;110;3;50;2;4;2;20210728;116.02;108.09;365
299;Caeleb;DRESSEL;m;19960816;USA;b'';110;3;50;2;4;2;20210728;224.18;106.84;366
217;David;POPOVICI;m;20040915;ROU;b'';110;3;50;2;4;2;20210728;331.01;106.65;367
218;Alessandro;MIRESSI;m;19981002;ITA;b'';110;3;50;2;4;2;20210728;7.69;47.82;368
35;Kliment;KOLESNIKOV;m;20000709;RUS;b'';110;3;50;2;4;2;20210728;7.7;47.23;369
340;Kyle;CHALMERS;m;19980625;AUS;b'';110;3;50;2;4;2;20210728;7.68;47.52;370
219;Nandor;NEMETH;m;19991119;HUN;b'';110;3;50;2;4;2;20210728;7.71;47.72;371
764954;Antoine;VIQUERAT;m;19980101;FRA;DAUPHINS TOULOUSE OEC;111;3;50;3;3;2;20210728;8.03;47.11;372
347;Sunwoo;HWANG;m;20030521;KOR;b'';110;3;50;2;4;2;20210728;7.98;47.8;373
720557;Charlotte;BONNET;f;19950101;FRA;OLYMPIC NICE NATATION;112;3;50;2;4;1;20210728;8.01;47.81;374
961314;Marie;WATTEL;f;19970101;FRA;CN MARSEILLE;112;3;50;2;4;1;20210728;16.24;47.56;375
1172496;Yohann;NDOYE BROUARD;m;20000101;FRA;DAUPHINS D'ANNECY;113;3;50;3;2;1;20210728;3.21;129.97;376
1230332;Mewen;TOMAC;m;20010101;FRA;AMIENS METROPOLE NAT.;113;3;50;3;2;1;20210728;7.58;53.67;377
1376245;Léon;MARCHAND;m;20020101;FRA;DAUPHINS TOULOUSE OEC;114;3;50;3;5;1;20210728;6.62;53.71;378
720557;Charlotte;BONNET;f;19950101;FRA;OLYMPIC NICE NATATION;115;3;50;9;4;1;20210728;9.66;117.96;379
608455;Assia;TOUATI;f;19950101;FRA;DAUPHINS TOULOUSE OEC;115;3;50;9;4;1;20210728;9.7;119.02;380
1477472;Lucile;TESSARIOL;f;20040101;FRA;SA MÉRIGNAC;115;3;50;9;4;1;20210728;5.87;117.61;381
600630;Margaux;FABRE;f;19920101;FRA;CANET 66 NATATION;115;3;50;9;4;1;20210728;123.48;118.59;382
720557;Charlotte;BONNET;f;19950101;FRA;OLYMPIC NICE NATATION;116;3;50;2;4;2;20210729;242.2;119.39;383
961314;Marie;WATTEL;f;19970101;FRA;CN MARSEILLE;116;3;50;2;4;2;20210729;361.46;119.46;384
1172496;Yohann;NDOYE BROUARD;m;20000101;FRA;DAUPHINS D'ANNECY;117;3;50;3;2;2;20210729;4.93;118.3;385
842444;Maxime;GROUSSET;m;19990101;FRA;AMIENS METROPOLE NAT.;118;3;50;2;4;3;20210729;7.17;53.12;386
720557;Charlotte;BONNET;f;19950101;FRA;OLYMPIC NICE NATATION;119;3;50;9;4;3;20210729;6.35;54.1;387
608455;Assia;TOUATI;f;19950101;FRA;DAUPHINS TOULOUSE OEC;119;3;50;9;4;3;20210729;8.95;47.72;388
1477472;Lucile;TESSARIOL;f;20040101;FRA;SA MÉRIGNAC;119;3;50;9;4;3;20210729;11.66;116.83;389
600630;Margaux;FABRE;f;19920101;FRA;CANET 66 NATATION;119;3;50;9;4;3;20210729;8.65;118.08;390
319802;Mehdy;METELLA;m;19920101;FRA;CN MARSEILLE;120;3;50;2;1;1;20210729;126.77;118.82;391
319802;Mehdy;METELLA;m;19920101;FRA;CN MARSEILLE;121;3;50;2;1;2;20210730;245.6;120.86;392
842444;Maxime;GROUSSET;m;19990101;FRA;AMIENS METROPOLE NAT.;122;3;50;1;4;1;20210730;366.43;120.39;393
158014;Florent;MANAUDOU;m;19900101;FRA;CN MARSEILLE;122;3;50;1;4;1;20210730;6.1;51.53;394
629072;Mélanie;HENIQUE;f;19920101;FRA;CN MARSEILLE;122;3;50;1;4;1;20210730;3.5;51.32;395
961314;Marie;WATTEL;f;19970101;FRA;CN MARSEILLE;122;3;50;1;4;1;20210730;6.68;21.97;396
1727717;Pernille;BLUME;f;19940514;DEN;CN MARSEILLE;122;3;50;1;4;1;20210730;7.22;21.65;397
299;Caeleb;DRESSEL;m;19960816;USA;b'';122;3;50;1;4;1;20210730;5.96;24.82;398
232;Kristian;GKOLOMEEV;m;19930704;GRE;b'';122;3;50;1;4;1;20210730;5.96;24.12;399
301;Bruno;FRATUS;m;19890630;BRA;b'';122;3;50;1;4;1;20210730;4.14;24.69;400
348;Vladyslav;BUKHOV;m;20020705;UKR;b'';122;3;50;1;4;1;20210730;7.22;21.32;401
348;Vladyslav;BUKHOV;m;20020705;UKR;b'';122;3;50;1;4;1;20210730;6.82;21.66;402
233;Thom;DE BOER;m;19911224;NED;b'';122;3;50;1;4;1;20210730;6.67;21.67;403
35;Kliment;KOLESNIKOV;m;20000709;RUS;b'';122;3;50;1;4;1;20210730;4.6;21.73;405
302;Michael;ANDREW;m;19990418;USA;b'';122;3;50;1;4;1;20210730;6.67;21.75;406
300;Vladimir;MOROZOV;m;19920616;RUS;b'';122;3;50;1;4;1;20210730;7.22;21.86;407
1172496;Yohann;NDOYE BROUARD;m;20000101;FRA;DAUPHINS D'ANNECY;123;3;50;8;5;1;20210730;6.79;21.88;408
764954;Antoine;VIQUERAT;m;19980101;FRA;DAUPHINS TOULOUSE OEC;123;3;50;8;5;1;20210730;6.69;21.89;409
1376245;Léon;MARCHAND;m;20020101;FRA;DAUPHINS TOULOUSE OEC;123;3;50;8;5;1;20210730;6.79;21.92;410
319802;Mehdy;METELLA;m;19920101;FRA;CN MARSEILLE;123;3;50;8;5;1;20210730;14.21;52.77;411
158014;Florent;MANAUDOU;m;19900101;FRA;CN MARSEILLE;124;3;50;1;4;2;20210731;66.99;59.94;412
842444;Maxime;GROUSSET;m;19990101;FRA;AMIENS METROPOLE NAT.;124;3;50;1;4;2;20210731;126.94;52.05;413
299;Caeleb;DRESSEL;m;19960816;USA;b'';124;3;50;1;4;2;20210731;178.98;48.65;414
232;Kristian;GKOLOMEEV;m;19930704;GRE;b'';124;3;50;1;4;2;20210731;5.31;21.53;415
302;Michael;ANDREW;m;19990418;USA;b'';124;3;50;1;4;2;20210731;9.95;21.87;416
301;Bruno;FRATUS;m;19890630;BRA;b'';124;3;50;1;4;2;20210731;9.94;21.42;417
233;Thom;DE BOER;m;19911224;NED;b'';124;3;50;1;4;2;20210731;9.94;21.6;418
961314;Marie;WATTEL;f;19970101;FRA;CN MARSEILLE;124;3;50;1;4;2;20210731;9.93;21.67;419
629072;Mélanie;HENIQUE;f;19920101;FRA;CN MARSEILLE;124;3;50;1;4;2;20210731;5.76;24.76;420
1727717;Pernille;BLUME;f;19940514;DEN;CN MARSEILLE;124;3;50;1;4;2;20210731;6.76;24.63;421
229;Lorenzo;ZAZZERI;m;19940809;ITA;b'';124;3;50;1;4;2;20210731;5.76;24.08;422
2672695;Benjamin;PROUD;m;19940921;GBR;b'';124;3;50;1;4;2;20210731;5.28;21.6;423
158014;Florent;MANAUDOU;m;19900101;FRA;CN MARSEILLE;125;3;50;1;4;3;20210801;5.3;21.78;424
313;Emma;MCKEON;f;19940524;AUS;b'';125;3;50;1;4;3;20210801;45.08;21.75;425
1579632;Sarah;SJOESTROEM;f;19930817;SWE;b'';125;3;50;1;4;3;20210801;45.11;21.67;426
1727717;Pernille;BLUME;f;19940514;DEN;CN MARSEILLE;125;3;50;1;4;3;20210801;4.18;21.55;427
43;Ranomi;KROMOWIDJOJO;f;19900820;NED;b'';125;3;50;1;4;3;20210801;4.3;24.3;428
45;Katarzyna;WASICK;f;19920322;POL;b'';125;3;50;1;4;3;20210801;4.3;24.32;429
338;Qingfeng;WU;f;20030128;CHN;b'';125;3;50;1;4;3;20210801;4.31;24.07;430
335;Cate;CAMPBELL;f;19920520;AUS;b'';125;3;50;1;4;3;20210801;4.31;23.81;431
336;Abbey;WEITZEIL;f;19961203;USA;b'';125;3;50;1;4;3;20210801;4.32;24.21;432
299;Caeleb;DRESSEL;m;19960816;USA;b'';125;3;50;1;4;3;20210801;4.32;24.41;433
301;Bruno;FRATUS;m;19890630;BRA;b'';125;3;50;1;4;3;20210801;4.29;24.36;434
302;Michael;ANDREW;m;19990418;USA;b'';125;3;50;1;4;3;20210801;4.31;24.32;435
2672695;Benjamin;PROUD;m;19940921;GBR;b'';125;3;50;1;4;3;20210801;4.14;21.78;436
232;Kristian;GKOLOMEEV;m;19930704;GRE;b'';125;3;50;1;4;3;20210801;4.16;21.72;437
229;Lorenzo;ZAZZERI;m;19940809;ITA;b'';125;3;50;1;4;3;20210801;4.15;21.57;438
233;Thom;DE BOER;m;19911224;NED;b'';125;3;50;1;4;3;20210801;4.16;21.07;439
415;Lydia;JACOBY;f;20040228;USA;b'';127;3;50;2;3;3;20210727;4.16;21.72;440
472;Tatjana;SCHOENMAKER;f;19970709;RSA;b'';127;3;50;2;3;3;20210727;4.18;21.6;441
421;Lilly;KING;f;19970210;USA;b'';127;3;50;2;3;3;20210727;4.16;21.79;442
367;Evgeniia;CHIKUNOVA;f;20041117;RUS;b'';127;3;50;2;3;3;20210727;6.18;66.19;443
189;Yuliya;EFIMOVA;f;19920403;RUS;b'';127;3;50;2;3;3;20210727;6.19;66.02;444
191;Sophie;HANSSON;f;19980802;SWE;b'';127;3;50;2;3;3;20210727;6.18;64.95;445
364;Martina;CARRARO;f;19930621;ITA;b'';127;3;50;2;3;3;20210727;6.2;65.22;446
442;Mona;MC SHARRY;f;20000821;IRL;b'';127;3;50;2;3;3;20210727;6.16;65.54;447
196;Adam;PEATY;m;19941228;GBR;b'';128;3;50;2;3;3;20210726;6.18;66.07;448
199;Arno;KAMMINGA;m;19951022;NED;b'';128;3;50;2;3;3;20210726;6.22;65.9;449
195;Nicolo;MARTINENGHI;m;19990801;ITA;b'';128;3;50;2;3;3;20210726;6.18;66.94;450
302;Michael;ANDREW;m;19990418;USA;b'';128;3;50;2;3;3;20210726;6.13;59.36;451
249;James;WILBY;m;19931112;GBR;b'';128;3;50;2;3;3;20210726;6.1;58.84;452
1347062;Andrew;WILSON;m;19930916;USA;b'';128;3;50;2;3;3;20210726;6.12;58.33;453
197;Ilya;SHYMANOVICH;m;19940802;BLR;b'';128;3;50;2;3;3;20210726;6.09;57.37;454
502;Zibei;YAN;m;19951012;CHN;b'';128;3;50;2;3;3;20210726;6.11;58.0;455
444;Kaylee;MCKEOWN;f;20010712;AUS;b'';129;3;50;2;2;3;20210727;6.11;58.99;456
479;Regan;SMITH;f;20020209;USA;b'';129;3;50;2;2;3;20210727;6.13;58.99;458
496;Rhyan Elisabeth;WHITE;f;20000125;USA;b'';129;3;50;2;2;3;20210727;5.93;59.11;459
474;Emily;SEEBOHM;f;19920605;AUS;b'';129;3;50;2;2;3;20210727;5.91;58.7;460
225;Kathleen;DAWSON;f;19971003;GBR;b'';129;3;50;2;2;3;20210727;5.91;57.47;461
226;Kira;TOUSSAINT;f;19940522;NED;b'';129;3;50;2;2;3;20210727;5.92;58.05;462
289;Anastasia;GORBENKO;f;20030807;ISR;b'';129;3;50;2;2;3;20210727;5.93;57.72;463
246;Evgeny;RYLOV;m;19960923;RUS;b'';129;3;50;2;2;3;20210727;5.92;58.43;464
35;Kliment;KOLESNIKOV;m;20000709;RUS;b'';129;3;50;2;2;3;20210727;5.93;58.45;465
454;Ryan;MURPHY;m;19950702;USA;b'';129;3;50;2;2;3;20210727;5.94;59.53;466
208;Thomas;CECCON;m;20010127;ITA;b'';129;3;50;2;2;3;20210727;11.59;52.78;467
501;Jiayu;XU;m;19950819;CHN;b'';129;3;50;2;2;3;20210727;11.63;51.98;468
37;Hugo;GONZALEZ DE OLIVEIRA;m;19990219;ESP;b'';129;3;50;2;2;3;20210727;11.62;52.79;469
426;Mitch;LARKIN;m;20000709;AUS;b'';129;3;50;2;2;3;20210727;11.63;52.19;470
36;Robert-Andrei;GLINTA;m;19970418;ROU;b'';129;3;50;2;2;3;20210727;11.61;52.0;471
313;Emma;MCKEON;f;19940524;AUS;b'';130;3;50;2;4;3;20210730;11.62;52.3;472
403;Siobhan Bernadette;HAUGHEY;f;19971231;HKG;b'';130;3;50;2;4;3;20210730;11.63;52.51;473
335;Cate;CAMPBELL;f;19920520;AUS;b'';130;3;50;2;4;3;20210730;11.62;52.95;474
333;Penny;OLEKSIAK;f;20000613;CAN;b'';130;3;50;2;4;3;20210730;6.97;53.23;475
1579632;Sarah;SJOESTROEM;f;19930817;SWE;b'';130;3;50;2;4;3;20210730;6.98;52.59;476
2291767;Femke;HEEMSKERK;f;19870921;NED;b'';130;3;50;2;4;3;20210730;7.0;52.52;477
48;Anna;HOPKIN;f;19960424;GBR;b'';130;3;50;2;4;3;20210730;7.08;51.96;478
336;Abbey;WEITZEIL;f;19961203;USA;b'';130;3;50;2;4;3;20210730;6.99;52.27;479
299;Caeleb;DRESSEL;m;19960816;USA;b'';118;3;50;2;4;3;20210729;7.0;52.68;480
340;Kyle;CHALMERS;m;19980625;AUS;b'';118;3;50;2;4;3;20210729;7.01;52.79;481
35;Kliment;KOLESNIKOV;m;20000709;RUS;b'';118;3;50;2;4;3;20210729;6.99;52.83;482
347;Sunwoo;HWANG;m;20030521;KOR;b'';118;3;50;2;4;3;20210729;8.94;48.1;483
218;Alessandro;MIRESSI;m;19981002;ITA;b'';118;3;50;2;4;3;20210729;8.95;48.04;484
217;David;POPOVICI;m;20040915;ROU;b'';118;3;50;2;4;3;20210729;8.92;47.86;485
219;Nandor;NEMETH;m;19991119;HUN;b'';118;3;50;2;4;3;20210729;8.96;47.44;486
299;Caeleb;DRESSEL;m;19960816;USA;b'';131;3;50;2;1;3;20210731;8.96;47.02;487
242;Kristof;MILAK;m;20000220;HUN;b'';131;3;50;2;1;3;20210731;8.95;47.82;488
240;Noe;PONTI;m;20010601;SUI;b'';131;3;50;2;1;3;20210731;8.93;47.08;489
209;Andrei;MINAKOV;m;20020317;RUS;b'';131;3;50;2;1;3;20210731;3.22;50.92;490
244;Jakub;MAJERSKI;m;20000818;POL;b'';131;3;50;2;1;3;20210731;3.24;50.88;491
487;Matthew;TEMPLE;m;19990620;AUS;b'';131;3;50;2;1;3;20210731;3.23;50.74;492
437;Luis Carlos;MARTINEZ;m;19951211;GUA;b'';131;3;50;2;1;3;20210731;3.25;49.45;493
241;Josif;MILADINOV;m;20030623;BUL;b'';131;3;50;2;1;3;20210731;3.23;49.68;494
330;Yui;OHASHI;f;19951018;JPN;b'';132;3;50;3;5;3;20210728;3.23;51.49;495
492;Alex;WALSH;f;20010731;USA;b'';132;3;50;3;5;3;20210728;3.25;50.92;496
380;Kate;DOUGLASS;f;20011117;USA;b'';132;3;50;3;5;3;20210728;3.25;51.09;497
287;Abbie;WOOD;f;19990302;GBR;b'';132;3;50;3;5;3;20210728;6.05;132.38;498
327;Yiting;YU;f;20050905;CHN;b'';132;3;50;3;5;3;20210728;6.08;128.52;499
329;Sydney;PICKREM;f;19970521;CAN;b'';132;3;50;3;5;3;20210728;6.04;128.65;500
497;Alicia;WILSON;f;20000305;GBR;b'';132;3;50;3;5;3;20210728;6.05;129.15;502
308;Lewis;CLAREBURT;m;19990704;NZL;b'';133;3;50;3;5;3;20210730;6.06;129.57;503
1506752;Jérémy;DESPLANCHES;m;19940807;SUI;b'';133;3;50;3;5;3;20210730;6.12;58.96;504
304;Daiya;SETO;m;19940524;JAP;b'';133;3;50;3;5;3;20210730;6.14;130.05;505
306;Shun;WANG;m;19940211;CHN;b'';133;3;50;3;5;3;20210730;6.06;132.86;506
271;Duncan W;SCOTT;m;19970506;GBR;b'';133;3;50;3;5;3;20210730;6.15;117.7;507
302;Michael;ANDREW;m;19990418;USA;b'';133;3;50;3;5;3;20210730;6.14;116.17;508
399;Kosuke;HAGINO;m;19940815;JPN;b'';133;3;50;3;5;3;20210730;6.17;116.22;509
275;Laszlo;CSEH;m;19851203;HUN;b'';133;3;50;3;5;3;20210730;6.13;115.0;510
464;Molly;RENSHAW;f;19960506;GBR;b'';134;3;50;3;3;3;20210730;6.13;115.28;511
421;Lilly;KING;f;19970210;USA;b'';134;3;50;3;3;3;20210730;6.15;117.31;512
427;Annie;LAZOR;f;19940817;USA;b'';134;3;50;3;3;3;20210730;6.15;117.49;513
472;Tatjana;SCHOENMAKER;f;19970709;RSA;b'';134;3;50;3;3;3;20210730;6.16;117.68;514
367;Evgeniia;CHIKUNOVA;f;20041117;RUS;b'';134;3;50;3;3;3;20210730;6.07;129.04;515
373;Kaylene;CORBETT;f;19990615;RSA;b'';134;3;50;3;3;3;20210730;0.0;225.39;516
287;Abbie;WOOD;f;19990302;GBR;b'';134;3;50;3;3;3;20210730;0.0;223.52;517
896846;Fanny;LECLUYSE;f;19920311;BEL;b'';134;3;50;3;3;3;20210730;0.0;224.88;518
262;Anton;CHUPKOV;m;19970222;RUS;b'';135;3;50;3;3;3;20210729;2.08;224.07;519
260;Matti;MATTSSON;m;19931005;FIN;b'';135;3;50;3;3;3;20210729;0.0;224.07;520
199;Arno;KAMMINGA;m;19951022;NED;b'';135;3;50;3;3;3;20210729;0.0;-1.0;521
482;Izaac;STUBBLETY-COOK;m;19990104;AUS;b'';135;3;50;3;3;3;20210729;0.0;223.94;522
249;James;WILBY;m;19931112;GBR;b'';135;3;50;3;3;3;20210729;0.0;223.36;523
384;Nic;FINK;m;19930703;USA;b'';135;3;50;3;3;3;20210729;0.0;275.98;524
453;Ryuya;MURA;m;19960703;JPN;b'';135;3;50;3;3;3;20210729;0.0;274.9;525
2888573;Erik;PERSSON;m;19940112;SWE;b'';135;3;50;3;3;3;20210729;0.0;272.08;526
467;Taylor;RUCK;f;20000528;CAN;b'';137;3;50;3;2;3;20210731;0.0;272.76;527
444;Kaylee;MCKEOWN;f;20010712;AUS;b'';137;3;50;3;2;3;20210731;0.0;275.13;528
496;Rhyan Elisabeth;WHITE;f;20000125;USA;b'';137;3;50;3;2;3;20210731;0.0;277.75;529
474;Emily;SEEBOHM;f;19920605;AUS;b'';137;3;50;3;2;3;20210731;0.0;280.65;530
354;Phoebe;BACON;f;20020812;USA;b'';137;3;50;3;2;3;20210731;4.82;115.88;531
439;Kylie;MASSE;f;19960118;CAN;b'';137;3;50;3;2;3;20210731;4.84;114.52;532
433;Yaxin;LIU;f;19990616;CHN;b'';137;3;50;3;2;3;20210731;4.85;114.93;533
460;Xuwei;PENG;f;20030115;CHN;b'';137;3;50;3;2;3;20210731;4.84;111.25;534
2204443;Radoslaw;KAWECKI;m;19910816;POL;b'';138;3;50;3;2;3;20210730;4.85;115.19;535
388;Nicolas;GARCIA SAIZ;m;20020618;ESP;b'';138;3;50;3;2;3;20210730;4.83;114.45;536
454;Ryan;MURPHY;m;19950702;USA;b'';138;3;50;3;2;3;20210730;4.9;115.46;537
246;Evgeny;RYLOV;m;19960923;RUS;b'';138;3;50;3;2;3;20210730;4.85;113.73;538
247;Luke;GREENBANK;m;19970917;GBR;b'';138;3;50;3;2;3;20210730;3.55;127.7;539
257;Adam;TELEGDY;m;19951101;HUN;b'';138;3;50;3;2;3;20210730;3.59;127.85;540
446;Bryce;MEFFORD;m;19981003;USA;b'';138;3;50;3;2;3;20210730;3.57;126.53;541
414;Ryosuke;IRIE;m;19900124;JPN;b'';138;3;50;3;2;3;20210730;3.62;123.86;542
266;Federica;PELLEGRINI;f;19880805;ITA;b'';139;3;50;3;4;3;20210728;3.59;125.65;543
50;Barbora;SEEMANOVA;f;20000401;CZE;b'';139;3;50;3;4;3;20210728;3.55;125.3;544
430;Kathleen;LEDECKY;f;20070317;USA;b'';139;3;50;3;4;3;20210728;3.55;129.48;545
490;Ariarne;TITMUS;f;20000907;AUS;b'';139;3;50;3;4;3;20210728;3.57;127.9;546
403;Siobhan Bernadette;HAUGHEY;f;19971231;HKG;b'';139;3;50;3;4;3;20210728;7.95;104.68;547
503;Junxuan;YANG;f;20020126;CHN;b'';139;3;50;3;4;3;20210728;7.97;105.01;548
333;Penny;OLEKSIAK;f;20000613;CAN;b'';139;3;50;3;4;3;20210728;7.96;105.78;549
499;Madison;WILSON;f;19940531;AUS;b'';139;3;50;3;4;3;20210728;7.96;104.26;550
217;David;POPOVICI;m;20040915;ROU;b'';140;3;50;3;4;3;20210727;7.96;105.12;551
270;Martin;MALYUTIN;m;19990705;RUS;b'';140;3;50;3;4;3;20210727;7.97;104.22;552
272;Danas;RAPSYS;m;19950521;LTU;b'';140;3;50;3;4;3;20210727;7.97;105.26;553
271;Duncan W;SCOTT;m;19970506;GBR;b'';140;3;50;3;4;3;20210727;7.97;104.66;554
3330643;Kieran;SMITH;m;20000520;USA;b'';140;3;50;3;4;3;20210727;5.94;115.91;555
221;Thomas;DEAN;m;20000502;GBR;b'';140;3;50;3;4;3;20210727;5.95;115.45;556
347;Sunwoo;HWANG;m;20030521;KOR;b'';140;3;50;3;4;3;20210727;5.98;115.21;557
470;Fernando;SCHEFFER;m;19980406;BRA;b'';140;3;50;3;4;3;20210727;5.94;113.5;558
235;Svetlana;CHIMROVA;f;19960415;RUS;b'';141;3;50;3;1;3;20210729;5.95;113.92;559
504;Liyan;YU;f;20000601;CHN;b'';141;3;50;3;1;3;20210729;5.98;115.01;560
418;Boglarka;KAPAS;f;19930422;HUN;b'';141;3;50;3;1;3;20210729;5.95;114.7;561
312;Yufei;ZHANG;f;19980419;CHN;b'';141;3;50;3;1;3;20210729;5.96;116.39;562
331;Hali;FLICKINGER;f;19940707;USA;b'';141;3;50;3;1;3;20210729;8.26;116.39;563
479;Regan;SMITH;f;20020209;USA;b'';141;3;50;3;1;3;20210729;8.27;119.06;564
314;Brianna;THROSSEL;f;19960210;AUS;b'';141;3;50;3;1;3;20210729;8.26;114.15;565
488;Alys Margaret;THOMAS;f;19901010;GBR;b'';141;3;50;3;1;3;20210729;8.27;113.27;566
368;Krzysztof;CHMIELEWSKI;m;20040608;POL;b'';142;3;50;3;1;3;20210728;8.28;114.72;567
252;Tamas;KENDERESI;m;19961213;HUN;b'';142;3;50;3;1;3;20210728;8.26;116.15;568
428;Chad;LE CLOS;m;19920412;RSA;b'';142;3;50;3;1;3;20210728;8.27;115.49;569
242;Kristof;MILAK;m;20000220;HUN;b'';142;3;50;3;1;3;20210728;8.29;117.32;570
376;Leonardo;DE DEUS;m;19910118;BRA;b'';142;3;50;3;1;3;20210728;6.36;128.24;571
245;Federico;BURDISSO;m;20010920;ITA;b'';142;3;50;3;1;3;20210728;6.38;124.68;572
358;Gunnar;BENTZ;m;19960103;USA;b'';142;3;50;3;1;3;20210728;6.38;126.39;573
409;Tomoru;HONDA;m;20011231;JPN;b'';142;3;50;3;1;3;20210728;6.38;126.17;574
290;Katinka;HOSSZU;f;19890503;HUN;b'';92;3;50;4;5;3;20210725;6.38;126.4;575
331;Hali;FLICKINGER;f;19940707;USA;b'';92;3;50;4;5;3;20210725;6.39;125.42;576
330;Yui;OHASHI;f;19951018;JPN;b'';92;3;50;4;5;3;20210725;6.39;128.48;577
324;Emma;WEYANT;f;20011224;USA;b'';92;3;50;4;5;3;20210725;6.39;128.26;578
296;Aimee;WILLMOTT;f;19930226;GBR;b'';92;3;50;4;5;3;20210725;7.83;127.24;579
323;Mireia;BELMONTE;f;19901110;ESP;b'';92;3;50;4;5;3;20210725;7.84;127.13;580
297;Viktoria;MIHALYVARI-FARKAS;f;20031126;HUN;b'';92;3;50;4;5;3;20210725;7.84;127.01;581
288;Ilaria;CUSINATO;f;19991005;ITA;b'';92;3;50;4;5;3;20210725;7.82;126.38;582
450;Jake;MITCHELL;m;20011222;USA;b'';143;3;50;4;4;3;20210725;7.85;128.19;583
445;Jack;MCLOUGHLIN;m;19950201;AUS;b'';143;3;50;4;4;3;20210725;7.84;127.93;584
378;Gabriele;DETTI;m;19940829;ITA;b'';143;3;50;4;4;3;20210725;7.86;128.42;585
452;Henning Bennet;MUHLLEITNER;m;19970715;GER;b'';143;3;50;4;4;3;20210725;7.85;128.88;586
353;Felix;AUBOECK;m;19961219;AUT;b'';143;3;50;4;4;3;20210725;16.16;142.65;587
500;Elijah;WINNINGTON;m;20000505;AUS;b'';143;3;50;4;4;3;20210725;16.16;139.92;588
398;Ahmed;HAFNAOUI;m;20021204;TUN;b'';143;3;50;4;4;3;20210725;16.14;140.84;590
1683523;David;AUBRY;m;19960101;FRA;MONTPELLIER METROPOLE NATATION;144;3;50;5;4;1;20210727;16.19;138.95;591
236;Louise;HANSSON;f;19961124;SWE;b'';145;3;50;2;1;3;20210928;16.18;140.88;592
316;Torri;HUSKE;f;20021207;USA;b'';145;3;50;2;1;3;20210928;16.18;142.06;593
313;Emma;MCKEON;f;19940524;AUS;b'';145;3;50;2;1;3;20210928;16.17;143.72;594
312;Yufei;ZHANG;f;19980419;CHN;b'';145;3;50;2;1;3;20210928;16.17;144.57;595
1579632;Sarah;SJOESTROEM;f;19930817;SWE;b'';145;3;50;2;1;3;20210928;7.24;480.16;596
319;Margaret;MACNEIL;f;20000226;CAN;b'';145;3;50;2;1;3;20210928;43.24;56.22;597
234;Anastasiya;SHKURDAI;f;20030103;BLR;b'';145;3;50;2;1;3;20210928;43.22;55.73;598
278;Alberto;RAZZETTI;m;19990602;ITA;b'';146;3;50;4;5;3;20210928;43.21;55.72;599
309;Chase;KALISZ;m;19940307;USA;b'';146;3;50;4;5;3;20210928;43.23;55.64;600
476;Brendon;SMITH;m;20000704;AUS;b'';146;3;50;4;5;3;20210928;43.22;56.91;601
308;Lewis;CLAREBURT;m;19990704;NZL;b'';146;3;50;4;5;3;20210928;43.26;55.59;602
1760402;David;VERRASZTO;m;19880822;HUN;b'';146;3;50;4;5;3;20210928;43.22;57.05;603
305;Jay;LITHERLAND;m;19950824;USA;b'';146;3;50;4;5;3;20210928;0.0;251.32;604
279;Max;LITCHFIELD;m;19950304;GBR;b'';146;3;50;4;5;3;20210928;0.0;249.42;605
